lat,lon,año,elevacion_msnm,ndvi_m1,ndvi_m2,ndvi_m3,ndvi_m4,ndvi_m5,ndvi_m6,ndvi_m7,ndvi_m8,ndvi_m9,ndvi_m10,ndvi_m11,ndvi_m12,Bandera_Cultivo
13.781033173586993,-89.49800759609984,2016,538,0.5108830295522916,0.5108830295522916,0.5108830295522916,0.5108830295522916,0.5108830295522916,0.5108830295522916,0.5108830295522916,0.5108830295522916,0.5108830295522916,0.5108830295522916,0.5108830295522916,0.5108830295522916,Pastizal
13.781033173586993,-89.49800759609984,2017,538,0.4772689700776988,0.4039071631324094,0.428877368079597,0.4538475730267846,0.4788177779739722,0.5037879829211598,0.5287581878683474,0.553728392815535,0.5786985977627226,0.5716469297189948,0.5645952616752669,0.557543593631539,Pastizal
13.781033173586993,-89.49800759609984,2018,538,0.5022331741875866,0.4862118041597986,0.47019043413201056,0.45416906410422253,0.4381476940764345,0.4221263240486465,0.4919834264096559,0.5945231056480473,0.5921421889616464,0.5958366693354684,0.4828302188148858,0.4928137975087831,Pastizal
13.781033173586993,-89.49800759609984,2019,538,0.4245885119247564,0.3691605198454513,0.12502430488042,0.1535934291581109,0.21096989325316065,0.2683463573482104,0.32572282144326015,0.3830992855383099,0.5713162446925617,0.5299393962992023,0.4885625479058428,0.4471856995124834,Pastizal
13.781033173586993,-89.49800759609984,2020,538,0.4716839134524929,0.4716839134524929,0.4716839134524929,0.4716839134524929,0.4716839134524929,0.4716839134524929,0.4716839134524929,0.4952478432519374,0.2517985611510791,0.5346848273677542,0.5613577023498695,0.5213458181241073,Pastizal
13.781033173586993,-89.49800759609984,2021,538,0.4937130177514793,0.4937130177514793,0.4937130177514793,0.4937130177514793,0.4937130177514793,0.4937130177514793,0.42575842127549285,0.3578038247995064,0.4666899807658681,0.4578729281767956,0.1149791615592056,0.1495988673902784,Pastizal
13.781033173586993,-89.49800759609984,2022,538,0.6072939460247995,0.6072939460247995,0.6072939460247995,0.6072939460247995,0.6072939460247995,0.6072939460247995,0.6072939460247995,0.5943548727632424,0.5814157995016854,0.512480252764613,0.4992433159576256,0.4555971418849949,Cultivo Perenne (Café)
13.781033173586993,-89.49800759609984,2023,538,0.6187774783718621,0.6187774783718621,0.6187774783718621,0.6187774783718621,0.6187774783718621,0.6187774783718621,0.6187774783718621,0.6187774783718621,0.6187774783718621,0.0900832702498107,0.5812917594654788,0.5175480387486104,Cultivo Perenne (Café)
13.781033173586993,-89.49800759609984,2024,538,0.6030377139915047,0.6030377139915047,0.6030377139915047,0.6030377139915047,0.6030377139915047,0.6030377139915047,0.6030377139915047,0.6030377139915047,0.6030377139915047,0.5799161805579636,0.5567946471244225,0.54937106918239,Cultivo Perenne (Café)
13.781033173586993,-89.49800759609984,2025,538,0.616196254286468,0.616196254286468,0.616196254286468,0.616196254286468,0.616196254286468,0.616196254286468,0.616196254286468,0.616196254286468,0.616196254286468,0.5593372145096283,0.5723562152133581,0.5447592067988668,Cultivo Perenne (Café)
13.781220239974193,-89.47952243099162,2016,512,0.5076810534016094,0.5076810534016094,0.5076810534016094,0.5076810534016094,0.5076810534016094,0.5076810534016094,0.5076810534016094,0.5076810534016094,0.5076810534016094,0.5076810534016094,0.5076810534016094,0.5076810534016094,Pastizal
13.781220239974193,-89.47952243099162,2017,512,0.1924903867903189,0.0862341772151898,0.13218179401645078,0.17812941081771172,0.2240770276189727,0.27002464442023366,0.31597226122149463,0.3619198780227556,0.4078674948240166,0.40611988718801456,0.4043722795520125,0.4026246719160105,Pastizal
13.781220239974193,-89.47952243099162,2018,512,0.2657917760279965,0.32909063207314526,0.392389488118294,0.4556883441634427,0.5189872002085916,0.5822860562537403,0.5546482412060302,0.3820598006644518,0.5727080280084677,-0.0036174751878304,0.4541312272174969,0.4078719723183391,Pastizal
13.781220239974193,-89.47952243099162,2019,512,0.374617067833698,0.3037497226536498,0.2693984306887532,0.2623906705539358,0.26346776609252254,0.26454486163110924,0.26562195716969594,0.2666990527082827,0.5401918623883559,0.5423917949029425,0.5445917274175291,0.5467916599321158,Pastizal
13.781220239974193,-89.47952243099162,2020,512,0.5293312809988028,0.5293312809988028,0.5293312809988028,0.5293312809988028,0.5293312809988028,0.5293312809988028,0.5293312809988028,0.4755009507093755,0.5148105245738871,0.5730301089045484,0.5299017158087623,0.4962216624685138,Cultivo Perenne (Café)
13.781220239974193,-89.47952243099162,2021,512,0.539467680608365,0.539467680608365,0.539467680608365,0.539467680608365,0.539467680608365,0.539467680608365,0.4904727636697475,0.44147784673113,0.4682591623036649,0.5751344511230623,0.5285132382892057,0.355261106780982,Cultivo Perenne (Café)
13.781220239974193,-89.47952243099162,2022,512,0.5470578539640679,0.5470578539640679,0.5470578539640679,0.5470578539640679,0.5470578539640679,0.5470578539640679,0.5470578539640679,0.5221230387914948,0.4971882236189216,0.5367468906477144,0.534439416792358,0.4768722466960352,Cultivo Perenne (Café)
13.781220239974193,-89.47952243099162,2023,512,0.5324027916251246,0.5324027916251246,0.5324027916251246,0.5324027916251246,0.5324027916251246,0.5324027916251246,0.5324027916251246,0.5324027916251246,0.5324027916251246,0.5302383248381319,0.5759359162988393,0.4796861377506539,Cultivo Perenne (Café)
13.781220239974193,-89.47952243099162,2024,512,0.5006879682005809,0.5006879682005809,0.5006879682005809,0.5006879682005809,0.5006879682005809,0.5006879682005809,0.5006879682005809,0.5006879682005809,0.5006879682005809,0.5229090019483271,0.5451300356960734,0.5005413208228077,Pastizal
13.781220239974193,-89.47952243099162,2025,512,0.487758945386064,0.487758945386064,0.487758945386064,0.487758945386064,0.487758945386064,0.487758945386064,0.487758945386064,0.487758945386064,0.487758945386064,0.5789813023855577,0.4928163406612428,0.4349428676741614,Pastizal
13.781405920233976,-89.4610369914227,2016,458,0.5924142083082481,0.5924142083082481,0.5924142083082481,0.5924142083082481,0.5924142083082481,0.5924142083082481,0.5924142083082481,0.5924142083082481,0.5924142083082481,0.5924142083082481,0.5924142083082481,0.5924142083082481,Cultivo Perenne (Café)
13.781405920233976,-89.4610369914227,2017,458,0.3862024500322372,0.2878787878787879,0.31252186798937986,0.3371649480999719,0.36180802821056385,0.38645110832115587,0.41109418843174783,0.43573726854233985,0.4603803486529318,0.3549027071720556,0.24942506569117934,0.1439474242103031,Granos Básicos
13.781405920233976,-89.4610369914227,2018,458,0.3848439821693908,0.37800505586538274,0.37116612956137474,0.36432720325736667,0.35748827695335866,0.3506493506493506,0.4840776333144903,0.5958454253856729,0.4760647078243645,0.4106244175209692,0.4393426776220396,0.5933884297520661,Pastizal
13.781405920233976,-89.4610369914227,2019,458,0.1621983914209115,0.3257314974182444,0.3006134969325153,0.2007026789635485,0.16347824000204497,0.12625380104054146,0.08902936207903792,0.0518049231175344,0.227588083253979,0.15582549988066008,0.08406291650734118,0.0123003331340223,Granos Básicos
13.781405920233976,-89.4610369914227,2020,458,0.2538480332274615,0.2538480332274615,0.2538480332274615,0.2538480332274615,0.2538480332274615,0.2538480332274615,0.2538480332274615,0.2596864299873851,0.5092578185778746,0.4819444444444444,0.3445753758634701,0.4593976362943194,Pastizal
13.781405920233976,-89.4610369914227,2021,458,0.4169491525423728,0.4169491525423728,0.4169491525423728,0.4169491525423728,0.4169491525423728,0.4169491525423728,0.36213311285655225,0.3073170731707317,0.2416306080619449,0.4298717418287133,0.518498067366096,0.286080586080586,Pastizal
13.781405920233976,-89.4610369914227,2022,458,0.2292463442069741,0.2292463442069741,0.2292463442069741,0.2292463442069741,0.2292463442069741,0.2292463442069741,0.2292463442069741,0.34943976861581416,0.4696331930246542,0.5398058252427185,0.1574585635359116,0.5555555555555556,Pastizal
13.781405920233976,-89.4610369914227,2023,458,0.5294548115623856,0.5294548115623856,0.5294548115623856,0.5294548115623856,0.5294548115623856,0.5294548115623856,0.5294548115623856,0.5294548115623856,0.5294548115623856,0.1287190729721265,0.1397074411702353,0.5087585681645087,Pastizal
13.781405920233976,-89.4610369914227,2024,458,0.1865307930881701,0.1865307930881701,0.1865307930881701,0.1865307930881701,0.1865307930881701,0.1865307930881701,0.1865307930881701,0.1865307930881701,0.1865307930881701,0.2550052614089499,0.3234797297297297,0.5780235211514833,Pastizal
13.781405920233976,-89.4610369914227,2025,458,0.5773762765121759,0.5773762765121759,0.5773762765121759,0.5773762765121759,0.5773762765121759,0.5773762765121759,0.5773762765121759,0.5773762765121759,0.5773762765121759,0.2111136415395126,0.5028924026224451,0.6065311349447735,Cultivo Perenne (Café)
13.790253878627029,-89.47961780800689,2016,487,0.5485289144403112,0.5485289144403112,0.5485289144403112,0.5485289144403112,0.5485289144403112,0.5485289144403112,0.5485289144403112,0.5485289144403112,0.5485289144403112,0.5485289144403112,0.5485289144403112,0.5485289144403112,Cultivo Perenne (Café)
13.790253878627029,-89.47961780800689,2017,487,0.4526352652775345,0.1467522052927025,0.21191269440000976,0.277073183507317,0.34223367261462434,0.4073941617219316,0.47255465082923886,0.5377151399365462,0.6028756290438534,0.5947783410666564,0.5866810530894595,0.5785837651122625,Pastizal
13.790253878627029,-89.47961780800689,2018,487,0.5493736782170164,0.549340212414883,0.5493067466127496,0.5492732808106161,0.5492398150084827,0.5492063492063493,0.5815092165898618,0.6054208273894437,0.5963673057517659,0.0963678353978585,0.5167229211414545,0.5132605304212169,Cultivo Perenne (Café)
13.790253878627029,-89.47961780800689,2019,487,0.4687729610580455,0.4368825466520307,0.1198974139773455,0.2510402219140083,0.3478072793965422,0.4445743368790761,0.54134139436161,0.6381084518441439,0.585955710955711,0.5705631839546261,0.5551706569535413,0.5397781299524564,Pastizal
13.790253878627029,-89.47961780800689,2020,487,0.617579250720461,0.617579250720461,0.617579250720461,0.617579250720461,0.617579250720461,0.617579250720461,0.617579250720461,0.5634581553154059,0.5620052770448549,0.5152715865940234,0.5280744057871167,0.5376415722851432,Cultivo Perenne (Café)
13.790253878627029,-89.47961780800689,2021,487,0.4598404748655166,0.4598404748655166,0.4598404748655166,0.4598404748655166,0.4598404748655166,0.4598404748655166,0.4660313485438694,0.4722222222222222,0.5716182327776959,0.5510773523484731,0.5317073170731708,0.5164501434115066,Pastizal
13.790253878627029,-89.47961780800689,2022,487,0.443090193137071,0.443090193137071,0.443090193137071,0.443090193137071,0.443090193137071,0.443090193137071,0.443090193137071,0.49755642979693154,0.5520226664567921,0.5689951554930458,0.6008656670273612,0.6035055908129344,Pastizal
13.790253878627029,-89.47961780800689,2023,487,0.6212077434267552,0.6212077434267552,0.6212077434267552,0.6212077434267552,0.6212077434267552,0.6212077434267552,0.6212077434267552,0.6212077434267552,0.6212077434267552,0.0062111801242236,0.5739227935287522,0.5618892508143323,Cultivo Perenne (Café)
13.790253878627029,-89.47961780800689,2024,487,0.2016869728209934,0.2016869728209934,0.2016869728209934,0.2016869728209934,0.2016869728209934,0.2016869728209934,0.2016869728209934,0.2016869728209934,0.2016869728209934,0.3761096616766719,0.5505323505323505,0.5569990256576811,Pastizal
13.790253878627029,-89.47961780800689,2025,487,0.5638111888111889,0.5638111888111889,0.5638111888111889,0.5638111888111889,0.5638111888111889,0.5638111888111889,0.5638111888111889,0.5638111888111889,0.5638111888111889,0.5623952460764894,0.5499329758713136,0.5698161883263463,Cultivo Perenne (Café)
13.790346955327532,-89.47037476775775,2016,466,0.4943542695836274,0.4943542695836274,0.4943542695836274,0.4943542695836274,0.4943542695836274,0.4943542695836274,0.4943542695836274,0.4943542695836274,0.4943542695836274,0.4943542695836274,0.4943542695836274,0.4943542695836274,Pastizal
13.790346955327532,-89.47037476775775,2017,466,0.5313157468846091,0.4888259364180044,0.5076856328040644,0.5265453291901245,0.5454050255761845,0.5642647219622446,0.5831244183483046,0.6019841147343648,0.6208438111204247,0.5823823514866329,0.5439208918528411,0.5054594322190492,Cultivo Perenne (Café)
13.790346955327532,-89.47037476775775,2018,466,0.4448536538088777,0.44966252519424454,0.45447139657961144,0.4592802679649783,0.4640891393503452,0.468898010735712,0.4894087891242491,0.6189261935118289,0.6008140718127635,0.0148168348331969,0.4235201262825572,0.5369590840208789,Pastizal
13.790346955327532,-89.47037476775775,2019,466,0.5170998632010944,0.4846271445558009,0.4544264441171657,0.1374269005847953,0.241416302444877,0.34540570430495865,0.44939510616504036,0.5533845080251221,0.5623118603251054,0.544716161679206,0.5271204630333066,0.5095247643874072,Pastizal
13.790346955327532,-89.47037476775775,2020,466,0.3997429305912596,0.3997429305912596,0.3997429305912596,0.3997429305912596,0.3997429305912596,0.3997429305912596,0.3997429305912596,0.4384250209438704,0.2561533434981485,0.5918490566037736,0.5838595410442015,0.5678312873780296,Caña de Azúcar
13.790346955327532,-89.47037476775775,2021,466,0.5968367651447329,0.5968367651447329,0.5968367651447329,0.5968367651447329,0.5968367651447329,0.5968367651447329,0.5253503318226548,0.4538638985005767,0.6000580046403712,0.5704035874439461,0.5336856010568032,0.5199059297833025,Cultivo Perenne (Café)
13.790346955327532,-89.47037476775775,2022,466,0.4763075914084276,0.4763075914084276,0.4763075914084276,0.4763075914084276,0.4763075914084276,0.4763075914084276,0.4763075914084276,0.5455920495812959,0.6148765077541642,0.5781385908959119,0.5331261246523802,0.5128797886393659,Pastizal
13.790346955327532,-89.47037476775775,2023,466,0.6324385740661838,0.6324385740661838,0.6324385740661838,0.6324385740661838,0.6324385740661838,0.6324385740661838,0.6324385740661838,0.6324385740661838,0.6324385740661838,0.0384021061065644,0.590777217895862,0.5937169611841112,Cultivo Perenne (Café)
13.790346955327532,-89.47037476775775,2024,466,0.489098977426201,0.489098977426201,0.489098977426201,0.489098977426201,0.489098977426201,0.489098977426201,0.489098977426201,0.489098977426201,0.489098977426201,0.5346595491688437,0.5802201209114866,0.591313857209811,Cultivo Perenne (Café)
13.790346955327532,-89.47037476775775,2025,466,0.6409998743876397,0.6409998743876397,0.6409998743876397,0.6409998743876397,0.6409998743876397,0.6409998743876397,0.6409998743876397,0.6409998743876397,0.6409998743876397,0.5838544627629335,0.5747759081616607,0.5686463866087237,Cultivo Perenne (Café)
13.798816605175173,-89.5259291946881,2016,652,0.4296296296296296,0.4296296296296296,0.4296296296296296,0.4296296296296296,0.4296296296296296,0.4296296296296296,0.4296296296296296,0.4296296296296296,0.4296296296296296,0.4296296296296296,0.4296296296296296,0.4296296296296296,Pastizal
13.798816605175173,-89.5259291946881,2017,652,0.3582425835523845,0.3047332033327424,0.31012201542285256,0.3155108275129628,0.32089963960307294,0.32628845169318316,0.3316772637832933,0.33706607587340354,0.3424548879635137,0.36088892842427395,0.37932296888503414,0.3977570093457944,Pastizal
13.798816605175173,-89.5259291946881,2018,652,0.3133367225893916,0.32332212060518495,0.3333075186209783,0.3432929166367717,0.35327831465256504,0.3632637126683584,0.3831012070566388,0.4295352323838081,0.4414961636828644,0.0900929280201606,0.4779183081069874,0.3961464354527938,Pastizal
13.798816605175173,-89.5259291946881,2019,652,0.3392512543419529,0.2826987571513119,0.2751915144372422,0.2369729331614803,0.2200526565869728,0.2031323800124653,0.1862121034379578,0.1692918268634503,0.3698847834723878,0.3879525924308426,0.40602040138929746,0.4240882103477523,Pastizal
13.798816605175173,-89.5259291946881,2020,652,0.584250917584251,0.584250917584251,0.584250917584251,0.584250917584251,0.584250917584251,0.584250917584251,0.584250917584251,0.4693220090789281,-0.0324056829670622,0.6506454270804723,0.1785434612372748,0.1880628642062511,Cultivo Perenne (Café)
13.798816605175173,-89.5259291946881,2021,652,0.1355578727841501,0.1355578727841501,0.1355578727841501,0.1355578727841501,0.1355578727841501,0.1355578727841501,0.3300740183592882,0.5245901639344263,0.3625063851523923,0.6530051067172974,0.4898289828982898,0.1894080996884735,Pastizal
13.798816605175173,-89.5259291946881,2022,652,0.4363266229359873,0.4363266229359873,0.4363266229359873,0.4363266229359873,0.4363266229359873,0.4363266229359873,0.4363266229359873,0.3350341067069103,0.2337415904778333,0.5085748078060319,0.2827472753444376,0.1747264384045181,Granos Básicos
13.798816605175173,-89.5259291946881,2023,652,0.5644234020967196,0.5644234020967196,0.5644234020967196,0.5644234020967196,0.5644234020967196,0.5644234020967196,0.5644234020967196,0.5644234020967196,0.5644234020967196,0.0072808847258845,0.5921616656460502,0.5171962004585653,Cultivo Perenne (Café)
13.798816605175173,-89.5259291946881,2024,652,0.6232192783916922,0.6232192783916922,0.6232192783916922,0.6232192783916922,0.6232192783916922,0.6232192783916922,0.6232192783916922,0.6232192783916922,0.6232192783916922,0.5091620867482937,0.3951048951048951,0.1098409542743538,Cultivo Perenne (Café)
13.798816605175173,-89.5259291946881,2025,652,0.5187542315504401,0.5187542315504401,0.5187542315504401,0.5187542315504401,0.5187542315504401,0.5187542315504401,0.5187542315504401,0.5187542315504401,0.5187542315504401,0.5811704014186684,0.5143821308050779,0.1265289753358732,Pastizal
13.799287510008,-89.47971325364992,2016,502,0.5698440765150298,0.5698440765150298,0.5698440765150298,0.5698440765150298,0.5698440765150298,0.5698440765150298,0.5698440765150298,0.5698440765150298,0.5698440765150298,0.5698440765150298,0.5698440765150298,0.5698440765150298,Cultivo Perenne (Café)
13.799287510008,-89.47971325364992,2017,502,0.4978625452153897,0.1055644607281886,0.17191262141557256,0.23826078210295654,0.30460894279034045,0.3709571034777244,0.4373052641651084,0.5036534248524923,0.5700015855398763,0.551462244241196,0.5329229029425159,0.5143835616438356,Pastizal
13.799287510008,-89.47971325364992,2018,502,0.4811165845648604,0.4940744886100681,0.5070323926552758,0.5199902967004835,0.5329482007456912,0.5459061047908988,0.5837283988377427,0.594897802366682,0.5743412797992472,0.2907573812580231,0.4554110968687053,0.4986835176408636,Pastizal
13.799287510008,-89.47971325364992,2019,502,0.4746065808297568,0.1080962800875273,0.1682301438398999,0.2266609698782311,0.28098938491395875,0.33531779994968636,0.38964621498541396,0.4439746300211416,0.6250532594801875,0.5712763054789053,0.5174993514776229,0.4637223974763407,Pastizal
13.799287510008,-89.47971325364992,2020,502,0.5367270242569183,0.5367270242569183,0.5367270242569183,0.5367270242569183,0.5367270242569183,0.5367270242569183,0.5367270242569183,0.5049320181284991,0.6296770886724756,0.593049160849547,0.4657656055486395,0.4520897974082862,Pastizal
13.799287510008,-89.47971325364992,2021,502,0.5630645700903312,0.5630645700903312,0.5630645700903312,0.5630645700903312,0.5630645700903312,0.5630645700903312,0.5022567423934305,0.4414489146965298,0.5147573786893447,0.4971838197644649,0.4931984652947331,0.4567153544709654,Pastizal
13.799287510008,-89.47971325364992,2022,502,0.5798482157274342,0.5798482157274342,0.5798482157274342,0.5798482157274342,0.5798482157274342,0.5798482157274342,0.5798482157274342,0.6030875898170079,0.6263269639065817,0.5800359712230215,0.5244437225921715,0.4738472126634549,Cultivo Perenne (Café)
13.799287510008,-89.47971325364992,2023,502,0.6134652295880703,0.6134652295880703,0.6134652295880703,0.6134652295880703,0.6134652295880703,0.6134652295880703,0.6134652295880703,0.6134652295880703,0.6134652295880703,0.270481144343303,0.5382362512203059,0.4936666666666666,Cultivo Perenne (Café)
13.799287510008,-89.47971325364992,2024,502,0.6194321766561515,0.6194321766561515,0.6194321766561515,0.6194321766561515,0.6194321766561515,0.6194321766561515,0.6194321766561515,0.6194321766561515,0.6194321766561515,0.5899872430732838,0.5605423094904161,0.5487456335344554,Cultivo Perenne (Café)
13.799287510008,-89.47971325364992,2025,502,0.5144141761438773,0.5144141761438773,0.5144141761438773,0.5144141761438773,0.5144141761438773,0.5144141761438773,0.5144141761438773,0.5144141761438773,0.5144141761438773,0.5792019347037485,0.5182967398536261,0.4912962649991549,Pastizal
13.807944848591063,-89.51678308006865,2016,625,0.3474747474747475,0.3474747474747475,0.3474747474747475,0.3474747474747475,0.3474747474747475,0.3474747474747475,0.3474747474747475,0.3474747474747475,0.3474747474747475,0.3474747474747475,0.3474747474747475,0.3474747474747475,Pastizal
13.807944848591063,-89.51678308006865,2017,625,0.4293361884368308,0.1372793354101765,0.20427308261156008,0.2712668298129436,0.33826057701432716,0.4052543242157107,0.4722480714170943,0.5392418186184778,0.6062355658198614,0.5458879778987593,0.4855403899776573,0.4251928020565553,Pastizal
13.807944848591063,-89.51678308006865,2018,625,0.3844939207326701,0.39095093173438406,0.39740794273609803,0.40386495373781195,0.4103219647395259,0.4167789757412399,0.3674626352860333,0.4765147546708573,0.3144555147701451,0.4306010928961749,0.3394886363636363,0.3339909252318011,Pastizal
13.807944848591063,-89.51678308006865,2019,625,0.2447379281881964,0.2176224838587163,0.2167613080086156,0.1916202191043628,0.28430644615822465,0.3769926732120865,0.4696789002659483,0.5623651273198101,0.4235835581653706,0.3458360084738834,0.2680884587823963,0.1903409090909091,Pastizal
13.807944848591063,-89.51678308006865,2020,625,0.544200306591722,0.544200306591722,0.544200306591722,0.544200306591722,0.544200306591722,0.544200306591722,0.544200306591722,0.4902382782475019,0.0459192933631798,0.609985315712188,0.520279255319149,0.4223093371347113,Cultivo Perenne (Café)
13.807944848591063,-89.51678308006865,2021,625,0.4122582998905509,0.4122582998905509,0.4122582998905509,0.4122582998905509,0.4122582998905509,0.4122582998905509,0.43229899396607263,0.4523396880415944,0.2825965304980414,0.0310503306804169,0.5075394105551748,0.4115713346482577,Caña de Azúcar
13.807944848591063,-89.51678308006865,2022,625,0.2678571428571428,0.2678571428571428,0.2678571428571428,0.2678571428571428,0.2678571428571428,0.2678571428571428,0.2678571428571428,0.38396976437633873,0.5000823858955347,0.4155082900686652,0.4647302904564315,0.4107452339688041,Pastizal
13.807944848591063,-89.51678308006865,2023,625,0.3496379726468222,0.3496379726468222,0.3496379726468222,0.3496379726468222,0.3496379726468222,0.3496379726468222,0.3496379726468222,0.3496379726468222,0.3496379726468222,0.4121971140756874,0.555306187880731,0.4009135628952916,Pastizal
13.807944848591063,-89.51678308006865,2024,625,0.2221928665785997,0.2221928665785997,0.2221928665785997,0.2221928665785997,0.2221928665785997,0.2221928665785997,0.2221928665785997,0.2221928665785997,0.2221928665785997,0.34754833090624604,0.4729037952338923,0.4588744588744589,Pastizal
13.807944848591063,-89.51678308006865,2025,625,0.4152785755313039,0.4152785755313039,0.4152785755313039,0.4152785755313039,0.4152785755313039,0.4152785755313039,0.4152785755313039,0.4152785755313039,0.4152785755313039,0.5503825492430409,0.4375223773720014,0.4384939954560207,Pastizal
13.80813368578264,-89.49829606232736,2016,579,0.4701478911813036,0.4701478911813036,0.4701478911813036,0.4701478911813036,0.4701478911813036,0.4701478911813036,0.4701478911813036,0.4701478911813036,0.4701478911813036,0.4701478911813036,0.4701478911813036,0.4701478911813036,Pastizal
13.80813368578264,-89.49829606232736,2017,579,0.2488858416181008,0.2097048369649204,0.23726912700659422,0.26483341704826807,0.2923977070899419,0.3199619971316157,0.34752628717328954,0.37509057721496336,0.4026548672566372,0.3521385176062735,0.3016221679559098,0.2511058183055461,Granos Básicos
13.80813368578264,-89.49829606232736,2018,579,0.1902343109945928,0.23045529161844888,0.270676272242305,0.3108972528661611,0.3511182334900172,0.3913392141138733,0.54706082229018,0.4246024492780113,0.2458381726674409,0.5684964200477327,0.3538408661282007,0.2774890043982407,Granos Básicos
13.80813368578264,-89.49829606232736,2019,579,0.2177077016373559,0.1824616594573338,0.161901225399183,0.1686830279986173,0.2645790967746193,0.3604751655506213,0.4563712343266233,0.5522673031026253,0.2751288659793814,0.28849717259359464,0.3018654792078079,0.3152337858220211,Pastizal
13.80813368578264,-89.49829606232736,2020,579,0.3898651409889661,0.3898651409889661,0.3898651409889661,0.3898651409889661,0.3898651409889661,0.3898651409889661,0.3898651409889661,0.4739717711337077,0.2498215560314061,0.3313667649950835,0.4708520179372197,0.4219416481829039,Pastizal
13.80813368578264,-89.49829606232736,2021,579,0.182314952806756,0.182314952806756,0.182314952806756,0.182314952806756,0.182314952806756,0.182314952806756,0.3050262924122718,0.4277376320177876,0.0328516734593059,0.3778446492382922,0.4489084571638231,0.3198608580420738,Pastizal
13.80813368578264,-89.49829606232736,2022,579,0.5874855156431055,0.5874855156431055,0.5874855156431055,0.5874855156431055,0.5874855156431055,0.5874855156431055,0.5874855156431055,0.43485774039994995,0.2822299651567944,0.4599345166293296,0.2854402789886661,0.2830324909747292,Caña de Azúcar
13.80813368578264,-89.49829606232736,2023,579,0.3647324792765636,0.3647324792765636,0.3647324792765636,0.3647324792765636,0.3647324792765636,0.3647324792765636,0.3647324792765636,0.3647324792765636,0.3647324792765636,0.4385788503435562,0.3842150910667823,0.2666212069553358,Pastizal
13.80813368578264,-89.49829606232736,2024,579,0.2826581702321347,0.2826581702321347,0.2826581702321347,0.2826581702321347,0.2826581702321347,0.2826581702321347,0.2826581702321347,0.2826581702321347,0.2826581702321347,0.31836303163607493,0.3540678930400152,0.3421009904205228,Pastizal
13.80813368578264,-89.49829606232736,2025,579,0.4571074636110251,0.4571074636110251,0.4571074636110251,0.4571074636110251,0.4571074636110251,0.4571074636110251,0.4571074636110251,0.4571074636110251,0.4571074636110251,0.5199312714776633,0.2334258402713536,0.2876232898504613,Pastizal
13.808227583561308,-89.48905244958432,2016,542,0.3530428105202534,0.3530428105202534,0.3530428105202534,0.3530428105202534,0.3530428105202534,0.3530428105202534,0.3530428105202534,0.3530428105202534,0.3530428105202534,0.3530428105202534,0.3530428105202534,0.3530428105202534,Pastizal
13.808227583561308,-89.48905244958432,2017,542,0.192952663977924,0.1711188540456833,0.20417702983471686,0.23723520562375042,0.270293381412784,0.3033515572018175,0.3364097329908511,0.36946790877988467,0.4025260845689182,0.36096373296876794,0.3194013813686177,0.2778390297684674,Granos Básicos
13.808227583561308,-89.48905244958432,2018,542,0.1947909024211298,0.23434421409305123,0.2738975257649726,0.31345083743689406,0.3530041491088155,0.3925574607807369,0.4233368907861971,0.3895990194361758,0.3103078024337867,0.4188573431475639,0.3110728134424816,0.2561429635145197,Granos Básicos
13.808227583561308,-89.48905244958432,2019,542,0.1779439252336448,0.1617857142857142,0.1394849785407725,0.1240616357171078,0.21544456172218882,0.30682748772726987,0.3982104137323509,0.4895933397374319,0.3397992172877318,0.316965147160867,0.2941310770340022,0.2712970069071374,Pastizal
13.808227583561308,-89.48905244958432,2020,542,0.3361184960121534,0.3361184960121534,0.3361184960121534,0.3361184960121534,0.3361184960121534,0.3361184960121534,0.3361184960121534,0.4244668246445497,0.2114102905891762,0.5155044860695734,0.5180639585133967,0.4672717751789143,Pastizal
13.808227583561308,-89.48905244958432,2021,542,0.1632939290723302,0.1632939290723302,0.1632939290723302,0.1632939290723302,0.1632939290723302,0.1632939290723302,0.28428219338498617,0.4052704576976421,0.3176239567992145,0.4893000804505229,0.3181730583927539,0.3156196621749857,Pastizal
13.808227583561308,-89.48905244958432,2022,542,0.4868824531516184,0.4868824531516184,0.4868824531516184,0.4868824531516184,0.4868824531516184,0.4868824531516184,0.4868824531516184,0.515365662146382,0.5438488711411458,0.5152194809355976,0.5695964967156709,0.5223179326546593,Pastizal
13.808227583561308,-89.48905244958432,2023,542,0.5708514140356128,0.5708514140356128,0.5708514140356128,0.5708514140356128,0.5708514140356128,0.5708514140356128,0.5708514140356128,0.5708514140356128,0.5708514140356128,0.5693473193473193,0.562807881773399,0.5322033898305085,Cultivo Perenne (Café)
13.808227583561308,-89.48905244958432,2024,542,0.4823284823284823,0.4823284823284823,0.4823284823284823,0.4823284823284823,0.4823284823284823,0.4823284823284823,0.4823284823284823,0.4823284823284823,0.4823284823284823,0.522639908354194,0.5629513343799059,0.5358220810166799,Pastizal
13.808227583561308,-89.48905244958432,2025,542,0.5180722891566265,0.5180722891566265,0.5180722891566265,0.5180722891566265,0.5180722891566265,0.5180722891566265,0.5180722891566265,0.5180722891566265,0.5180722891566265,0.236761660585741,0.5472297190030163,0.5276903713027061,Cultivo Perenne (Café)
13.817072866259002,-89.5076362549981,2016,638,0.5274133871510259,0.5274133871510259,0.5274133871510259,0.5274133871510259,0.5274133871510259,0.5274133871510259,0.5274133871510259,0.5274133871510259,0.5274133871510259,0.5274133871510259,0.5274133871510259,0.5274133871510259,Cultivo Perenne (Café)
13.817072866259002,-89.5076362549981,2017,638,0.1042116630669546,0.0954900478710002,0.12742408961528182,0.15935813135956345,0.19129217310384505,0.22322621484812671,0.2551602565924083,0.2870942983366899,0.3190283400809716,0.25190124632849087,0.18477415257601013,0.1176470588235294,Granos Básicos
13.817072866259002,-89.5076362549981,2018,638,0.1449814126394052,0.21429806428287712,0.283614715926349,0.35293136756982096,0.4222480192132929,0.4915646708567648,0.5166093928980527,0.5988273414596513,0.612874908558888,0.6132430398796087,0.5149610602541331,0.5039975863629507,Pastizal
13.817072866259002,-89.5076362549981,2019,638,0.1189226204062999,0.1426079372001744,0.1718923726929064,0.188583509513742,0.1739595794617231,0.15933564940970418,0.1447117193576853,0.1300877893056664,0.6004795444327888,0.5397619273642231,0.47904431029565736,0.4183266932270916,Pastizal
13.817072866259002,-89.5076362549981,2020,638,0.4331428571428571,0.4331428571428571,0.4331428571428571,0.4331428571428571,0.4331428571428571,0.4331428571428571,0.4331428571428571,0.4699404761904762,0.6138272965156315,0.6061196940152992,0.5623224992111076,0.5240658644711843,Pastizal
13.817072866259002,-89.5076362549981,2021,638,0.5056220529561117,0.5056220529561117,0.5056220529561117,0.5056220529561117,0.5056220529561117,0.5056220529561117,0.48487347018865323,0.4641248874211948,0.2537112010796221,0.6102837875807812,0.5938182953481111,0.479009049102507,Cultivo Perenne (Café)
13.817072866259002,-89.5076362549981,2022,638,0.5635552723797388,0.5635552723797388,0.5635552723797388,0.5635552723797388,0.5635552723797388,0.5635552723797388,0.5635552723797388,0.584693088084913,0.6058309037900874,0.5735424681858537,0.5490196078431373,0.4560367454068241,Cultivo Perenne (Café)
13.817072866259002,-89.5076362549981,2023,638,0.6191868967534366,0.6191868967534366,0.6191868967534366,0.6191868967534366,0.6191868967534366,0.6191868967534366,0.6191868967534366,0.6191868967534366,0.6191868967534366,0.6164460715291468,0.5479876160990712,0.1228418336971621,Cultivo Perenne (Café)
13.817072866259002,-89.5076362549981,2024,638,0.2518479958355023,0.2518479958355023,0.2518479958355023,0.2518479958355023,0.2518479958355023,0.2518479958355023,0.2518479958355023,0.2518479958355023,0.2518479958355023,0.42096275760767365,0.590077519379845,0.5319627369097334,Pastizal
13.817072866259002,-89.5076362549981,2025,638,0.4576177285318559,0.4576177285318559,0.4576177285318559,0.4576177285318559,0.4576177285318559,0.4576177285318559,0.4576177285318559,0.4576177285318559,0.4576177285318559,0.5898289692750114,0.4852132049518569,0.1873968987132959,Pastizal
13.826011563715571,-89.51697715865576,2016,684,0.6416168516937091,0.6416168516937091,0.6416168516937091,0.6416168516937091,0.6416168516937091,0.6416168516937091,0.6416168516937091,0.6416168516937091,0.6416168516937091,0.6416168516937091,0.6416168516937091,0.6416168516937091,Cultivo Perenne (Café)
13.826011563715571,-89.51697715865576,2017,684,0.4907706945765937,0.4487697392581711,0.42085538682660334,0.3929410343950355,0.36502668196346777,0.3371123295319,0.30919797710033226,0.28128362466876444,0.2533692722371967,0.279145006369653,0.3049207405021094,0.3306964746345657,Caña de Azúcar
13.826011563715571,-89.51697715865576,2018,684,0.4705340699815838,0.4918914920427365,0.5132489141038893,0.5346063361650419,0.5559637582261947,0.5773211802873475,0.6199148186224115,0.3676559660811629,0.3666666666666666,0.5036627298549858,0.3903857930189834,0.4856004901960784,Pastizal
13.826011563715571,-89.51697715865576,2019,684,0.4899923605805958,0.4411947728686994,0.3595350971096498,0.1855474055963053,0.1825325508832273,0.1795176961701493,0.1765028414570713,0.1734879867439933,0.2568287235870125,0.28069831572467496,0.3045679078623375,0.3284375,Pastizal
13.826011563715571,-89.51697715865576,2020,684,0.5209193751122284,0.5209193751122284,0.5209193751122284,0.5209193751122284,0.5209193751122284,0.5209193751122284,0.5209193751122284,0.5125589891916578,0.1931556433037183,0.579813996035981,0.3498181818181818,0.3493649449618967,Pastizal
13.826011563715571,-89.51697715865576,2021,684,0.2067307692307692,0.2067307692307692,0.2067307692307692,0.2067307692307692,0.2067307692307692,0.2067307692307692,0.38591015873995027,0.5650895482491313,0.4470726388189901,0.5720748257733219,0.4529275671827727,0.2949578631624053,Pastizal
13.826011563715571,-89.51697715865576,2022,684,0.1096292768119393,0.1096292768119393,0.1096292768119393,0.1096292768119393,0.1096292768119393,0.1096292768119393,0.1096292768119393,0.18034590737986156,0.2510625379477838,0.4934915142527599,0.3256452498627128,0.3543034911856205,Pastizal
13.826011563715571,-89.51697715865576,2023,684,0.3213558066308575,0.3213558066308575,0.3213558066308575,0.3213558066308575,0.3213558066308575,0.3213558066308575,0.3213558066308575,0.3213558066308575,0.3213558066308575,0.2116077514850521,0.3166863505989539,0.2327489142673315,Granos Básicos
13.826011563715571,-89.51697715865576,2024,684,0.2388862891904539,0.2388862891904539,0.2388862891904539,0.2388862891904539,0.2388862891904539,0.2388862891904539,0.2388862891904539,0.2388862891904539,0.2388862891904539,0.239654138487509,0.2404219877845641,0.2548543689320388,Granos Básicos
13.826011563715571,-89.51697715865576,2025,684,0.1900423728813559,0.1900423728813559,0.1900423728813559,0.1900423728813559,0.1900423728813559,0.1900423728813559,0.1900423728813559,0.1900423728813559,0.1900423728813559,0.3138246957472993,0.349079412311698,0.1231206826493295,Granos Básicos
13.82638836047493,-89.48000000247117,2016,602,0.4792966534316506,0.4792966534316506,0.4792966534316506,0.4792966534316506,0.4792966534316506,0.4792966534316506,0.4792966534316506,0.4792966534316506,0.4792966534316506,0.4792966534316506,0.4792966534316506,0.4792966534316506,Pastizal
13.82638836047493,-89.48000000247117,2017,602,0.1687067589143161,0.1546520719311962,0.1569745032137526,0.15929693449630897,0.16161936577886535,0.16394179706142176,0.16626422834397814,0.16858665962653452,0.1709090909090909,0.18679479583628367,0.20268050076347643,0.2185662056906692,Granos Básicos
13.82638836047493,-89.48000000247117,2018,602,0.1605651894669235,0.2259792819773815,0.29139337448783953,0.3568074669982976,0.42222155950875556,0.4876356520192136,0.5482250502344274,0.2970908022333235,0.1216216216216216,0.5411269974768713,0.3309937199852235,0.2404033832140533,Granos Básicos
13.82638836047493,-89.48000000247117,2019,602,0.2018691588785046,0.189913317572892,0.1660905349794238,0.0670373802903923,0.12052150664917062,0.17400563300794894,0.22748975936672727,0.2809738857255056,0.1757925072046109,0.1770297893531967,0.1782670715017825,0.1795043536503683,Granos Básicos
13.82638836047493,-89.48000000247117,2020,602,0.4689069138663577,0.4689069138663577,0.4689069138663577,0.4689069138663577,0.4689069138663577,0.4689069138663577,0.4689069138663577,0.4543239951278928,0.1416637660981552,0.4176459615743331,0.2485122101374923,0.2779519331243469,Pastizal
13.82638836047493,-89.48000000247117,2021,602,0.1826347305389221,0.1826347305389221,0.1826347305389221,0.1826347305389221,0.1826347305389221,0.1826347305389221,0.3313133435521878,0.4799919565654534,0.2441679626749611,0.3821633237822349,0.4282681761896338,0.2123460454073304,Granos Básicos
13.82638836047493,-89.48000000247117,2022,602,0.4075959279561472,0.4075959279561472,0.4075959279561472,0.4075959279561472,0.4075959279561472,0.4075959279561472,0.4075959279561472,0.43556266986042647,0.4635294117647058,0.2336221837088388,0.2817235712981559,0.1727416798732171,Granos Básicos
13.82638836047493,-89.48000000247117,2023,602,0.3757628596338274,0.3757628596338274,0.3757628596338274,0.3757628596338274,0.3757628596338274,0.3757628596338274,0.3757628596338274,0.3757628596338274,0.3757628596338274,0.4074903969270166,0.3986284508528222,0.2483366301024995,Granos Básicos
13.82638836047493,-89.48000000247117,2024,602,0.0942230460302749,0.0942230460302749,0.0942230460302749,0.0942230460302749,0.0942230460302749,0.0942230460302749,0.0942230460302749,0.0942230460302749,0.0942230460302749,0.21237548628981223,0.3305279265493496,0.3267938237965486,Granos Básicos
13.82638836047493,-89.48000000247117,2025,602,0.435376213592233,0.435376213592233,0.435376213592233,0.435376213592233,0.435376213592233,0.435376213592233,0.435376213592233,0.435376213592233,0.435376213592233,0.3320715036803365,0.2975124378109453,0.2454964390448261,Pastizal
13.835234132366086,-89.4985851510238,2016,654,0.3082117185798301,0.3082117185798301,0.3082117185798301,0.3082117185798301,0.3082117185798301,0.3082117185798301,0.3082117185798301,0.3082117185798301,0.3082117185798301,0.3082117185798301,0.3082117185798301,0.3082117185798301,Pastizal
13.835234132366086,-89.4985851510238,2017,654,0.15405135045015,0.1859319509680375,0.19640944961316223,0.20688694825828696,0.21736444690341167,0.22784194554853643,0.23831944419366113,0.24879694283878587,0.2592744414839106,0.24387027489565336,0.22846610830739614,0.2130619417191389,Granos Básicos
13.835234132366086,-89.4985851510238,2018,654,0.1375805297065139,0.2147159828042297,0.2918514359019455,0.36898688899966126,0.44612234209737706,0.5232577951950929,0.5403931934577896,0.4170204910467048,0.2573568753344034,0.3590420133955754,0.3306916426512968,0.2527971461002108,Pastizal
13.835234132366086,-89.4985851510238,2019,654,0.2064015838970467,0.1701955713593017,0.2169733589673166,0.167311072056239,0.2570934735337047,0.34687587501117034,0.4366582764886361,0.5264406779661017,0.1940565699964196,0.21652412248688344,0.23899167497734725,0.2614592274678111,Granos Básicos
13.835234132366086,-89.4985851510238,2020,654,0.3285917496443812,0.3285917496443812,0.3285917496443812,0.3285917496443812,0.3285917496443812,0.3285917496443812,0.3285917496443812,0.3566070398153491,0.2084164701614366,0.3362131029517639,0.4036863028550777,0.2539790044023027,Pastizal
13.835234132366086,-89.4985851510238,2021,654,0.145367412140575,0.145367412140575,0.145367412140575,0.145367412140575,0.145367412140575,0.145367412140575,0.3734179204608895,0.6014684287812041,0.3124142661179698,0.0783585642197467,0.2786885245901639,0.1710816777041942,Granos Básicos
13.835234132366086,-89.4985851510238,2022,654,0.5619906363794,0.5619906363794,0.5619906363794,0.5619906363794,0.5619906363794,0.5619906363794,0.5619906363794,0.43073682483667197,0.2994830132939439,0.2721815794410054,0.3027698185291309,0.1829310947883875,Caña de Azúcar
13.835234132366086,-89.4985851510238,2023,654,0.245674740484429,0.245674740484429,0.245674740484429,0.245674740484429,0.245674740484429,0.245674740484429,0.245674740484429,0.245674740484429,0.245674740484429,0.2894736842105263,0.2847707847707847,0.2035018169805087,Granos Básicos
13.835234132366086,-89.4985851510238,2024,654,0.2919364331959976,0.2919364331959976,0.2919364331959976,0.2919364331959976,0.2919364331959976,0.2919364331959976,0.2919364331959976,0.2919364331959976,0.2919364331959976,0.325241483190509,0.3585465331850204,0.21931125391333,Pastizal
13.835234132366086,-89.4985851510238,2025,654,0.2654424040066778,0.2654424040066778,0.2654424040066778,0.2654424040066778,0.2654424040066778,0.2654424040066778,0.2654424040066778,0.2654424040066778,0.2654424040066778,0.4185303514376997,0.224460170567955,0.200337552742616,Granos Básicos
13.83542196272364,-89.48009572275096,2016,598,0.5233449477351917,0.5233449477351917,0.5233449477351917,0.5233449477351917,0.5233449477351917,0.5233449477351917,0.5233449477351917,0.5233449477351917,0.5233449477351917,0.5233449477351917,0.5233449477351917,0.5233449477351917,Cultivo Perenne (Café)
13.83542196272364,-89.48009572275096,2017,598,0.1853368068477856,0.173136167590881,0.17922126204105762,0.18530635649123428,0.1913914509414109,0.19747654539158757,0.2035616398417642,0.20964673429194086,0.2157318287421175,0.24852857552439717,0.28132532230667684,0.3141220690889565,Granos Básicos
13.83542196272364,-89.48009572275096,2018,598,0.2107119948685054,0.2826020018868557,0.35449200890520594,0.4263820159235562,0.4982720229419065,0.5701620299602568,0.5540582889376371,0.3971071663379356,0.4078152753108348,0.5380024574337371,0.3618561790357084,0.3418820280134149,Pastizal
13.83542196272364,-89.48009572275096,2019,598,0.2513733661678348,0.2310331681280976,0.212133072407045,0.0806794055201698,0.20324365999668859,0.32580791447320734,0.4483721689497262,0.570936423426245,0.290473017988008,0.28673600007580313,0.28299898216359826,0.2792619642513934,Pastizal
13.83542196272364,-89.48009572275096,2020,598,0.561949110261101,0.561949110261101,0.561949110261101,0.561949110261101,0.561949110261101,0.561949110261101,0.561949110261101,0.4795025333947489,0.3876912378303199,0.6415917143635869,0.396405293304365,0.3298334540188269,Cultivo Perenne (Café)
13.83542196272364,-89.48009572275096,2021,598,0.3368527918781726,0.3368527918781726,0.3368527918781726,0.3368527918781726,0.3368527918781726,0.3368527918781726,0.47505941684752173,0.6132660418168709,0.2205980066445182,0.5758873929008568,0.3515469513298354,0.2798562326417252,Pastizal
13.83542196272364,-89.48009572275096,2022,598,0.6162556227702808,0.6162556227702808,0.6162556227702808,0.6162556227702808,0.6162556227702808,0.6162556227702808,0.6162556227702808,0.440158316628229,0.2640610104861773,0.5280194918203968,0.2957797500452817,0.349209170072863,Caña de Azúcar
13.83542196272364,-89.48009572275096,2023,598,0.4115068493150685,0.4115068493150685,0.4115068493150685,0.4115068493150685,0.4115068493150685,0.4115068493150685,0.4115068493150685,0.4115068493150685,0.4115068493150685,0.5500237830981449,0.3205438629167442,0.3151696255932501,Caña de Azúcar
13.83542196272364,-89.48009572275096,2024,598,0.2377632974693135,0.2377632974693135,0.2377632974693135,0.2377632974693135,0.2377632974693135,0.2377632974693135,0.2377632974693135,0.2377632974693135,0.2377632974693135,0.2890903040669597,0.3404173106646059,0.3019793605142953,Granos Básicos
13.83542196272364,-89.48009572275096,2025,598,0.3666616922847336,0.3666616922847336,0.3666616922847336,0.3666616922847336,0.3666616922847336,0.3666616922847336,0.3666616922847336,0.3666616922847336,0.3666616922847336,0.585818422796554,0.3406043268371178,0.3002110109342029,Pastizal
13.835608401294078,-89.46160601971533,2016,518,0.5180637124043425,0.5180637124043425,0.5180637124043425,0.5180637124043425,0.5180637124043425,0.5180637124043425,0.5180637124043425,0.5180637124043425,0.5180637124043425,0.5180637124043425,0.5180637124043425,0.5180637124043425,Pastizal
13.835608401294078,-89.46160601971533,2017,518,0.3012887495646116,0.2981927710843373,0.2802657197970735,0.2623386685098097,0.24441161722254592,0.22648456593528216,0.20855751464801836,0.19063046336075457,0.1727034120734908,0.21093852775702307,0.24917364344055531,0.2874087591240876,Pastizal
13.835608401294078,-89.46160601971533,2018,518,0.2470858643900837,0.3080008564261047,0.36891584846212566,0.4298308404981467,0.4907458325341676,0.5516608245701886,0.5198600174978127,0.1566723776889396,0.3851391948728219,0.5312127912910359,0.2998919586355919,0.3221244500314267,Pastizal
13.835608401294078,-89.46160601971533,2019,518,0.2807962147169195,0.2404809619238476,0.2370357078772653,0.050802361353621,0.16818008721687996,0.28555781308013894,0.4029355389433979,0.5203132648066568,0.1681142636556649,0.20356710012255738,0.23901993658944987,0.2744727730563424,Granos Básicos
13.835608401294078,-89.46160601971533,2020,518,0.5523502460546411,0.5523502460546411,0.5523502460546411,0.5523502460546411,0.5523502460546411,0.5523502460546411,0.5523502460546411,0.5083281924737816,0.414626539840948,0.6216701586351392,0.3019891500904159,0.2359061966143811,Caña de Azúcar
13.835608401294078,-89.46160601971533,2021,518,0.4254684838160136,0.4254684838160136,0.4254684838160136,0.4254684838160136,0.4254684838160136,0.4254684838160136,0.49215771698365574,0.5588469501512979,0.424,0.6248728751997675,0.4128067909208341,0.207072135785007,Caña de Azúcar
13.835608401294078,-89.46160601971533,2022,518,0.319763624425476,0.319763624425476,0.319763624425476,0.319763624425476,0.319763624425476,0.319763624425476,0.319763624425476,0.24324650923945984,0.1667293940534437,0.4096499526963103,0.2811188811188811,0.2247060771650935,Pastizal
13.835608401294078,-89.46160601971533,2023,518,0.2290202563042579,0.2290202563042579,0.2290202563042579,0.2290202563042579,0.2290202563042579,0.2290202563042579,0.2290202563042579,0.2290202563042579,0.2290202563042579,0.1279742765273311,0.4473386183465458,0.3066708326823933,Pastizal
13.835608401294078,-89.46160601971533,2024,518,0.2516720810242691,0.2516720810242691,0.2516720810242691,0.2516720810242691,0.2516720810242691,0.2516720810242691,0.2516720810242691,0.2516720810242691,0.2516720810242691,0.37818325043241796,0.5046944198405668,0.3794142259414226,Pastizal
13.835608401294078,-89.46160601971533,2025,518,0.5004132914531327,0.5004132914531327,0.5004132914531327,0.5004132914531327,0.5004132914531327,0.5004132914531327,0.5004132914531327,0.5004132914531327,0.5004132914531327,0.6436265709156194,0.2520111640124774,0.2231224680585852,Caña de Azúcar
13.907023422977725,-89.54559573544641,2016,971,0.4530930707783763,0.4530930707783763,0.4530930707783763,0.4530930707783763,0.4530930707783763,0.4530930707783763,0.4530930707783763,0.4530930707783763,0.4530930707783763,0.4530930707783763,0.4530930707783763,0.4530930707783763,Pastizal
13.907023422977725,-89.54559573544641,2017,971,0.2329421125920031,0.1403027532256426,0.12014777560256679,0.09999279797949097,0.07983782035641515,0.05968284273333935,0.039527865110263544,0.019372887487187726,-0.0007820901358881,0.1337608530728196,0.2683037962815273,0.402846739490235,Pastizal
13.907023422977725,-89.54559573544641,2018,971,0.300110045590316,0.3334350170249652,0.36675998845961433,0.4000849598942635,0.4334099313289127,0.4667349027635619,0.5416464499433932,0.48637461193515,0.2136412847347528,0.2273911425381466,0.4388867995487025,0.3376623376623376,Pastizal
13.907023422977725,-89.54559573544641,2019,971,0.3126419379258138,0.2822491730981257,0.2483443708609271,0.2118104667609618,0.2932303836145256,0.37465030046808945,0.4560702173216532,0.5374901341752171,0.1280388978930308,0.16817284807560334,0.20830679825817588,0.2484407484407484,Pastizal
13.907023422977725,-89.54559573544641,2020,971,0.4355597365945437,0.4355597365945437,0.4355597365945437,0.4355597365945437,0.4355597365945437,0.4355597365945437,0.4355597365945437,0.4742729306487696,0.1981549106284835,0.4175888177052999,0.4177949709864603,0.3818119305483926,Pastizal
13.907023422977725,-89.54559573544641,2021,971,0.390124387485865,0.390124387485865,0.390124387485865,0.390124387485865,0.390124387485865,0.390124387485865,0.4667103577053578,0.5432963279248506,0.3005100039231071,0.4292492324867429,0.4475896380168125,0.3603734105906969,Pastizal
13.907023422977725,-89.54559573544641,2022,971,0.1788648244958924,0.1788648244958924,0.1788648244958924,0.1788648244958924,0.1788648244958924,0.1788648244958924,0.1788648244958924,0.21839742946744956,0.2579300344390067,0.5211857580151442,0.3124040266166183,0.422332682407243,Pastizal
13.907023422977725,-89.54559573544641,2023,971,0.2024310425432445,0.2024310425432445,0.2024310425432445,0.2024310425432445,0.2024310425432445,0.2024310425432445,0.2024310425432445,0.2024310425432445,0.2024310425432445,0.0234409553295002,0.317092976045473,0.3809437055930041,Pastizal
13.907023422977725,-89.54559573544641,2024,971,-0.0504314477468839,-0.0504314477468839,-0.0504314477468839,-0.0504314477468839,-0.0504314477468839,-0.0504314477468839,-0.0504314477468839,-0.0504314477468839,-0.0504314477468839,0.1598955140044816,0.3702224757558471,0.0966595593461265,Granos Básicos
13.907023422977725,-89.54559573544641,2025,971,0.2755765819041987,0.2755765819041987,0.2755765819041987,0.2755765819041987,0.2755765819041987,0.2755765819041987,0.2755765819041987,0.2755765819041987,0.2755765819041987,0.540785498489426,0.3351541162699961,0.2358849341784495,Pastizal
13.952573369864863,-89.50909433024567,2016,682,0.5148427893904796,0.5148427893904796,0.5148427893904796,0.5148427893904796,0.5148427893904796,0.5148427893904796,0.5148427893904796,0.5148427893904796,0.5148427893904796,0.5148427893904796,0.5148427893904796,0.5148427893904796,Pastizal
13.952573369864863,-89.50909433024567,2017,682,0.4938291920355439,0.4189978481401783,0.4435477409837469,0.46809763382731545,0.4926475266708841,0.5171974195144526,0.5417473123580212,0.5662972052015898,0.5908470980451583,0.5717657276741628,0.5526843573031673,0.5336029869321718,Pastizal
13.952573369864863,-89.50909433024567,2018,682,0.4874781595806639,0.5028562689503561,0.5182343783200483,0.5336124876897403,0.5489905970594325,0.5643687064291247,0.5763473053892215,0.5477178423236515,0.5601712383066434,0.2522175086772079,0.4529679107560942,0.5437990580847724,Pastizal
13.952573369864863,-89.50909433024567,2019,682,0.5345911949685535,0.4225522885722946,0.1060227054069655,0.143514083157693,0.2514167344380952,0.3593193857184974,0.4672220369988995,0.5751246882793017,0.602486355366889,0.5848750734620959,0.5672637915573028,0.5496525096525097,Pastizal
13.952573369864863,-89.50909433024567,2020,682,0.4710805281755625,0.4710805281755625,0.4710805281755625,0.4710805281755625,0.4710805281755625,0.4710805281755625,0.4710805281755625,0.4954780361757105,0.5667032450227308,0.3719495091164095,0.5426809477442389,0.5383363177600521,Pastizal
13.952573369864863,-89.50909433024567,2021,682,0.4309210526315789,0.4309210526315789,0.4309210526315789,0.4309210526315789,0.4309210526315789,0.4309210526315789,0.5247433487565066,0.6185656448814344,0.5767611563289363,0.5519623695428487,0.5231582219459123,0.4268001907486886,Pastizal
13.952573369864863,-89.50909433024567,2022,682,0.5338779432964921,0.5338779432964921,0.5338779432964921,0.5338779432964921,0.5338779432964921,0.5338779432964921,0.5338779432964921,0.511985411276729,0.4900928792569659,0.5609756097560976,0.5332451207409857,0.4824051930304066,Pastizal
13.952573369864863,-89.50909433024567,2023,682,0.6240430961156791,0.6240430961156791,0.6240430961156791,0.6240430961156791,0.6240430961156791,0.6240430961156791,0.6240430961156791,0.6240430961156791,0.6240430961156791,0.619517698491045,0.5205811138014528,0.1875379324296985,Cultivo Perenne (Café)
13.952573369864863,-89.50909433024567,2024,682,0.609728978457262,0.609728978457262,0.609728978457262,0.609728978457262,0.609728978457262,0.609728978457262,0.609728978457262,0.609728978457262,0.609728978457262,0.5717829657788356,0.5338369531004092,0.5181847441261668,Cultivo Perenne (Café)
13.952573369864863,-89.50909433024567,2025,682,0.585865346004551,0.585865346004551,0.585865346004551,0.585865346004551,0.585865346004551,0.585865346004551,0.585865346004551,0.585865346004551,0.585865346004551,0.5740432612312812,0.5076361221779548,0.4845605700712589,Cultivo Perenne (Café)
13.953510272743271,-89.41659863757985,2016,603,0.2414183327046397,0.2414183327046397,0.2414183327046397,0.2414183327046397,0.2414183327046397,0.2414183327046397,0.2414183327046397,0.2414183327046397,0.2414183327046397,0.2414183327046397,0.2414183327046397,0.2414183327046397,Granos Básicos
13.953510272743271,-89.41659863757985,2017,603,0.2105106001791579,0.1189286853013072,0.1740036106096375,0.17288143074152562,0.1717592508734137,0.1706370710053018,0.1695148911371899,0.168392711269078,0.1672705314009661,0.2674597918771526,0.367649052353339,0.4678383128295255,Pastizal
13.953510272743271,-89.41659863757985,2018,603,0.2729885057471264,0.3358267806749899,0.39866505560285337,0.4615033305307168,0.5243416054585803,0.5871798803864438,0.5931024050824384,0.2479338842975206,0.4493111974567291,0.5702746365105008,0.4463644140290846,0.4230508474576271,Pastizal
13.953510272743271,-89.41659863757985,2019,603,0.34375,0.1935634328358209,0.2057507120575071,0.1678851174934726,0.2564463415779191,0.3450075656623657,0.4335687897468121,0.5221300138312587,0.3030246799035071,0.3554124454662028,0.4078002110288985,0.4601879765915942,Pastizal
13.953510272743271,-89.41659863757985,2020,603,0.3676329429832981,0.3676329429832981,0.3676329429832981,0.3676329429832981,0.3676329429832981,0.3676329429832981,0.3676329429832981,0.4721189591078067,0.1767790262172284,0.273257809818057,0.5902255639097744,0.5545023696682464,Pastizal
13.953510272743271,-89.41659863757985,2021,603,0.4565047633921599,0.4565047633921599,0.4565047633921599,0.4565047633921599,0.4565047633921599,0.4565047633921599,0.466492731750776,0.4764807001093921,0.195032020182418,0.2338364076765418,0.4908962347534029,0.4468085106382978,Pastizal
13.953510272743271,-89.41659863757985,2022,603,0.4327907367007887,0.4327907367007887,0.4327907367007887,0.4327907367007887,0.4327907367007887,0.4327907367007887,0.4327907367007887,0.446450724911775,0.4601107131227613,0.4758169934640522,0.4434150772025431,0.356312625250501,Pastizal
13.953510272743271,-89.41659863757985,2023,603,0.2353364519611371,0.2353364519611371,0.2353364519611371,0.2353364519611371,0.2353364519611371,0.2353364519611371,0.2353364519611371,0.2353364519611371,0.2353364519611371,0.2318866896676956,0.5534312051894845,0.5116126921818777,Pastizal
13.953510272743271,-89.41659863757985,2024,603,0.3910130074891604,0.3910130074891604,0.3910130074891604,0.3910130074891604,0.3910130074891604,0.3910130074891604,0.3910130074891604,0.3910130074891604,0.3910130074891604,0.4428173171055917,0.494621626722023,0.5000909587047481,Pastizal
13.953510272743271,-89.41659863757985,2025,603,0.2506719225945171,0.2506719225945171,0.2506719225945171,0.2506719225945171,0.2506719225945171,0.2506719225945171,0.2506719225945171,0.2506719225945171,0.2506719225945171,0.4059945504087193,0.5806004618937645,0.4627639866617266,Pastizal
13.96906582050186,-89.65727994640582,2016,758,0.6215810039074241,0.6215810039074241,0.6215810039074241,0.6215810039074241,0.6215810039074241,0.6215810039074241,0.6215810039074241,0.6215810039074241,0.6215810039074241,0.6215810039074241,0.6215810039074241,0.6215810039074241,Cultivo Perenne (Café)
13.96906582050186,-89.65727994640582,2017,758,0.5872252747252747,0.06668410041841,0.1435203113312001,0.22035652224399022,0.2971927331567803,0.37402894406957043,0.45086515498236057,0.5277013658951506,0.6045375768079407,0.6064211383223111,0.6083046998366817,0.6101882613510521,Pastizal
13.96906582050186,-89.65727994640582,2018,758,0.5584224106155548,0.5672649534961869,0.576107496376819,0.5849500392574511,0.5937925821380833,0.6026351250187154,0.5995130858186245,0.631578947368421,0.6164812783957386,0.5669882100750268,0.6123614376889486,0.6001357773251867,Cultivo Perenne (Café)
13.96906582050186,-89.65727994640582,2019,758,0.4780324737344795,0.4937813659175212,0.55775149846104,0.5254418853776112,0.54957969582015,0.5737175062626887,0.5978553167052275,0.6219931271477663,0.618413262285376,0.527047946532483,0.43568263077959,0.3443173150266971,Pastizal
13.96906582050186,-89.65727994640582,2020,758,0.6527136258660509,0.6527136258660509,0.6527136258660509,0.6527136258660509,0.6527136258660509,0.6527136258660509,0.6527136258660509,0.448444173276388,0.2579948989601726,0.384811975173421,0.4129407488186114,0.3658144396205178,Caña de Azúcar
13.96906582050186,-89.65727994640582,2021,758,0.2159483752016593,0.2159483752016593,0.2159483752016593,0.2159483752016593,0.2159483752016593,0.2159483752016593,0.397307520934163,0.5786666666666667,0.2049497293116782,0.3096480889038558,0.4761049227452389,0.2666666666666666,Pastizal
13.96906582050186,-89.65727994640582,2022,758,0.6251082251082251,0.6251082251082251,0.6251082251082251,0.6251082251082251,0.6251082251082251,0.6251082251082251,0.6251082251082251,0.4299181292905142,0.2347280334728033,0.3910101498308361,0.3683751996515173,0.2698748457606205,Caña de Azúcar
13.96906582050186,-89.65727994640582,2023,758,0.595447988459689,0.595447988459689,0.595447988459689,0.595447988459689,0.595447988459689,0.595447988459689,0.595447988459689,0.595447988459689,0.595447988459689,0.3896595208070618,0.6041730592206198,0.6262059035277178,Cultivo Perenne (Café)
13.96906582050186,-89.65727994640582,2024,758,0.6009872480460716,0.6009872480460716,0.6009872480460716,0.6009872480460716,0.6009872480460716,0.6009872480460716,0.6009872480460716,0.6009872480460716,0.6009872480460716,0.5520087755381873,0.503030303030303,0.5707178393745558,Cultivo Perenne (Café)
13.96906582050186,-89.65727994640582,2025,758,0.0665205822507434,0.0665205822507434,0.0665205822507434,0.0665205822507434,0.0665205822507434,0.0665205822507434,0.0665205822507434,0.0665205822507434,0.0665205822507434,0.5565532723191159,0.5901469060691498,0.3532423208191126,Pastizal
13.987130284220628,-89.65748733733103,2016,707,0.1792336217552534,0.1792336217552534,0.1792336217552534,0.1792336217552534,0.1792336217552534,0.1792336217552534,0.1792336217552534,0.1792336217552534,0.1792336217552534,0.1792336217552534,0.1792336217552534,0.1792336217552534,Granos Básicos
13.987130284220628,-89.65748733733103,2017,707,0.1226080793763288,0.1198294243070362,0.18260291957661656,0.24537641484619693,0.30814991011577725,0.3709234053853576,0.433696900654938,0.4964703959245183,0.5592438911940987,0.559715184883355,0.5601864785726115,0.5606577722618679,Pastizal
13.987130284220628,-89.65748733733103,2018,707,0.4499668654738237,0.45182825194726306,0.4536896384207025,0.45555102489414184,0.45741241136758126,0.4592737978410206,0.4793011175822446,0.3869204292366875,0.5395341467279353,0.4373716632443531,0.5343966489447398,0.4758442397802553,Pastizal
13.987130284220628,-89.65748733733103,2019,707,0.3730929264909847,0.1400778210116731,0.1202375061850569,0.1766283524904214,0.26680071043195597,0.3569730683734905,0.4471454263150252,0.5373177842565597,0.3217636022514071,0.2846444319577908,0.24752526166417455,0.2104060913705583,Pastizal
13.987130284220628,-89.65748733733103,2020,707,0.3504621072088724,0.3504621072088724,0.3504621072088724,0.3504621072088724,0.3504621072088724,0.3504621072088724,0.3504621072088724,0.4219863109372817,0.5900030665440049,0.6052173913043478,0.566025641025641,0.5112985839108165,Pastizal
13.987130284220628,-89.65748733733103,2021,707,0.3413835448219402,0.3413835448219402,0.3413835448219402,0.3413835448219402,0.3413835448219402,0.3413835448219402,0.39789138637268795,0.4543992279234357,0.5636684822611512,0.4782087763965852,0.5269441755404969,0.4128590078328982,Pastizal
13.987130284220628,-89.65748733733103,2022,707,0.3047130191320578,0.3047130191320578,0.3047130191320578,0.3047130191320578,0.3047130191320578,0.3047130191320578,0.3047130191320578,0.2746110315298531,0.2445090439276485,0.5669474295672379,0.1511330409356725,0.5182581861820675,Pastizal
13.987130284220628,-89.65748733733103,2023,707,0.5088646967340591,0.5088646967340591,0.5088646967340591,0.5088646967340591,0.5088646967340591,0.5088646967340591,0.5088646967340591,0.5088646967340591,0.5088646967340591,0.0860766576517765,0.4680778422669853,0.4667817083692838,Pastizal
13.987130284220628,-89.65748733733103,2024,707,0.4191135216008977,0.4191135216008977,0.4191135216008977,0.4191135216008977,0.4191135216008977,0.4191135216008977,0.4191135216008977,0.4191135216008977,0.4191135216008977,0.39602873126033467,0.3729439409197717,0.2518366147516896,Pastizal
13.987130284220628,-89.65748733733103,2025,707,0.0894073569482288,0.0894073569482288,0.0894073569482288,0.0894073569482288,0.0894073569482288,0.0894073569482288,0.0894073569482288,0.0894073569482288,0.0894073569482288,0.039426523297491,0.5615248512144121,0.1131733816206428,Pastizal
14.004991078772605,-89.67619535137403,2016,701,0.3643348160129397,0.3643348160129397,0.3643348160129397,0.3643348160129397,0.3643348160129397,0.3643348160129397,0.3643348160129397,0.3643348160129397,0.3643348160129397,0.3643348160129397,0.3643348160129397,0.3643348160129397,Pastizal
14.004991078772605,-89.67619535137403,2017,701,0.3118971061093247,0.1179448715544721,0.128266438941076,0.20776283312044613,0.28725922729981623,0.3667556214791864,0.44625201565855643,0.5257484098379266,0.6052448040172967,0.5862169096250747,0.5671890152328526,0.5481611208406305,Pastizal
14.004991078772605,-89.67619535137403,2018,701,0.2988706855415937,0.32972267945028544,0.3605746733589772,0.39142666726766895,0.42227866117636065,0.4531306550850524,0.502882556415747,0.5340298507462686,0.5602399870277283,0.0377939042089985,0.5821538461538461,0.5290643456636618,Pastizal
14.004991078772605,-89.67619535137403,2019,701,0.4730081052148646,0.1272915946039432,0.1436105476673428,0.1409395973154362,0.19858034565497093,0.25622109399450566,0.31386184233404035,0.3715025906735751,0.5729887709583141,0.5677372996513028,0.5624858283442916,0.5572343570372803,Pastizal
14.004991078772605,-89.67619535137403,2020,701,0.4586359610274579,0.4586359610274579,0.4586359610274579,0.4586359610274579,0.4586359610274579,0.4586359610274579,0.4586359610274579,0.4123676118893065,0.2862167141182381,0.5907154399882474,0.5924891371818746,0.5960107174754391,Caña de Azúcar
14.004991078772605,-89.67619535137403,2021,701,0.4129473260956976,0.4129473260956976,0.4129473260956976,0.4129473260956976,0.4129473260956976,0.4129473260956976,0.48755778722349624,0.5621682483512949,0.5906040268456376,0.3868764231008073,0.576188360728565,0.5453467694131594,Pastizal
14.004991078772605,-89.67619535137403,2022,701,0.5678560536749009,0.5678560536749009,0.5678560536749009,0.5678560536749009,0.5678560536749009,0.5678560536749009,0.5678560536749009,0.560023895648551,0.5521917376222012,0.5906743396783237,0.272932926139577,0.5320197044334976,Cultivo Perenne (Café)
14.004991078772605,-89.67619535137403,2023,701,0.577107501933488,0.577107501933488,0.577107501933488,0.577107501933488,0.577107501933488,0.577107501933488,0.577107501933488,0.577107501933488,0.577107501933488,0.1119727783492917,0.5722863741339492,0.5430967541543718,Cultivo Perenne (Café)
14.004991078772605,-89.67619535137403,2024,701,0.5923782639378969,0.5923782639378969,0.5923782639378969,0.5923782639378969,0.5923782639378969,0.5923782639378969,0.5923782639378969,0.5923782639378969,0.5923782639378969,0.5342010059223661,0.4760237479068351,0.2241941325606664,Cultivo Perenne (Café)
14.004991078772605,-89.67619535137403,2025,701,0.2436747727830999,0.2436747727830999,0.2436747727830999,0.2436747727830999,0.2436747727830999,0.2436747727830999,0.2436747727830999,0.2436747727830999,0.2436747727830999,0.0407121661721068,0.2893306825712392,0.5635656595871972,Pastizal
14.005093074518554,-89.66694522438382,2016,686,0.3942214465774675,0.3942214465774675,0.3942214465774675,0.3942214465774675,0.3942214465774675,0.3942214465774675,0.3942214465774675,0.3942214465774675,0.3942214465774675,0.3942214465774675,0.3942214465774675,0.3942214465774675,Pastizal
14.005093074518554,-89.66694522438382,2017,686,0.4139571768437747,0.2639318885448916,0.1925391095066185,0.2441437168116488,0.29574832411667906,0.3473529314217093,0.3989575387267396,0.45056214603176986,0.5021667533368002,0.47781382929808586,0.4534609052593716,0.4291079812206573,Pastizal
14.005093074518554,-89.66694522438382,2018,686,0.3575779952002954,0.373495104532243,0.3894122138641906,0.40532932319613824,0.4212464325280858,0.4371635418600334,0.4416475972540046,0.5217539089055064,0.5322333730226229,0.5321805955811719,0.5072046109510087,0.4448111477814448,Pastizal
14.005093074518554,-89.66694522438382,2019,686,0.3638867033831628,0.2893323100537222,0.1969045571797076,0.2444171276377791,0.3108108148591223,0.3772045020804655,0.4435981893018087,0.5099918765231519,0.4940245749873758,0.4841784800103043,0.4743323850332327,0.4644862900561612,Pastizal
14.005093074518554,-89.66694522438382,2020,686,0.4250686184812443,0.4250686184812443,0.4250686184812443,0.4250686184812443,0.4250686184812443,0.4250686184812443,0.4250686184812443,0.4368405185408501,0.0901624043307821,0.5054101221640489,0.5288633918967371,0.512810851544838,Caña de Azúcar
14.005093074518554,-89.66694522438382,2021,686,0.3300534759358289,0.3300534759358289,0.3300534759358289,0.3300534759358289,0.3300534759358289,0.3300534759358289,0.41599878018231917,0.5019440844288094,0.4973804292715903,0.4722016308376575,0.4564596716630978,0.4050384134357692,Pastizal
14.005093074518554,-89.66694522438382,2022,686,0.4431167130463251,0.4431167130463251,0.4431167130463251,0.4431167130463251,0.4431167130463251,0.4431167130463251,0.4431167130463251,0.46207043206338405,0.481024151080443,0.1981368685059118,0.3759166345040525,0.4439478584729981,Pastizal
14.005093074518554,-89.66694522438382,2023,686,0.3698135898977751,0.3698135898977751,0.3698135898977751,0.3698135898977751,0.3698135898977751,0.3698135898977751,0.3698135898977751,0.3698135898977751,0.3698135898977751,0.4121863799283154,0.4669324152926254,0.3701764591816948,Pastizal
14.005093074518554,-89.66694522438382,2024,686,0.5218678066425518,0.5218678066425518,0.5218678066425518,0.5218678066425518,0.5218678066425518,0.5218678066425518,0.5218678066425518,0.5218678066425518,0.5218678066425518,0.49141290594594783,0.4609580052493438,0.1783614268914151,Pastizal
14.005093074518554,-89.66694522438382,2025,686,0.1651883543775435,0.1651883543775435,0.1651883543775435,0.1651883543775435,0.1651883543775435,0.1651883543775435,0.1651883543775435,0.1651883543775435,0.1651883543775435,0.081081081081081,0.5378323108384458,0.2252510760401721,Pastizal
14.00549753556071,-89.62994397844113,2016,697,0.3674456083803384,0.3674456083803384,0.3674456083803384,0.3674456083803384,0.3674456083803384,0.3674456083803384,0.3674456083803384,0.3674456083803384,0.3674456083803384,0.3674456083803384,0.3674456083803384,0.3674456083803384,Pastizal
14.00549753556071,-89.62994397844113,2017,697,0.4356261022927689,0.3832303618711385,0.110128771862387,0.19227134343320626,0.2744139150040255,0.3565564865748448,0.43869905814566407,0.5208416297164833,0.6029842012873026,0.5598236351984974,0.5166630691096923,0.4735025030208872,Pastizal
14.00549753556071,-89.62994397844113,2018,697,0.3728780487804878,0.4083650292988245,0.4438520098171612,0.479338990335498,0.5148259708538347,0.5503129513721714,0.5578783151326053,0.3511742217367559,0.5181006903519111,0.2615873015873016,0.1205147240781984,0.1228749731009253,Pastizal
14.00549753556071,-89.62994397844113,2019,697,0.1512728802861351,0.1902850260939382,0.1212224108658743,0.2907470288624788,0.3729987159669486,0.4552504030714185,0.5375020901758883,0.6197537772803582,0.6208095701766588,0.5974173505819076,0.5740251309871564,0.5506329113924051,Pastizal
14.00549753556071,-89.62994397844113,2020,697,0.5424198013352874,0.5424198013352874,0.5424198013352874,0.5424198013352874,0.5424198013352874,0.5424198013352874,0.5424198013352874,0.4923402007395668,0.6268100951592884,0.6293340671436434,0.550974025974026,0.5310344827586206,Cultivo Perenne (Café)
14.00549753556071,-89.62994397844113,2021,697,0.4992261392949269,0.4992261392949269,0.4992261392949269,0.4992261392949269,0.4992261392949269,0.4992261392949269,0.55238749666797,0.6055488540410132,0.2878787878787879,0.6175,0.6042224204579245,0.5463258785942492,Cultivo Perenne (Café)
14.00549753556071,-89.62994397844113,2022,697,0.6125053778861322,0.6125053778861322,0.6125053778861322,0.6125053778861322,0.6125053778861322,0.6125053778861322,0.6125053778861322,0.6046849397829317,0.5968645016797313,0.6039898764329313,0.5495439789766579,0.52,Cultivo Perenne (Café)
14.00549753556071,-89.62994397844113,2023,697,0.6206994597668467,0.6206994597668467,0.6206994597668467,0.6206994597668467,0.6206994597668467,0.6206994597668467,0.6206994597668467,0.6206994597668467,0.6206994597668467,0.6280701754385964,0.5802662490211433,0.5522809217745728,Cultivo Perenne (Café)
14.00549753556071,-89.62994397844113,2024,697,0.3181818181818182,0.3181818181818182,0.3181818181818182,0.3181818181818182,0.3181818181818182,0.3181818181818182,0.3181818181818182,0.3181818181818182,0.3181818181818182,0.4033644693003332,0.4885471204188482,0.527561661976494,Pastizal
14.00549753556071,-89.62994397844113,2025,697,0.130173564753004,0.130173564753004,0.130173564753004,0.130173564753004,0.130173564753004,0.130173564753004,0.130173564753004,0.130173564753004,0.130173564753004,0.4477475834397227,0.4058728157088813,0.3002954606500134,Granos Básicos
14.005797182943828,-89.60219227627164,2016,728,0.3419857235561324,0.3419857235561324,0.3419857235561324,0.3419857235561324,0.3419857235561324,0.3419857235561324,0.3419857235561324,0.3419857235561324,0.3419857235561324,0.3419857235561324,0.3419857235561324,0.3419857235561324,Pastizal
14.005797182943828,-89.60219227627164,2017,728,0.3402668759811617,0.2377911344853493,0.2028706458953264,0.2348220052698569,0.2667733646443874,0.29872472401891786,0.33067608339344834,0.3626274427679788,0.3945788021425093,0.34645693523924403,0.29833506833597884,0.2502132014327136,Pastizal
14.005797182943828,-89.60219227627164,2018,728,0.2806103461109043,0.32105783386165915,0.361505321612414,0.4019528093631688,0.44240029711392365,0.4828477848646785,0.511380880121396,0.2154751892346509,0.3534090909090909,0.5301146455675763,0.4511155450752766,0.3404298051817634,Pastizal
14.005797182943828,-89.60219227627164,2019,728,0.2814180442142999,0.200780487804878,0.1959985179696183,0.1665979381443299,0.23687951435858068,0.3071610905728315,0.3774426667870822,0.447724243001333,0.2312573050592753,0.27934331181522337,0.3274293185711714,0.3755153253271195,Pastizal
14.005797182943828,-89.60219227627164,2020,728,0.4272282813087626,0.4272282813087626,0.4272282813087626,0.4272282813087626,0.4272282813087626,0.4272282813087626,0.4272282813087626,0.5077211043518952,0.3262847307597737,0.4233128834355828,0.4587400177462289,0.4181291840057897,Pastizal
14.005797182943828,-89.60219227627164,2021,728,0.2271345029239766,0.2271345029239766,0.2271345029239766,0.2271345029239766,0.2271345029239766,0.2271345029239766,0.3955863373484775,0.5640381717729784,0.0248092621245264,0.5484452456061288,0.4864954984994998,0.2769953051643192,Granos Básicos
14.005797182943828,-89.60219227627164,2022,728,0.3123133882718261,0.3123133882718261,0.3123133882718261,0.3123133882718261,0.3123133882718261,0.3123133882718261,0.3123133882718261,0.28273539347615806,0.2531573986804901,0.4110563765736179,0.5526271329616489,0.5227036395147314,Pastizal
14.005797182943828,-89.60219227627164,2023,728,0.3666391412056152,0.3666391412056152,0.3666391412056152,0.3666391412056152,0.3666391412056152,0.3666391412056152,0.3666391412056152,0.3666391412056152,0.3666391412056152,-0.0107131537242472,0.5051975051975052,0.3597301136363636,Pastizal
14.005797182943828,-89.60219227627164,2024,728,0.2533238787449033,0.2533238787449033,0.2533238787449033,0.2533238787449033,0.2533238787449033,0.2533238787449033,0.2533238787449033,0.2533238787449033,0.2533238787449033,0.2819969757253697,0.3106700727058361,0.2989797682863566,Granos Básicos
14.005797182943828,-89.60219227627164,2025,728,0.0510148954233233,0.0510148954233233,0.0510148954233233,0.0510148954233233,0.0510148954233233,0.0510148954233233,0.0510148954233233,0.0510148954233233,0.0510148954233233,0.5257627118644068,0.2111317254174397,0.2359272983942121,Pastizal
14.006677101112189,-89.51893329527329,2016,554,0.5306738183037211,0.5306738183037211,0.5306738183037211,0.5306738183037211,0.5306738183037211,0.5306738183037211,0.5306738183037211,0.5306738183037211,0.5306738183037211,0.5306738183037211,0.5306738183037211,0.5306738183037211,Cultivo Perenne (Café)
14.006677101112189,-89.51893329527329,2017,554,0.1209281570727353,0.2309594460929772,0.3584,0.3968008068582955,0.435201613716591,0.47360242057488655,0.512003227433182,0.5504040342914776,0.588804841149773,0.5558814938045835,0.522958146459394,0.4900347991142044,Pastizal
14.006677101112189,-89.51893329527329,2018,554,0.3526389537599252,0.37987474128270055,0.4071105288054759,0.4343463163282512,0.46158210385102655,0.4888178913738019,0.5313887127457197,0.5208049113233287,0.5636423513914046,0.5909235163440177,0.5912322274881516,0.529490841875315,Pastizal
14.006677101112189,-89.51893329527329,2019,554,0.4069369809477284,0.2912340425531914,0.0357664233576642,0.251056259728708,0.31877570424257645,0.386495148756445,0.45421459327031344,0.5219340377841819,0.4862540057345252,0.47098210963190096,0.45571021352927676,0.4404383174266525,Pastizal
14.006677101112189,-89.51893329527329,2020,554,0.5739317553027974,0.5739317553027974,0.5739317553027974,0.5739317553027974,0.5739317553027974,0.5739317553027974,0.5739317553027974,0.5262364294330518,0.4801201625728927,0.435753363891764,0.5286689419795222,0.4708847557795932,Cultivo Perenne (Café)
14.006677101112189,-89.51893329527329,2021,554,0.2686638135996196,0.2686638135996196,0.2686638135996196,0.2686638135996196,0.2686638135996196,0.2686638135996196,0.4079747883293421,0.5472857630590645,0.5898443403354995,0.5713625866050809,0.5683297180043384,0.4854861004454001,Pastizal
14.006677101112189,-89.51893329527329,2022,554,0.5663844064547052,0.5663844064547052,0.5663844064547052,0.5663844064547052,0.5663844064547052,0.5663844064547052,0.5663844064547052,0.5349509971972018,0.5035175879396985,0.5810239549084077,0.5255354200988468,0.4487053425106522,Cultivo Perenne (Café)
14.006677101112189,-89.51893329527329,2023,554,0.5197618653877956,0.5197618653877956,0.5197618653877956,0.5197618653877956,0.5197618653877956,0.5197618653877956,0.5197618653877956,0.5197618653877956,0.5197618653877956,0.5243083974463906,0.5565625505745266,0.4857700439095788,Pastizal
14.006677101112189,-89.51893329527329,2024,554,0.4368033648790747,0.4368033648790747,0.4368033648790747,0.4368033648790747,0.4368033648790747,0.4368033648790747,0.4368033648790747,0.4368033648790747,0.4368033648790747,0.44135502374871527,0.4459066826183558,0.4345634856120955,Pastizal
14.006677101112189,-89.51893329527329,2025,554,0.1962639204885642,0.1962639204885642,0.1962639204885642,0.1962639204885642,0.1962639204885642,0.1962639204885642,0.1962639204885642,0.1962639204885642,0.1962639204885642,0.2961388593694651,0.2187242459205538,0.2031304347826087,Granos Básicos
14.013817962539234,-89.69480077886172,2016,689,0.3196671402476151,0.3196671402476151,0.3196671402476151,0.3196671402476151,0.3196671402476151,0.3196671402476151,0.3196671402476151,0.3196671402476151,0.3196671402476151,0.3196671402476151,0.3196671402476151,0.3196671402476151,Pastizal
14.013817962539234,-89.69480077886172,2017,689,0.1329032258064516,0.1539568345323741,0.1553655660377358,0.2133879328118167,0.2714102995858976,0.3294326663599785,0.3874550331340594,0.4454773999081403,0.5034997666822212,0.48682207421127,0.47014438174031886,0.4534666892693677,Pastizal
14.013817962539234,-89.69480077886172,2018,689,0.1069528526875802,0.18851089209109195,0.2700689314946037,0.35162697089811545,0.4331850103016272,0.514743049705139,0.4671682626538987,0.2555371900826446,0.5887764489420423,0.6065392075367138,0.5232329347661571,0.4763803680981595,Pastizal
14.013817962539234,-89.69480077886172,2019,689,0.1091535810034469,0.1457224723700368,-0.0090732339598185,0.144566778362853,0.2454606568946694,0.34635453542648575,0.44724841395830217,0.5481422924901186,0.541110217216412,0.3709399782830478,0.20076973934968373,0.0305995004163197,Granos Básicos
14.013817962539234,-89.69480077886172,2020,689,0.5687314713683882,0.5687314713683882,0.5687314713683882,0.5687314713683882,0.5687314713683882,0.5687314713683882,0.5687314713683882,0.4745914885975938,0.5716417910447761,0.5625097793772492,0.5271304643646879,0.4776252451417365,Cultivo Perenne (Café)
14.013817962539234,-89.69480077886172,2021,689,0.4041675263049308,0.4041675263049308,0.4041675263049308,0.4041675263049308,0.4041675263049308,0.4041675263049308,0.4936858703727939,0.583204214440657,0.4128076210637735,0.5368898978433598,0.5032855939342881,0.3557184250894835,Pastizal
14.013817962539234,-89.69480077886172,2022,689,0.5073509015256588,0.5073509015256588,0.5073509015256588,0.5073509015256588,0.5073509015256588,0.5073509015256588,0.5073509015256588,0.5089539212532699,0.5105569409808811,0.5263587400032642,0.4805609799396414,0.4097695852534562,Pastizal
14.013817962539234,-89.69480077886172,2023,689,0.4432894432894433,0.4432894432894433,0.4432894432894433,0.4432894432894433,0.4432894432894433,0.4432894432894433,0.4432894432894433,0.4432894432894433,0.4432894432894433,0.4373271889400921,0.5456316986034426,0.4065134733013721,Pastizal
14.013817962539234,-89.69480077886172,2024,689,0.2069269151746404,0.2069269151746404,0.2069269151746404,0.2069269151746404,0.2069269151746404,0.2069269151746404,0.2069269151746404,0.2069269151746404,0.2069269151746404,0.30552052460789086,0.4041141340411413,0.4351171738370059,Pastizal
14.013817962539234,-89.69480077886172,2025,689,0.4284978761745398,0.4284978761745398,0.4284978761745398,0.4284978761745398,0.4284978761745398,0.4284978761745398,0.4284978761745398,0.4284978761745398,0.4284978761745398,0.4329395413481584,0.4702665755297334,0.4238341968911917,Pastizal
14.014429289911687,-89.63929763222465,2016,692,0.400934769355822,0.400934769355822,0.400934769355822,0.400934769355822,0.400934769355822,0.400934769355822,0.400934769355822,0.400934769355822,0.400934769355822,0.400934769355822,0.400934769355822,0.400934769355822,Pastizal
14.014429289911687,-89.63929763222465,2017,692,0.5159342502515935,0.2255342316591806,0.0706566916043225,0.12187544277737741,0.17309419395043232,0.22431294512348723,0.2755316962965422,0.326750447469597,0.377969198642652,0.4442277754034653,0.5104863521642786,0.5767449289250919,Pastizal
14.014429289911687,-89.63929763222465,2018,692,0.5059373875494783,0.49554284502642965,0.48514830250338103,0.4747537599803324,0.4643592174572838,0.4539646749342352,0.4914901007294199,0.1780562282826155,0.5463576158940397,0.0769833189756441,0.5684057502826684,0.557256882228376,Cultivo Perenne (Café)
14.014429289911687,-89.63929763222465,2019,692,0.5230166503428012,0.4598191434908719,0.3686694499909239,0.1445153801508996,0.2425318269017786,0.3405482736526576,0.4385647204035366,0.5365811671544156,0.5802990897269181,0.5906149241606987,0.6009307585944793,0.6112465930282599,Pastizal
14.014429289911687,-89.63929763222465,2020,692,0.4538704288100983,0.4538704288100983,0.4538704288100983,0.4538704288100983,0.4538704288100983,0.4538704288100983,0.4538704288100983,0.2822042323533589,0.1486815036469048,0.5588139459107201,0.5825242718446602,0.5826277830040765,Caña de Azúcar
14.014429289911687,-89.63929763222465,2021,692,0.4194606413994169,0.4194606413994169,0.4194606413994169,0.4194606413994169,0.4194606413994169,0.4194606413994169,0.47505919472423463,0.5306577480490524,0.4547818012999071,0.5865603644646925,0.6006324110671937,0.5575412109074103,Pastizal
14.014429289911687,-89.63929763222465,2022,692,0.4518950437317784,0.4518950437317784,0.4518950437317784,0.4518950437317784,0.4518950437317784,0.4518950437317784,0.4518950437317784,0.4355386567531647,0.419182269774551,0.5281093236464279,0.5812020460358056,0.5614767255216694,Pastizal
14.014429289911687,-89.63929763222465,2023,692,0.603522867737948,0.603522867737948,0.603522867737948,0.603522867737948,0.603522867737948,0.603522867737948,0.603522867737948,0.603522867737948,0.603522867737948,0.6075070193586523,0.5968676585747846,0.570514870482891,Cultivo Perenne (Café)
14.014429289911687,-89.63929763222465,2024,692,0.5113137453562986,0.5113137453562986,0.5113137453562986,0.5113137453562986,0.5113137453562986,0.5113137453562986,0.5113137453562986,0.5113137453562986,0.5113137453562986,0.5159736078692563,0.5206334703822141,0.6000614817091915,Cultivo Perenne (Café)
14.014429289911687,-89.63929763222465,2025,692,0.1183341797866937,0.1183341797866937,0.1183341797866937,0.1183341797866937,0.1183341797866937,0.1183341797866937,0.1183341797866937,0.1183341797866937,0.1183341797866937,0.2825322391559203,0.3832130649449297,0.0410729253981559,Granos Básicos
14.015710300596036,-89.51903183579141,2016,529,0.503970265247508,0.503970265247508,0.503970265247508,0.503970265247508,0.503970265247508,0.503970265247508,0.503970265247508,0.503970265247508,0.503970265247508,0.503970265247508,0.503970265247508,0.503970265247508,Pastizal
14.015710300596036,-89.51903183579141,2017,529,0.1518987341772152,0.2021081576535288,0.3848670756646217,0.4146389529531608,0.4444108302416999,0.47418270753023906,0.5039545848187781,0.5337264621073172,0.5634983393958564,0.533472967004645,0.5034475946134336,0.4734222222222222,Pastizal
14.015710300596036,-89.51903183579141,2018,529,0.4375508874776095,0.43603917976020545,0.43452747204280134,0.4330157643253973,0.4315040566079932,0.4299923488905891,0.4857428714357178,0.5467963770546796,0.5621923203150639,0.6001229445212848,0.609980692113471,0.575282000980873,Pastizal
14.015710300596036,-89.51903183579141,2019,529,0.5049217363240277,0.3434745030250648,0.0746113989637305,0.1747940325094633,0.27279624742516567,0.3707984623408681,0.4688006772565705,0.5668028921722729,0.5671451355661882,0.530567050977834,0.49398896638947987,0.4574108818011257,Pastizal
14.015710300596036,-89.51903183579141,2020,529,0.5841433778857837,0.5841433778857837,0.5841433778857837,0.5841433778857837,0.5841433778857837,0.5841433778857837,0.5841433778857837,0.5784212847273262,0.5312979703223606,0.390356394129979,0.5184404636459431,0.4561691270275196,Cultivo Perenne (Café)
14.015710300596036,-89.51903183579141,2021,529,0.6244453985973951,0.6244453985973951,0.6244453985973951,0.6244453985973951,0.6244453985973951,0.6244453985973951,0.582966104574477,0.5414868105515588,0.4877963737796373,0.4900314795383001,0.4987601842012044,0.4453097345132743,Cultivo Perenne (Café)
14.015710300596036,-89.51903183579141,2022,529,0.619875416485586,0.619875416485586,0.619875416485586,0.619875416485586,0.619875416485586,0.619875416485586,0.619875416485586,0.5377813928206018,0.4556873691556176,0.4613304488912926,0.4384615384615384,0.4467687710123272,Cultivo Perenne (Café)
14.015710300596036,-89.51903183579141,2023,529,0.5899122807017544,0.5899122807017544,0.5899122807017544,0.5899122807017544,0.5899122807017544,0.5899122807017544,0.5899122807017544,0.5899122807017544,0.5899122807017544,0.3746056782334385,0.5477253928866832,0.5128667431568595,Cultivo Perenne (Café)
14.015710300596036,-89.51903183579141,2024,529,0.4767710049423393,0.4767710049423393,0.4767710049423393,0.4767710049423393,0.4767710049423393,0.4767710049423393,0.4767710049423393,0.4767710049423393,0.4767710049423393,0.3948272202625807,0.3128834355828221,0.2740940632228218,Pastizal
14.015710300596036,-89.51903183579141,2025,529,0.0447300771208226,0.0447300771208226,0.0447300771208226,0.0447300771208226,0.0447300771208226,0.0447300771208226,0.0447300771208226,0.0447300771208226,0.0447300771208226,0.4493401923507045,0.1015262110152621,0.1374654302911989,Granos Básicos
14.015806371893069,-89.50978012371839,2016,538,0.486404833836858,0.486404833836858,0.486404833836858,0.486404833836858,0.486404833836858,0.486404833836858,0.486404833836858,0.486404833836858,0.486404833836858,0.486404833836858,0.486404833836858,0.486404833836858,Pastizal
14.015806371893069,-89.50978012371839,2017,538,0.1402580918129892,0.1658316633266533,0.2883383169585647,0.3321102214634018,0.3758821259682389,0.419654030473076,0.46342593497791307,0.5071978394827501,0.5509697439875872,0.5206555294153924,0.49034131484319754,0.4600271002710027,Pastizal
14.015806371893069,-89.50978012371839,2018,538,0.3586088046373178,0.378316637554907,0.39802447047249623,0.4177323033900855,0.4374401363076747,0.4571479692252639,0.490885202824766,0.4231039325842696,0.4463441251364132,0.4810928170797901,0.4955176656705923,0.4260802170122069,Pastizal
14.015806371893069,-89.50978012371839,2019,538,0.3508042653171878,0.062018102581294,0.125374925014997,0.138503525130771,0.23443683286050465,0.3303701405902383,0.426303448319972,0.5222367560497057,0.4853703394081257,0.46126679343626287,0.4371632474644001,0.4130597014925373,Pastizal
14.015806371893069,-89.50978012371839,2020,538,0.5406360424028268,0.5406360424028268,0.5406360424028268,0.5406360424028268,0.5406360424028268,0.5406360424028268,0.5406360424028268,0.5492957746478874,0.5265238879736408,0.3948948948948949,0.4758351101634683,0.3987843065021182,Pastizal
14.015806371893069,-89.50978012371839,2021,538,0.2808126410835214,0.2808126410835214,0.2808126410835214,0.2808126410835214,0.2808126410835214,0.2808126410835214,0.20566079879026794,0.1305089564970145,0.3803807947019867,0.5257867853023562,0.5538903061224489,0.4958728217670437,Pastizal
14.015806371893069,-89.50978012371839,2022,538,0.5644891122278057,0.5644891122278057,0.5644891122278057,0.5644891122278057,0.5644891122278057,0.5644891122278057,0.5644891122278057,0.533534878694548,0.5025806451612903,0.5092729361562449,0.4868064952638701,0.2273691654879773,Pastizal
14.015806371893069,-89.50978012371839,2023,538,0.4761146496815286,0.4761146496815286,0.4761146496815286,0.4761146496815286,0.4761146496815286,0.4761146496815286,0.4761146496815286,0.4761146496815286,0.4761146496815286,0.4352941176470588,0.4511705685618729,0.4046128500823723,Pastizal
14.015806371893069,-89.50978012371839,2024,538,0.3229007633587786,0.3229007633587786,0.3229007633587786,0.3229007633587786,0.3229007633587786,0.3229007633587786,0.3229007633587786,0.3229007633587786,0.3229007633587786,0.3064015217445359,0.2899022801302932,0.2561827449499717,Pastizal
14.015806371893069,-89.50978012371839,2025,538,0.1434709508686717,0.1434709508686717,0.1434709508686717,0.1434709508686717,0.1434709508686717,0.1434709508686717,0.1434709508686717,0.1434709508686717,0.1434709508686717,0.4087320766876107,0.3294999128768078,0.3423922760593599,Granos Básicos
14.022643153422845,-89.71340742524161,2016,646,0.3668805132317562,0.3668805132317562,0.3668805132317562,0.3668805132317562,0.3668805132317562,0.3668805132317562,0.3668805132317562,0.3668805132317562,0.3668805132317562,0.3668805132317562,0.3668805132317562,0.3668805132317562,Pastizal
14.022643153422845,-89.71340742524161,2017,646,0.4649078302046338,0.1926877470355731,0.1222139673105497,0.18285729198750056,0.24350061666445144,0.3041439413414023,0.36478726601835315,0.425430590695304,0.4860739153722549,0.498657411060543,0.5112409067488312,0.5238244024371193,Pastizal
14.022643153422845,-89.71340742524161,2018,646,0.5137614678899083,0.5006314948291093,0.4875015217683104,0.47437154870751147,0.46124157564671253,0.4481116025859136,0.4720746821181394,0.5363881401617251,0.5466882067851373,0.130800240157818,0.5831591519856674,0.5007400098667982,Cultivo Perenne (Café)
14.022643153422845,-89.71340742524161,2019,646,0.4594858444516759,0.3500329597890573,0.25793327908869,0.1721854304635761,0.24850364508765366,0.3248218597117313,0.40114007433580884,0.4774582889598864,0.5380071506295663,0.5179769067840074,0.4979466629384485,0.4779164190928897,Pastizal
14.022643153422845,-89.71340742524161,2020,646,0.5317170375290601,0.5317170375290601,0.5317170375290601,0.5317170375290601,0.5317170375290601,0.5317170375290601,0.5317170375290601,0.4961260330578512,0.3965257830666119,0.6061574208539064,0.5944700460829493,0.5404040404040404,Cultivo Perenne (Café)
14.022643153422845,-89.71340742524161,2021,646,0.2211350293542074,0.2211350293542074,0.2211350293542074,0.2211350293542074,0.2211350293542074,0.2211350293542074,0.37613234137800233,0.5311296534017972,0.575682382133995,0.5566795596548646,0.5418275418275418,0.4972120439700493,Pastizal
14.022643153422845,-89.71340742524161,2022,646,0.5382833984657693,0.5382833984657693,0.5382833984657693,0.5382833984657693,0.5382833984657693,0.5382833984657693,0.5382833984657693,0.5452302601184935,0.5521771217712177,0.5973396147983927,0.5508718726307809,0.5317909723345737,Cultivo Perenne (Café)
14.022643153422845,-89.71340742524161,2023,646,0.5724006963127077,0.5724006963127077,0.5724006963127077,0.5724006963127077,0.5724006963127077,0.5724006963127077,0.5724006963127077,0.5724006963127077,0.5724006963127077,0.0114982578397212,0.557227971150831,0.4785770750988142,Cultivo Perenne (Café)
14.022643153422845,-89.71340742524161,2024,646,0.5343627005752346,0.5343627005752346,0.5343627005752346,0.5343627005752346,0.5343627005752346,0.5343627005752346,0.5343627005752346,0.5343627005752346,0.5343627005752346,0.4901844923415283,0.446006284107822,0.503515075769411,Pastizal
14.022643153422845,-89.71340742524161,2025,646,0.1342714047221559,0.1342714047221559,0.1342714047221559,0.1342714047221559,0.1342714047221559,0.1342714047221559,0.1342714047221559,0.1342714047221559,0.1342714047221559,0.5907059874888293,0.54912,0.5391370174110522,Pastizal
14.022746696407603,-89.7041568753695,2016,660,0.3185689948892675,0.3185689948892675,0.3185689948892675,0.3185689948892675,0.3185689948892675,0.3185689948892675,0.3185689948892675,0.3185689948892675,0.3185689948892675,0.3185689948892675,0.3185689948892675,0.3185689948892675,Pastizal
14.022746696407603,-89.7041568753695,2017,660,0.5062489855542931,0.0715682440359796,0.178417742469381,0.21086341826990787,0.24330909407043472,0.2757547698709616,0.30820044567148847,0.34064612147201534,0.3730917972725422,0.44158357426036227,0.5100753512481824,0.5785671282360024,Pastizal
14.022746696407603,-89.7041568753695,2018,660,0.5112094395280236,0.5149348883058359,0.5186603370836483,0.5223857858614607,0.5261112346392731,0.5298366834170855,0.416080918909652,0.3188163037409268,0.4820576277178716,0.0735865343116098,0.5401490648291379,0.4961958319550116,Pastizal
14.022746696407603,-89.7041568753695,2019,660,0.4389293579535829,0.3689062223010104,0.068546217583127,0.1040909090909091,0.149931337613115,0.19577176613532088,0.24161219465752679,0.2874526231797327,0.3827846092820309,0.3952322023663645,0.40767979545069816,0.4201273885350318,Pastizal
14.022746696407603,-89.7041568753695,2020,660,0.417697431018078,0.417697431018078,0.417697431018078,0.417697431018078,0.417697431018078,0.417697431018078,0.417697431018078,0.3721407162012936,0.5500456343170064,0.589993898718731,0.6054212228553827,0.5732351528733792,Caña de Azúcar
14.022746696407603,-89.7041568753695,2021,660,0.3040309724436347,0.3040309724436347,0.3040309724436347,0.3040309724436347,0.3040309724436347,0.3040309724436347,0.4518358186069049,0.5996406647701752,0.5317142857142857,0.4982113821138211,0.4880275624461671,0.4259649122807017,Pastizal
14.022746696407603,-89.7041568753695,2022,660,0.2385258874067375,0.2385258874067375,0.2385258874067375,0.2385258874067375,0.2385258874067375,0.2385258874067375,0.2385258874067375,0.3469674291914954,0.4554089709762533,0.5357031493607733,0.4412617839013778,0.4536368684064408,Pastizal
14.022746696407603,-89.7041568753695,2023,660,0.4737035000916254,0.4737035000916254,0.4737035000916254,0.4737035000916254,0.4737035000916254,0.4737035000916254,0.4737035000916254,0.4737035000916254,0.4737035000916254,0.4951485748938751,0.4291520413818585,0.4094545454545454,Pastizal
14.022746696407603,-89.7041568753695,2024,660,0.3538574308227964,0.3538574308227964,0.3538574308227964,0.3538574308227964,0.3538574308227964,0.3538574308227964,0.3538574308227964,0.3538574308227964,0.3538574308227964,0.3358132809107497,0.3177691309987029,0.3735481453727988,Pastizal
14.022746696407603,-89.7041568753695,2025,660,0.2435572454583861,0.2435572454583861,0.2435572454583861,0.2435572454583861,0.2435572454583861,0.2435572454583861,0.2435572454583861,0.2435572454583861,0.2435572454583861,0.4831644328211834,0.5104588394062078,0.3134932100548974,Pastizal
14.0228498867913,-89.69490625039145,2016,699,0.4272710032239711,0.4272710032239711,0.4272710032239711,0.4272710032239711,0.4272710032239711,0.4272710032239711,0.4272710032239711,0.4272710032239711,0.4272710032239711,0.4272710032239711,0.4272710032239711,0.4272710032239711,Pastizal
14.0228498867913,-89.69490625039145,2017,699,0.3268311340600497,0.2427370030581039,0.1221319311663479,0.12008698870479391,0.1180420462432399,0.1159971037816859,0.1139521613201319,0.11190721885857789,0.1098622763970239,0.1393763308712267,0.1688903853454295,0.1984044398196323,Granos Básicos
14.0228498867913,-89.69490625039145,2018,699,0.2210679788591215,0.29230502686412124,0.36354207486912093,0.4347791228741207,0.5060161708791204,0.5772532188841202,0.5875327701718613,0.1877300613496932,0.490128426298639,0.1939860652731939,0.2925085483369599,0.3664864864864864,Pastizal
14.0228498867913,-89.69490625039145,2019,699,0.2567988374506954,0.156311711985417,0.020593769600669,0.1334097859327217,0.23921296858861413,0.3450161512445066,0.45081933390039897,0.5566225165562914,0.2119750853928069,0.2565963961736493,0.3012177069544918,0.3458390177353342,Pastizal
14.0228498867913,-89.69490625039145,2020,699,0.5899581589958159,0.5899581589958159,0.5899581589958159,0.5899581589958159,0.5899581589958159,0.5899581589958159,0.5899581589958159,0.4562764456981664,0.5294528928509002,0.626969696969697,0.4406644306021402,0.5058967682646653,Cultivo Perenne (Café)
14.0228498867913,-89.69490625039145,2021,699,0.4704474314122629,0.4704474314122629,0.4704474314122629,0.4704474314122629,0.4704474314122629,0.4704474314122629,0.5105083774609874,0.550569323509712,0.0593089221248066,0.5827943078913325,0.3217556046731923,0.2287093942054433,Pastizal
14.0228498867913,-89.69490625039145,2022,699,0.4145071295722257,0.4145071295722257,0.4145071295722257,0.4145071295722257,0.4145071295722257,0.4145071295722257,0.4145071295722257,0.3528478071514114,0.2911884847305971,0.5980606818892712,0.1807272727272727,0.2225966303270564,Caña de Azúcar
14.0228498867913,-89.69490625039145,2023,699,0.551753345756395,0.551753345756395,0.551753345756395,0.551753345756395,0.551753345756395,0.551753345756395,0.551753345756395,0.551753345756395,0.551753345756395,0.5924228536510846,0.2460030943785456,0.3360711841204654,Caña de Azúcar
14.0228498867913,-89.69490625039145,2024,699,0.178627553693033,0.178627553693033,0.178627553693033,0.178627553693033,0.178627553693033,0.178627553693033,0.178627553693033,0.178627553693033,0.178627553693033,0.18108874569109545,0.1835499376891579,0.1536028119507908,Granos Básicos
14.0228498867913,-89.69490625039145,2025,699,0.2853185595567867,0.2853185595567867,0.2853185595567867,0.2853185595567867,0.2853185595567867,0.2853185595567867,0.2853185595567867,0.2853185595567867,0.2853185595567867,0.6260041654269562,0.2093392630241423,0.202045522911862,Pastizal
14.022952724560795,-89.68565555056345,2016,737,0.1965597563160724,0.1965597563160724,0.1965597563160724,0.1965597563160724,0.1965597563160724,0.1965597563160724,0.1965597563160724,0.1965597563160724,0.1965597563160724,0.1965597563160724,0.1965597563160724,0.1965597563160724,Granos Básicos
14.022952724560795,-89.68565555056345,2017,737,0.2659660468876313,0.1829463570856685,0.1349782293178519,0.19417368618567696,0.253369143053502,0.3125645999213271,0.37176005678915214,0.43095551365697726,0.4901509705248023,0.5123581227238414,0.5345652749228806,0.5567724271219198,Pastizal
14.022952724560795,-89.68565555056345,2018,737,0.4217881292261458,0.4427157789587411,0.4636434286913364,0.48457107842393177,0.5054987281565271,0.5264263778891224,0.5445454545454546,0.5627718179182372,0.5476883284836728,0.5902956785443518,0.5780108039402606,0.4815436241610738,Pastizal
14.022952724560795,-89.68565555056345,2019,737,0.493048491013903,0.3735622013802867,0.2926119837114601,0.1145510835913312,0.2175131854670353,0.32047528734273945,0.42343738921844354,0.5263994910941476,0.5595366795366795,0.5625851765386649,0.5656336735406503,0.5686821705426357,Pastizal
14.022952724560795,-89.68565555056345,2020,737,0.4385432473444613,0.4385432473444613,0.4385432473444613,0.4385432473444613,0.4385432473444613,0.4385432473444613,0.4385432473444613,0.4098642378415535,0.4931412894375857,0.5534972852123922,0.5218797888642942,0.4954703832752613,Pastizal
14.022952724560795,-89.68565555056345,2021,737,0.3020874359984246,0.3020874359984246,0.3020874359984246,0.3020874359984246,0.3020874359984246,0.3020874359984246,0.42013552289328354,0.5381836097881425,0.5416539517851694,0.5439706862091939,0.580903556552387,0.5569620253164557,Pastizal
14.022952724560795,-89.68565555056345,2022,737,0.4240959840026662,0.4240959840026662,0.4240959840026662,0.4240959840026662,0.4240959840026662,0.4240959840026662,0.4240959840026662,0.4465537116530319,0.4690114393033976,0.5362771103136215,0.4069990412272291,0.5115846440047354,Pastizal
14.022952724560795,-89.68565555056345,2023,737,0.5587949465500486,0.5587949465500486,0.5587949465500486,0.5587949465500486,0.5587949465500486,0.5587949465500486,0.5587949465500486,0.5587949465500486,0.5587949465500486,0.5694050991501416,0.535377358490566,0.53292008711677,Cultivo Perenne (Café)
14.022952724560795,-89.68565555056345,2024,737,0.352367184676545,0.352367184676545,0.352367184676545,0.352367184676545,0.352367184676545,0.352367184676545,0.352367184676545,0.352367184676545,0.352367184676545,0.34700747744787186,0.3416477702191988,0.3991676125614831,Pastizal
14.022952724560795,-89.68565555056345,2025,737,0.2074428887251289,0.2074428887251289,0.2074428887251289,0.2074428887251289,0.2074428887251289,0.2074428887251289,0.2074428887251289,0.2074428887251289,0.2074428887251289,0.362457610213445,0.1996240601503759,0.2994197814060181,Granos Básicos
14.024647004158192,-89.52838244961002,2016,540,0.4396926161042432,0.4396926161042432,0.4396926161042432,0.4396926161042432,0.4396926161042432,0.4396926161042432,0.4396926161042432,0.4396926161042432,0.4396926161042432,0.4396926161042432,0.4396926161042432,0.4396926161042432,Pastizal
14.024647004158192,-89.52838244961002,2017,540,0.2254374158815612,0.1946658491722869,0.1684472413288453,0.22916363309729554,0.28988002486574577,0.35059641663419594,0.41131280840264617,0.4720292001710964,0.5327455919395466,0.4506433807609603,0.36854116958237393,0.2864389584037876,Pastizal
14.024647004158192,-89.52838244961002,2018,540,0.208675263774912,0.2549741203776081,0.3012729769803042,0.34757183358300026,0.3938706901856964,0.4401695467883925,0.3539428004628864,0.4777869529314616,0.5434305424898087,0.1274944567627494,0.484822791249788,0.3894104393541119,Pastizal
14.024647004158192,-89.52838244961002,2019,540,0.2959164646652992,0.2325541125541125,0.2251679038529515,0.2586266991983269,0.3340441657211843,0.40946163224404164,0.484879098766899,0.5602965652897564,0.3838163846540459,0.37527442077601997,0.3667324568979941,0.3581904930199682,Pastizal
14.024647004158192,-89.52838244961002,2020,540,0.3345076060848679,0.3345076060848679,0.3345076060848679,0.3345076060848679,0.3345076060848679,0.3345076060848679,0.3345076060848679,0.3461412151067323,0.3217750914585653,0.2677299914554258,0.3393753034471597,0.2741364785172704,Pastizal
14.024647004158192,-89.52838244961002,2021,540,0.1919164146274402,0.1919164146274402,0.1919164146274402,0.1919164146274402,0.1919164146274402,0.1919164146274402,0.1976113037854694,0.2033061929434986,0.1850852446952042,0.2221807783165485,0.1694798957046795,0.134778786990917,Granos Básicos
14.024647004158192,-89.52838244961002,2022,540,0.1539494567207911,0.1539494567207911,0.1539494567207911,0.1539494567207911,0.1539494567207911,0.1539494567207911,0.1539494567207911,0.1387891003559582,0.1236287439911253,0.1162477558348294,0.1263497405693451,0.154610796757914,Granos Básicos
14.024647004158192,-89.52838244961002,2023,540,0.1950371057513914,0.1950371057513914,0.1950371057513914,0.1950371057513914,0.1950371057513914,0.1950371057513914,0.1950371057513914,0.1950371057513914,0.1950371057513914,0.1521340064249655,0.1609514081424193,0.1838456901748041,Granos Básicos
14.024647004158192,-89.52838244961002,2024,540,0.1130820399113082,0.1130820399113082,0.1130820399113082,0.1130820399113082,0.1130820399113082,0.1130820399113082,0.1130820399113082,0.1130820399113082,0.1130820399113082,0.1719140190495834,0.2307459981878586,0.2099567099567099,Granos Básicos
14.024647004158192,-89.52838244961002,2025,540,0.2670157068062827,0.2670157068062827,0.2670157068062827,0.2670157068062827,0.2670157068062827,0.2670157068062827,0.2670157068062827,0.2670157068062827,0.2670157068062827,0.1782024062278839,0.2049976862563628,0.161817895895581,Granos Básicos
14.02568896881832,-89.42660660619565,2016,301,0.5367875647668394,0.5367875647668394,0.5367875647668394,0.5367875647668394,0.5367875647668394,0.5367875647668394,0.5367875647668394,0.5367875647668394,0.5367875647668394,0.5367875647668394,0.5367875647668394,0.5367875647668394,Cultivo Perenne (Café)
14.02568896881832,-89.42660660619565,2017,301,0.3151917720162845,0.1833333333333333,0.1686982693754702,0.17315797344369624,0.17761767751192226,0.1820773815801483,0.18653708564837435,0.19099678971660036,0.1954564937848264,0.2990520994360491,0.40264770508727177,0.5062433107384945,Pastizal
14.02568896881832,-89.42660660619565,2018,301,0.1617794306966099,0.18822654577871525,0.21467366086082057,0.2411207759429259,0.26756789102503126,0.2940150061071366,0.297381116471399,0.6076789838337182,0.6403899721448468,0.6701706484641639,0.4845453187994624,0.5865784208096044,Pastizal
14.02568896881832,-89.42660660619565,2019,301,0.4581875993640699,0.3657862407862408,0.3167624669877272,0.2505677517032551,0.3157425388650728,0.38091732602689043,0.4460921131887081,0.5112669003505258,0.3488130306705943,0.40299785123543524,0.4571826718002761,0.511367492365117,Pastizal
14.02568896881832,-89.42660660619565,2020,301,0.581897901659881,0.581897901659881,0.581897901659881,0.581897901659881,0.581897901659881,0.581897901659881,0.581897901659881,0.5397072563064466,0.5139364303178484,0.5559055118110237,0.6302447552447552,0.5836123067113024,Cultivo Perenne (Café)
14.02568896881832,-89.42660660619565,2021,301,0.2140552169236285,0.2140552169236285,0.2140552169236285,0.2140552169236285,0.2140552169236285,0.2140552169236285,0.3981689488732277,0.5822826808228269,0.2804256262469519,0.5321458863443597,0.6510684338652962,0.5903578822833481,Pastizal
14.02568896881832,-89.42660660619565,2022,301,0.585812356979405,0.585812356979405,0.585812356979405,0.585812356979405,0.585812356979405,0.585812356979405,0.585812356979405,0.39755734128040016,0.2093023255813953,0.49150036954915,0.6349008184214177,0.5724550898203593,Cultivo Perenne (Café)
14.02568896881832,-89.42660660619565,2023,301,0.4259913623871221,0.4259913623871221,0.4259913623871221,0.4259913623871221,0.4259913623871221,0.4259913623871221,0.4259913623871221,0.4259913623871221,0.4259913623871221,0.4475221405690597,0.6231381055676066,0.5464376590330788,Caña de Azúcar
14.02568896881832,-89.42660660619565,2024,301,0.3186542187775233,0.3186542187775233,0.3186542187775233,0.3186542187775233,0.3186542187775233,0.3186542187775233,0.3186542187775233,0.3186542187775233,0.3186542187775233,0.4687052949137362,0.6187563710499491,0.5819142689371697,Pastizal
14.02568896881832,-89.42660660619565,2025,301,0.2330683015614522,0.2330683015614522,0.2330683015614522,0.2330683015614522,0.2330683015614522,0.2330683015614522,0.2330683015614522,0.2330683015614522,0.2330683015614522,0.5915127955944283,0.6426630434782609,0.5568920676202861,Pastizal
14.031778544063052,-89.70426278297631,2016,643,0.3163002574767281,0.3163002574767281,0.3163002574767281,0.3163002574767281,0.3163002574767281,0.3163002574767281,0.3163002574767281,0.3163002574767281,0.3163002574767281,0.3163002574767281,0.3163002574767281,0.3163002574767281,Pastizal
14.031778544063052,-89.70426278297631,2017,643,0.4693128752501668,0.2639405204460966,0.0546287209682695,0.13074830650089098,0.20686789203351247,0.2829874775661339,0.3591070630987554,0.4352266486313769,0.5113462341639984,0.5282552382529284,0.5451642423418583,0.5620732464307884,Pastizal
14.031778544063052,-89.70426278297631,2018,643,0.4897360703812317,0.47489009830724355,0.46004412623325536,0.4451981541592672,0.43035218208527903,0.4155062100112909,0.4403463203463203,0.5960742217451311,0.6099706744868035,-0.0128947368421052,0.624271976161452,0.5923770730288042,Cultivo Perenne (Café)
14.031778544063052,-89.70426278297631,2019,643,0.5204351204351204,0.2555775204744422,0.1091487107029318,0.1973609802073515,0.28857069642584665,0.37978041264434187,0.4709901288628371,0.5621998450813323,0.584752147054392,0.5911004133478586,0.5974486796413251,0.6037969459347916,Pastizal
14.031778544063052,-89.70426278297631,2020,643,0.4757782280346288,0.4757782280346288,0.4757782280346288,0.4757782280346288,0.4757782280346288,0.4757782280346288,0.4757782280346288,0.5892025212386955,0.4687684148497348,0.2688543465745538,0.4543102054019085,0.4879636638909916,Pastizal
14.031778544063052,-89.70426278297631,2021,643,0.3866822429906542,0.3866822429906542,0.3866822429906542,0.3866822429906542,0.3866822429906542,0.3866822429906542,0.47359169848180915,0.5605011539729641,0.4691522414558366,0.5988091862772895,0.5966514459665144,0.586764705882353,Pastizal
14.031778544063052,-89.70426278297631,2022,643,0.320786997433704,0.320786997433704,0.320786997433704,0.320786997433704,0.320786997433704,0.320786997433704,0.320786997433704,0.4205686243857348,0.5203502513377656,0.5671150971599402,0.5786066584463625,0.5627020038784745,Pastizal
14.031778544063052,-89.70426278297631,2023,643,0.5961887477313974,0.5961887477313974,0.5961887477313974,0.5961887477313974,0.5961887477313974,0.5961887477313974,0.5961887477313974,0.5961887477313974,0.5961887477313974,0.0207141273009536,0.5963864645536672,0.5727200634417129,Cultivo Perenne (Café)
14.031778544063052,-89.70426278297631,2024,643,0.5336918696614995,0.5336918696614995,0.5336918696614995,0.5336918696614995,0.5336918696614995,0.5336918696614995,0.5336918696614995,0.5336918696614995,0.5336918696614995,0.49653945350433876,0.459387037347178,0.5559808612440191,Cultivo Perenne (Café)
14.031778544063052,-89.70426278297631,2025,643,0.2324346405228758,0.2324346405228758,0.2324346405228758,0.2324346405228758,0.2324346405228758,0.2324346405228758,0.2324346405228758,0.2324346405228758,0.2324346405228758,0.6088863732842791,0.5890826383623957,0.4836503526394529,Pastizal
14.03259473934602,-89.63025281148921,2016,698,0.3894542090656799,0.3894542090656799,0.3894542090656799,0.3894542090656799,0.3894542090656799,0.3894542090656799,0.3894542090656799,0.3894542090656799,0.3894542090656799,0.3894542090656799,0.3894542090656799,0.3894542090656799,Pastizal
14.03259473934602,-89.63025281148921,2017,698,0.1291793313069908,0.0862715678919729,0.1383291827031922,0.20547863713407832,0.2726280915649644,0.3397775459958505,0.4069270004267367,0.47407645485762273,0.5412259092885089,0.39813194885434156,0.2550379884201743,0.111944027986007,Granos Básicos
14.03259473934602,-89.63025281148921,2018,698,0.116826923076923,0.1918645286076478,0.2669021341383726,0.34193973966909746,0.41697734519982227,0.4920149507305471,0.3881511746680286,0.2894195142033758,0.3409797822706065,0.362532981530343,0.3692600935713048,0.2933711804975789,Pastizal
14.03259473934602,-89.63025281148921,2019,698,0.1223429381199811,0.1110085391183937,0.0596219098400387,0.1608028335301062,0.2347285871358837,0.3086543407416612,0.3825800943474388,0.4565058479532163,0.4733553202568998,0.42390782107284514,0.37446032188879047,0.3250128227047358,Pastizal
14.03259473934602,-89.63025281148921,2020,698,0.3213483146067415,0.3213483146067415,0.3213483146067415,0.3213483146067415,0.3213483146067415,0.3213483146067415,0.3213483146067415,0.4108184828891342,0.4085146641438032,0.4522136331693605,0.3401748384644621,0.300556586270872,Pastizal
14.03259473934602,-89.63025281148921,2021,698,0.2128418549346016,0.2128418549346016,0.2128418549346016,0.2128418549346016,0.2128418549346016,0.2128418549346016,0.3608757749454041,0.5089096949562066,0.3630442235173123,0.4726848767488341,0.4816407542176645,0.1385142367801327,Granos Básicos
14.03259473934602,-89.63025281148921,2022,698,0.513149655604258,0.513149655604258,0.513149655604258,0.513149655604258,0.513149655604258,0.513149655604258,0.513149655604258,0.4816966092913426,0.4502435629784272,0.5364055299539171,0.4413638711899432,0.3769962318320474,Pastizal
14.03259473934602,-89.63025281148921,2023,698,0.5592724910685287,0.5592724910685287,0.5592724910685287,0.5592724910685287,0.5592724910685287,0.5592724910685287,0.5592724910685287,0.5592724910685287,0.5592724910685287,0.5566645202833226,0.5435415992230496,0.4469648562300319,Cultivo Perenne (Café)
14.03259473934602,-89.63025281148921,2024,698,0.2258284933378886,0.2258284933378886,0.2258284933378886,0.2258284933378886,0.2258284933378886,0.2258284933378886,0.2258284933378886,0.2258284933378886,0.2258284933378886,0.2903880097873851,0.3549475262368816,0.3790157845868152,Pastizal
14.03259473934602,-89.63025281148921,2025,698,0.0646067415730337,0.0646067415730337,0.0646067415730337,0.0646067415730337,0.0646067415730337,0.0646067415730337,0.0646067415730337,0.0646067415730337,0.0646067415730337,0.4137311286843997,0.3784150358457663,0.3824384570653227,Granos Básicos
14.040602667846631,-89.72287123542216,2016,640,0.2796411023285622,0.2796411023285622,0.2796411023285622,0.2796411023285622,0.2796411023285622,0.2796411023285622,0.2796411023285622,0.2796411023285622,0.2796411023285622,0.2796411023285622,0.2796411023285622,0.2796411023285622,Granos Básicos
14.040602667846631,-89.72287123542216,2017,640,0.3840947546531303,0.1002890816099622,0.1263286999182338,0.18275758220415725,0.23918646449008069,0.29561534677600415,0.35204422906192756,0.408473111347851,0.4649019936337745,0.47562233771489076,0.48634268179600704,0.4970630258771233,Pastizal
14.040602667846631,-89.72287123542216,2018,640,0.4020492430035173,0.4072388096074922,0.4124283762114671,0.417617942815442,0.4228075094194169,0.4279970760233918,0.4592043155765341,0.5691202872531418,0.5699908508691675,0.5831680362708983,0.3798103736754044,0.4853654719048364,Pastizal
14.040602667846631,-89.72287123542216,2019,640,0.3716291686612414,0.0998680158380994,0.1320899826956354,0.1668891855807743,0.2650395659015181,0.36318994622226186,0.46134032654300566,0.5594907068637495,0.5720806950375497,0.5488834844274065,0.5256862738172634,0.5024890632071203,Pastizal
14.040602667846631,-89.72287123542216,2020,640,0.3633930409717933,0.3633930409717933,0.3633930409717933,0.3633930409717933,0.3633930409717933,0.3633930409717933,0.3633930409717933,0.3307938068321455,0.532673860911271,0.5184948979591837,0.5070519435844513,0.4975797028876648,Pastizal
14.040602667846631,-89.72287123542216,2021,640,0.2372068230277185,0.2372068230277185,0.2372068230277185,0.2372068230277185,0.2372068230277185,0.2372068230277185,0.3473268157691784,0.4574468085106383,0.5733165512901196,0.6060175986375248,0.6059446733372572,0.5384174311926605,Pastizal
14.040602667846631,-89.72287123542216,2022,640,0.4222720478325859,0.4222720478325859,0.4222720478325859,0.4222720478325859,0.4222720478325859,0.4222720478325859,0.4222720478325859,0.4444242283502073,0.4665764088678287,0.453814018257775,0.3049367314204241,0.5091944670463792,Pastizal
14.040602667846631,-89.72287123542216,2023,640,0.6288373385192387,0.6288373385192387,0.6288373385192387,0.6288373385192387,0.6288373385192387,0.6288373385192387,0.6288373385192387,0.6288373385192387,0.6288373385192387,0.3873375725739563,0.6116033152329237,0.5422234859255047,Cultivo Perenne (Café)
14.040602667846631,-89.72287123542216,2024,640,0.502895912626179,0.502895912626179,0.502895912626179,0.502895912626179,0.502895912626179,0.502895912626179,0.502895912626179,0.502895912626179,0.502895912626179,0.44933781735271894,0.3957797220792589,0.4373393316195372,Pastizal
14.040602667846631,-89.72287123542216,2025,640,0.1618305744888023,0.1618305744888023,0.1618305744888023,0.1618305744888023,0.1618305744888023,0.1618305744888023,0.1618305744888023,0.1618305744888023,0.1618305744888023,0.5626961590195786,0.5182036888532477,0.4928999684443041,Pastizal
14.040706702556268,-89.71362003825764,2016,623,0.3260536398467433,0.3260536398467433,0.3260536398467433,0.3260536398467433,0.3260536398467433,0.3260536398467433,0.3260536398467433,0.3260536398467433,0.3260536398467433,0.3260536398467433,0.3260536398467433,0.3260536398467433,Pastizal
14.040706702556268,-89.71362003825764,2017,623,0.2636680884063591,0.2375542933511527,0.1830349382930645,0.20582697042886805,0.2286190025646716,0.25141103470047516,0.2742030668362787,0.29699509897208226,0.3197871311078858,0.35330658388638325,0.38682603666488063,0.4203454894433781,Pastizal
14.040706702556268,-89.71362003825764,2018,623,0.2677424952281798,0.28028193730351003,0.2928213793788403,0.30536082145417054,0.31790026352950085,0.3304397056048311,0.3701769165964617,0.5723975228546152,0.5583995292733157,0.1105015673981191,0.3473053892215569,0.3825991991263196,Pastizal
14.040706702556268,-89.71362003825764,2019,623,0.3526346265199768,0.2495475568067565,0.2056003068661296,0.1898883009994121,0.2118377889931981,0.2337872769869841,0.25573676498077014,0.2776862529745561,0.3472961373390558,0.3944036404628109,0.44151114358656607,0.4886186467103212,Pastizal
14.040706702556268,-89.71362003825764,2020,623,0.4499494438827098,0.4499494438827098,0.4499494438827098,0.4499494438827098,0.4499494438827098,0.4499494438827098,0.4499494438827098,0.3982987240430323,0.3358032009484291,0.4768729641693811,0.4115011202389843,0.2326435892477277,Pastizal
14.040706702556268,-89.71362003825764,2021,623,0.4008175978197391,0.4008175978197391,0.4008175978197391,0.4008175978197391,0.4008175978197391,0.4008175978197391,0.46859917726973943,0.5363807567197397,0.4578331110123018,0.194061013803503,0.3208916537065837,0.3401915572898191,Caña de Azúcar
14.040706702556268,-89.71362003825764,2022,623,0.555661729574773,0.555661729574773,0.555661729574773,0.555661729574773,0.555661729574773,0.555661729574773,0.555661729574773,0.4140782676961287,0.2724948058174844,0.4050146131364405,0.3470595804915712,0.2468184262412618,Pastizal
14.040706702556268,-89.71362003825764,2023,623,0.5676026619055348,0.5676026619055348,0.5676026619055348,0.5676026619055348,0.5676026619055348,0.5676026619055348,0.5676026619055348,0.5676026619055348,0.5676026619055348,0.0031891568666533,0.1710628394103956,0.2029243232562734,Caña de Azúcar
14.040706702556268,-89.71362003825764,2024,623,0.2287445887445887,0.2287445887445887,0.2287445887445887,0.2287445887445887,0.2287445887445887,0.2287445887445887,0.2287445887445887,0.2287445887445887,0.2287445887445887,0.25537070116995764,0.2819968135953266,0.3531083481349911,Pastizal
14.040706702556268,-89.71362003825764,2025,623,0.2108015796776603,0.2108015796776603,0.2108015796776603,0.2108015796776603,0.2108015796776603,0.2108015796776603,0.2108015796776603,0.2108015796776603,0.2108015796776603,0.3652063261225232,0.3260910282824499,0.2515358960856591,Granos Básicos
14.04280985461171,-89.5193278772178,2016,546,0.2988433228180862,0.2988433228180862,0.2988433228180862,0.2988433228180862,0.2988433228180862,0.2988433228180862,0.2988433228180862,0.2988433228180862,0.2988433228180862,0.2988433228180862,0.2988433228180862,0.2988433228180862,Pastizal
14.04280985461171,-89.5193278772178,2017,546,0.130648330058939,0.1344098248806004,0.1341012823299282,0.16252462697676856,0.19094797162360894,0.2193713162704493,0.24779466091728966,0.27621800556413,0.3046413502109704,0.29212973457357183,0.2796181189361733,0.2671065032987747,Granos Básicos
14.04280985461171,-89.5193278772178,2018,546,0.1348477525374577,0.2339840573099457,0.3331203620824337,0.4322566668549217,0.5313929716274097,0.6305292763998978,0.6312625250501002,0.4799079483094353,0.6427985788466795,0.497005988023952,0.2363196961850509,0.3830903790087464,Pastizal
14.04280985461171,-89.5193278772178,2019,546,0.3378498841148155,0.1488320355951056,0.1698037645174209,0.1644620811287478,0.17161044973544973,0.17875881834215165,0.18590718694885358,0.1930555555555555,0.3507340946166394,0.27968071791010674,0.20862734120357407,0.1375739644970414,Granos Básicos
14.04280985461171,-89.5193278772178,2020,546,0.6424745581146224,0.6424745581146224,0.6424745581146224,0.6424745581146224,0.6424745581146224,0.6424745581146224,0.6424745581146224,0.201660949629897,0.6196665724781012,0.3229813664596273,0.3517389745428469,0.4756944444444444,Cultivo Perenne (Café)
14.04280985461171,-89.5193278772178,2021,546,0.570267131242741,0.570267131242741,0.570267131242741,0.570267131242741,0.570267131242741,0.570267131242741,0.6075294691384168,0.6447918070340924,0.5847097687588485,0.6026490066225165,0.2122835207998571,0.1754584559655875,Caña de Azúcar
14.04280985461171,-89.5193278772178,2022,546,0.626975476839237,0.626975476839237,0.626975476839237,0.626975476839237,0.626975476839237,0.626975476839237,0.626975476839237,0.5122128977746991,0.3974503187101612,0.5572779414044334,0.3089835823648773,0.4708238982755617,Cultivo Perenne (Café)
14.04280985461171,-89.5193278772178,2023,546,0.193325661680092,0.193325661680092,0.193325661680092,0.193325661680092,0.193325661680092,0.193325661680092,0.193325661680092,0.193325661680092,0.193325661680092,0.1896939304859069,0.5301282051282051,0.2989413543942195,Pastizal
14.04280985461171,-89.5193278772178,2024,546,0.5314174378957623,0.5314174378957623,0.5314174378957623,0.5314174378957623,0.5314174378957623,0.5314174378957623,0.5314174378957623,0.5314174378957623,0.5314174378957623,0.3541403096041659,0.1768631813125695,0.2287951283166594,Caña de Azúcar
14.04280985461171,-89.5193278772178,2025,546,0.1805829066561638,0.1805829066561638,0.1805829066561638,0.1805829066561638,0.1805829066561638,0.1805829066561638,0.1805829066561638,0.1805829066561638,0.1805829066561638,0.5475932936722553,0.3980652096022931,0.4500548847420417,Pastizal
14.042906119022446,-89.51007508065456,2016,562,0.1912071252605647,0.1912071252605647,0.1912071252605647,0.1912071252605647,0.1912071252605647,0.1912071252605647,0.1912071252605647,0.1912071252605647,0.1912071252605647,0.1912071252605647,0.1912071252605647,0.1912071252605647,Granos Básicos
14.042906119022446,-89.51007508065456,2017,562,0.3428720991101029,0.2625204582651391,0.184664536741214,0.1871804152587245,0.189696293776235,0.1922121722937455,0.194728050811256,0.1972439293287665,0.199759807846277,0.30215843115557905,0.4045570544648811,0.5069556777741832,Pastizal
14.042906119022446,-89.51007508065456,2018,562,0.3028654334421473,0.3577853045001967,0.41270517555824615,0.46762504661629556,0.522544917674345,0.5774647887323944,0.5642085187539733,0.2063048683160415,0.3604313562836997,0.6094852168692781,0.6000604138347682,0.4201978719432518,Pastizal
14.042906119022446,-89.51007508065456,2019,562,0.2731977818853974,0.1931974490433912,0.0881720430107526,0.1607875307629204,0.21401482952454076,0.2672421282861611,0.32046942704778153,0.3736967258094019,0.2224694104560622,0.29887805645102844,0.3752867024459947,0.451695348440961,Pastizal
14.042906119022446,-89.51007508065456,2020,562,0.5582885847912697,0.5582885847912697,0.5582885847912697,0.5582885847912697,0.5582885847912697,0.5582885847912697,0.5582885847912697,0.5243991260014567,0.2697525937749401,0.4090643274853801,0.6228006398138723,0.5753192798892137,Cultivo Perenne (Café)
14.042906119022446,-89.51007508065456,2021,562,0.4154090548054011,0.4154090548054011,0.4154090548054011,0.4154090548054011,0.4154090548054011,0.4154090548054011,0.4784362347197737,0.5414634146341464,0.2864234837038636,0.5486740240487564,0.6323081185924079,0.504863813229572,Caña de Azúcar
14.042906119022446,-89.51007508065456,2022,562,0.4861296543539534,0.4861296543539534,0.4861296543539534,0.4861296543539534,0.4861296543539534,0.4861296543539534,0.4861296543539534,0.36526171049130585,0.2443937666286583,0.5787845987320241,0.6506607353133587,0.5171324806568767,Cultivo Perenne (Café)
14.042906119022446,-89.51007508065456,2023,562,0.3087248322147651,0.3087248322147651,0.3087248322147651,0.3087248322147651,0.3087248322147651,0.3087248322147651,0.3087248322147651,0.3087248322147651,0.3087248322147651,0.3909774436090225,0.6158208521157481,0.5321071313326879,Pastizal
14.042906119022446,-89.51007508065456,2024,562,0.5177098495875788,0.5177098495875788,0.5177098495875788,0.5177098495875788,0.5177098495875788,0.5177098495875788,0.5177098495875788,0.5177098495875788,0.5177098495875788,0.5726080808906259,0.6275063121936729,0.6148912873455342,Cultivo Perenne (Café)
14.042906119022446,-89.51007508065456,2025,562,0.2822141560798548,0.2822141560798548,0.2822141560798548,0.2822141560798548,0.2822141560798548,0.2822141560798548,0.2822141560798548,0.2822141560798548,0.2822141560798548,0.5040772175070727,0.5999339825053639,0.5981478419050769,Pastizal
14.04973846584179,-89.71372645784373,2016,662,0.3421250941974378,0.3421250941974378,0.3421250941974378,0.3421250941974378,0.3421250941974378,0.3421250941974378,0.3421250941974378,0.3421250941974378,0.3421250941974378,0.3421250941974378,0.3421250941974378,0.3421250941974378,Pastizal
14.04973846584179,-89.71372645784373,2017,662,0.1514484781811514,0.1776649746192893,0.1491495076096687,0.16071691937649565,0.17228433114332262,0.1838517429101496,0.19541915467697657,0.20698656644380353,0.2185539782106305,0.2904910938328868,0.3624282094551431,0.4343653250773994,Pastizal
14.04973846584179,-89.71372645784373,2018,662,0.2973478939157566,0.33234549179156275,0.36734308966736895,0.4023406875431751,0.43733828541898123,0.4723358832947874,0.5193213949104618,0.4817841334695267,0.1292413267251239,0.4160954556994161,0.4809071525489436,0.3115707821590174,Pastizal
14.04973846584179,-89.71372645784373,2019,662,0.2162247474747475,0.2194261900945664,0.128988356267957,0.1398793198025233,0.2325429446277518,0.3252065694529803,0.4178701942782088,0.5105338191034373,0.3460178481225796,0.3340043645755309,0.3219908810284823,0.3099773974814336,Pastizal
14.04973846584179,-89.71372645784373,2020,662,0.5300889586603872,0.5300889586603872,0.5300889586603872,0.5300889586603872,0.5300889586603872,0.5300889586603872,0.5300889586603872,0.1662437740813833,0.3529306965971851,0.4082498072474942,0.5052192066805845,0.4468294281500901,Pastizal
14.04973846584179,-89.71372645784373,2021,662,0.2129221732745961,0.2129221732745961,0.2129221732745961,0.2129221732745961,0.2129221732745961,0.2129221732745961,0.39156644291846265,0.5702107125623291,0.5860729643501179,0.6297286459029542,0.566402156011379,0.4136001356622011,Pastizal
14.04973846584179,-89.71372645784373,2022,662,0.5057902973395931,0.5057902973395931,0.5057902973395931,0.5057902973395931,0.5057902973395931,0.5057902973395931,0.5057902973395931,0.5074378034280349,0.5090853095164768,0.5786636402326572,0.235217106698669,0.5069633424043541,Pastizal
14.04973846584179,-89.71372645784373,2023,662,0.4353660608119585,0.4353660608119585,0.4353660608119585,0.4353660608119585,0.4353660608119585,0.4353660608119585,0.4353660608119585,0.4353660608119585,0.4353660608119585,0.3862080480881616,0.5910064239828694,0.4447779111644658,Caña de Azúcar
14.04973846584179,-89.71372645784373,2024,662,0.3894431927904731,0.3894431927904731,0.3894431927904731,0.3894431927904731,0.3894431927904731,0.3894431927904731,0.3894431927904731,0.3894431927904731,0.3894431927904731,0.37027351789973373,0.3511038430089943,0.3253358925143954,Pastizal
14.04973846584179,-89.71372645784373,2025,662,0.2102793772659415,0.2102793772659415,0.2102793772659415,0.2102793772659415,0.2102793772659415,0.2102793772659415,0.2102793772659415,0.2102793772659415,0.2102793772659415,0.6124617848303975,0.3861178932682246,0.4000647878198898,Pastizal
14.049945614512538,-89.69522311413589,2016,630,0.5639193266634905,0.5639193266634905,0.5639193266634905,0.5639193266634905,0.5639193266634905,0.5639193266634905,0.5639193266634905,0.5639193266634905,0.5639193266634905,0.5639193266634905,0.5639193266634905,0.5639193266634905,Cultivo Perenne (Café)
14.049945614512538,-89.69522311413589,2017,630,0.2199400941377834,0.108468548566348,0.1707502374169041,0.22758960189929928,0.28442896638169446,0.34126833086408964,0.3981076953464848,0.45494705982888,0.5117864243112752,0.4472993722913936,0.382812320271512,0.3183252682516305,Pastizal
14.049945614512538,-89.69522311413589,2018,630,0.2403972269065017,0.28558857351509853,0.33077992012369534,0.3759712667322922,0.421162613340889,0.4663539599494858,0.4636028766883003,0.232574679943101,0.5073622977640428,0.5371408549404345,0.488050784167289,0.3398212512413108,Pastizal
14.049945614512538,-89.69522311413589,2019,630,0.2414486921529175,0.1871289025090978,0.1480392156862745,0.2057571457530914,0.29055999767959845,0.37536284960610544,0.4601657015326125,0.5449685534591195,0.4767676767676768,0.379142656995006,0.2815176372223352,0.1838926174496644,Pastizal
14.049945614512538,-89.69522311413589,2020,630,0.5401652892561983,0.5401652892561983,0.5401652892561983,0.5401652892561983,0.5401652892561983,0.5401652892561983,0.5401652892561983,0.5758977149075082,0.5743621655258245,0.5200232153221126,0.4802524797114517,0.4242309153057349,Pastizal
14.049945614512538,-89.69522311413589,2021,630,0.5341614906832298,0.5341614906832298,0.5341614906832298,0.5341614906832298,0.5341614906832298,0.5341614906832298,0.531359217798526,0.5285569449138222,0.2331134150172793,0.1168873103002906,0.4481915079503756,0.345283360492486,Pastizal
14.049945614512538,-89.69522311413589,2022,630,0.1627179257934734,0.1627179257934734,0.1627179257934734,0.1627179257934734,0.1627179257934734,0.1627179257934734,0.1627179257934734,0.3518041791897585,0.5408904325860435,0.4945958288932866,0.5233072473630487,0.3979466119096509,Pastizal
14.049945614512538,-89.69522311413589,2023,630,0.5768277571251549,0.5768277571251549,0.5768277571251549,0.5768277571251549,0.5768277571251549,0.5768277571251549,0.5768277571251549,0.5768277571251549,0.5768277571251549,0.0048068202430618,0.5092560251484457,0.374372829023543,Cultivo Perenne (Café)
14.049945614512538,-89.69522311413589,2024,630,0.5472560975609756,0.5472560975609756,0.5472560975609756,0.5472560975609756,0.5472560975609756,0.5472560975609756,0.5472560975609756,0.5472560975609756,0.5472560975609756,0.4590603280712938,0.3708645585816121,0.4412757973733583,Pastizal
14.049945614512538,-89.69522311413589,2025,630,0.3127671865973426,0.3127671865973426,0.3127671865973426,0.3127671865973426,0.3127671865973426,0.3127671865973426,0.3127671865973426,0.3127671865973426,0.3127671865973426,0.5596026490066225,0.4769118452272312,0.3764654798089448,Pastizal
14.05015134989382,-89.67671947086109,2016,656,0.442645304244077,0.442645304244077,0.442645304244077,0.442645304244077,0.442645304244077,0.442645304244077,0.442645304244077,0.442645304244077,0.442645304244077,0.442645304244077,0.442645304244077,0.442645304244077,Pastizal
14.05015134989382,-89.67671947086109,2017,656,0.1732402912621359,0.086410635155096,0.2008025413810399,0.23638210974976398,0.27196167811848804,0.30754124648721215,0.3431208148559362,0.37870038322466026,0.4142799515933844,0.45115846055071723,0.48803696950805003,0.5249154784653829,Pastizal
14.05015134989382,-89.67671947086109,2018,656,0.2116346008180578,0.2527532183723817,0.2938718359267055,0.3349904534810294,0.3761090710353533,0.4172276885896772,0.4592885375494071,0.5074257425742574,0.5316786414108425,0.0809265084358021,0.5802178392699441,0.4629546475078581,Pastizal
14.05015134989382,-89.67671947086109,2019,656,0.2838014369693011,0.1986706056129985,0.1378594722798695,0.1551860649247822,0.251511959239726,0.3478378535546698,0.4441637478696136,0.5404896421845574,0.4782328281199613,0.4362505684926354,0.39426830886530945,0.3522860492379835,Pastizal
14.05015134989382,-89.67671947086109,2020,656,0.5028994845360825,0.5028994845360825,0.5028994845360825,0.5028994845360825,0.5028994845360825,0.5028994845360825,0.5028994845360825,0.4882704356695322,0.5496792364262244,0.5443645083932853,0.572827417380661,0.5538809344385832,Cultivo Perenne (Café)
14.05015134989382,-89.67671947086109,2021,656,0.5620392156862745,0.5620392156862745,0.5620392156862745,0.5620392156862745,0.5620392156862745,0.5620392156862745,0.5700687779997993,0.5780983403133241,0.5724194206446348,0.580952380952381,0.5578038982294301,0.5139538391914316,Cultivo Perenne (Café)
14.05015134989382,-89.67671947086109,2022,656,0.5704514363885089,0.5704514363885089,0.5704514363885089,0.5704514363885089,0.5704514363885089,0.5704514363885089,0.5704514363885089,0.5672412220702234,0.5640310077519379,0.3728141757985544,0.5765015344147304,0.1845524114611141,Cultivo Perenne (Café)
14.05015134989382,-89.67671947086109,2023,656,0.5944923589045241,0.5944923589045241,0.5944923589045241,0.5944923589045241,0.5944923589045241,0.5944923589045241,0.5944923589045241,0.5944923589045241,0.5944923589045241,0.6005244755244755,0.5644322007958371,0.177249049697311,Cultivo Perenne (Café)
14.05015134989382,-89.67671947086109,2024,656,0.5613506180283389,0.5613506180283389,0.5613506180283389,0.5613506180283389,0.5613506180283389,0.5613506180283389,0.5613506180283389,0.5613506180283389,0.5613506180283389,0.5073619656858336,0.4533733133433283,0.1862623762376237,Pastizal
14.05015134989382,-89.67671947086109,2025,656,0.3193266344773587,0.3193266344773587,0.3193266344773587,0.3193266344773587,0.3193266344773587,0.3193266344773587,0.3193266344773587,0.3193266344773587,0.3193266344773587,0.1130127430006511,0.4786276715410573,0.0610982211910286,Pastizal
14.058874041935926,-89.70458095657239,2016,666,0.4415954415954416,0.4415954415954416,0.4415954415954416,0.4415954415954416,0.4415954415954416,0.4415954415954416,0.4415954415954416,0.4415954415954416,0.4415954415954416,0.4415954415954416,0.4415954415954416,0.4415954415954416,Pastizal
14.058874041935926,-89.70458095657239,2017,666,0.2246007475365273,0.0641651031894934,0.1689583725748728,0.21663536271353542,0.264312352852198,0.3119893429908607,0.35966633312952323,0.4073433232681859,0.4550203134068485,0.49747048249413,0.5399206515814116,0.5823708206686931,Pastizal
14.058874041935926,-89.70458095657239,2018,666,0.1293764588196065,0.18267642478764395,0.2359763907556814,0.2892763567237189,0.3425763226917563,0.3958762886597938,0.5290650073685934,0.5651037412187551,0.2778382299601015,0.6503573391973612,0.3483800509646887,0.3699178850390546,Pastizal
14.058874041935926,-89.70458095657239,2019,666,0.3102648366518461,0.2430278884462151,0.2669093696110366,0.2954981864732238,0.36621782747726384,0.43693746848130394,0.507657109485344,0.5783767504893841,0.5864468310391772,0.5924132158952682,0.5983796007513592,0.6043459856074502,Pastizal
14.058874041935926,-89.70458095657239,2020,666,0.4838139041217053,0.4838139041217053,0.4838139041217053,0.4838139041217053,0.4838139041217053,0.4838139041217053,0.4838139041217053,0.5352093342484557,0.59765625,0.5270742969077935,0.5736024844720496,0.568535091851154,Cultivo Perenne (Café)
14.058874041935926,-89.70458095657239,2021,666,0.5663801337153773,0.5663801337153773,0.5663801337153773,0.5663801337153773,0.5663801337153773,0.5663801337153773,0.5717827512966223,0.5771853688778673,0.6299105933351395,0.3370091896407686,0.5691119691119692,0.5472568003688336,Cultivo Perenne (Café)
14.058874041935926,-89.70458095657239,2022,666,0.5646382076899789,0.5646382076899789,0.5646382076899789,0.5646382076899789,0.5646382076899789,0.5646382076899789,0.5646382076899789,0.5618974550092437,0.5591567023285084,0.601640967605036,0.4950778024769768,0.5477870429762668,Cultivo Perenne (Café)
14.058874041935926,-89.70458095657239,2023,666,0.5527533918595371,0.5527533918595371,0.5527533918595371,0.5527533918595371,0.5527533918595371,0.5527533918595371,0.5527533918595371,0.5527533918595371,0.5527533918595371,0.2078247784651396,0.5841128661248275,0.5588749404099793,Cultivo Perenne (Café)
14.058874041935926,-89.70458095657239,2024,666,0.5752134236090668,0.5752134236090668,0.5752134236090668,0.5752134236090668,0.5752134236090668,0.5752134236090668,0.5752134236090668,0.5752134236090668,0.5752134236090668,0.5230414294621372,0.4708694353152076,0.5677915926583778,Cultivo Perenne (Café)
14.058874041935926,-89.70458095657239,2025,666,0.3493855028843742,0.3493855028843742,0.3493855028843742,0.3493855028843742,0.3493855028843742,0.3493855028843742,0.3493855028843742,0.3493855028843742,0.3493855028843742,0.6074793448325845,0.552887537993921,0.5571933056962997,Pastizal
14.059183381617965,-89.67682451784111,2016,655,0.451507446422085,0.451507446422085,0.451507446422085,0.451507446422085,0.451507446422085,0.451507446422085,0.451507446422085,0.451507446422085,0.451507446422085,0.451507446422085,0.451507446422085,0.451507446422085,Pastizal
14.059183381617965,-89.67682451784111,2017,655,0.1221978762851845,0.1591957811470006,0.1586427429383549,0.20226676990894654,0.2458907968795382,0.28951482385012983,0.3331388508207215,0.3767628777913131,0.4203869047619047,0.4579068035811677,0.49542670240043063,0.5329466012196936,Pastizal
14.059183381617965,-89.67682451784111,2018,655,0.1132425742574257,0.18252982789014738,0.2518170815228691,0.3211043351555907,0.39039158878831237,0.4596788424210341,0.493116395494368,0.5636586486900567,0.5873406053157167,0.376588267099216,0.5959958165247273,0.5000768167153172,Pastizal
14.059183381617965,-89.67682451784111,2019,655,0.1308767471410419,0.1634011793798744,0.1854078973742232,0.196525954352656,0.2884835746753831,0.38044119499811013,0.4723988153208373,0.5643564356435643,0.5860401873394773,0.5711405228296098,0.5562408583197422,0.5413411938098748,Pastizal
14.059183381617965,-89.67682451784111,2020,655,0.5304990757855823,0.5304990757855823,0.5304990757855823,0.5304990757855823,0.5304990757855823,0.5304990757855823,0.5304990757855823,0.5511970002884338,0.5875558293546896,0.6051932723517262,0.5502939774352456,0.5051847051198963,Cultivo Perenne (Café)
14.059183381617965,-89.67682451784111,2021,655,0.387710314557425,0.387710314557425,0.387710314557425,0.387710314557425,0.387710314557425,0.387710314557425,0.4865213146507522,0.5853323147440794,0.282397198080166,0.5400436272982237,0.5072050673000792,0.1240851630073187,Pastizal
14.059183381617965,-89.67682451784111,2022,655,0.5560338201383551,0.5560338201383551,0.5560338201383551,0.5560338201383551,0.5560338201383551,0.5560338201383551,0.5560338201383551,0.5559346923971031,0.5558355646558513,0.558437348030475,0.5296361036071826,0.2558238034731046,Pastizal
14.059183381617965,-89.67682451784111,2023,655,0.5766765671408473,0.5766765671408473,0.5766765671408473,0.5766765671408473,0.5766765671408473,0.5766765671408473,0.5766765671408473,0.5766765671408473,0.5766765671408473,0.5814235847624829,0.5277194116696299,0.1475529583637691,Cultivo Perenne (Café)
14.059183381617965,-89.67682451784111,2024,655,0.6138940720539687,0.6138940720539687,0.6138940720539687,0.6138940720539687,0.6138940720539687,0.6138940720539687,0.6138940720539687,0.6138940720539687,0.6138940720539687,0.5167228481361806,0.4195516242183925,0.4755627009646302,Cultivo Perenne (Café)
14.059183381617965,-89.67682451784111,2025,655,0.175495349777598,0.175495349777598,0.175495349777598,0.175495349777598,0.175495349777598,0.175495349777598,0.175495349777598,0.175495349777598,0.175495349777598,0.1101094655505473,0.5000760687661646,0.2228596646072374,Pastizal
14.059691875888191,-89.63056230217546,2016,700,0.3668502398294546,0.3668502398294546,0.3668502398294546,0.3668502398294546,0.3668502398294546,0.3668502398294546,0.3668502398294546,0.3668502398294546,0.3668502398294546,0.3668502398294546,0.3668502398294546,0.3668502398294546,Pastizal
14.059691875888191,-89.63056230217546,2017,700,0.1215846994535519,0.1452871956192473,0.151203380488701,0.20719230531734764,0.26318123014599426,0.31917015497464096,0.37515907980328755,0.43114800463193426,0.4871369294605809,0.5105944773437863,0.5340520252269917,0.5575095731101971,Pastizal
14.059691875888191,-89.63056230217546,2018,700,0.1164455674878921,0.18739767094069398,0.2583497743934959,0.3293018778462977,0.4002539812990996,0.4712060847519015,0.5021360499507065,0.5528375733855186,0.5909653465346535,0.6476971608832808,0.6188657067293565,0.5167730544614967,Pastizal
14.059691875888191,-89.63056230217546,2019,700,0.4417544859014525,0.1204564666103127,0.1538318105537945,0.1859805510534846,0.27119481499951514,0.35640907894554574,0.4416233428915763,0.5268376068376068,0.5848398350777038,0.5764802931171312,0.5681207511565588,0.5597612091959863,Pastizal
14.059691875888191,-89.63056230217546,2020,700,0.4674379548423213,0.4674379548423213,0.4674379548423213,0.4674379548423213,0.4674379548423213,0.4674379548423213,0.4674379548423213,0.4881903143585386,0.1222528620372691,0.5647268408551069,0.5788543660727433,0.5249216747365423,Pastizal
14.059691875888191,-89.63056230217546,2021,700,0.3899801368351357,0.3899801368351357,0.3899801368351357,0.3899801368351357,0.3899801368351357,0.3899801368351357,0.42663616756000666,0.4632921982848776,0.597117890541162,0.6267041461700632,0.6244260789715336,0.2668998984313283,Caña de Azúcar
14.059691875888191,-89.63056230217546,2022,700,0.3790496760259179,0.3790496760259179,0.3790496760259179,0.3790496760259179,0.3790496760259179,0.3790496760259179,0.3790496760259179,0.45238657434736407,0.5257234726688103,0.5610663360198388,0.5926908340701444,0.5618897637795276,Pastizal
14.059691875888191,-89.63056230217546,2023,700,0.6407711936489935,0.6407711936489935,0.6407711936489935,0.6407711936489935,0.6407711936489935,0.6407711936489935,0.6407711936489935,0.6407711936489935,0.6407711936489935,0.6454273759713091,0.5701953657428441,0.4960553856061825,Cultivo Perenne (Café)
14.059691875888191,-89.63056230217546,2024,700,0.4889663182346109,0.4889663182346109,0.4889663182346109,0.4889663182346109,0.4889663182346109,0.4889663182346109,0.4889663182346109,0.4889663182346109,0.4889663182346109,0.47793663224967764,0.4669069462647444,0.5251775338928341,Pastizal
14.059691875888191,-89.63056230217546,2025,700,0.1808311493822538,0.1808311493822538,0.1808311493822538,0.1808311493822538,0.1808311493822538,0.1808311493822538,0.1808311493822538,0.1808311493822538,0.1808311493822538,0.5866034210148052,0.5837076041505344,0.3519249081757584,Pastizal
14.06769772637322,-89.72319180630939,2016,716,0.3258520365752286,0.3258520365752286,0.3258520365752286,0.3258520365752286,0.3258520365752286,0.3258520365752286,0.3258520365752286,0.3258520365752286,0.3258520365752286,0.3258520365752286,0.3258520365752286,0.3258520365752286,Pastizal
14.06769772637322,-89.72319180630939,2017,716,0.3743743743743744,0.158749352219727,0.1765769022230255,0.19686405942593702,0.21715121662884854,0.23743837383176003,0.25772553103467155,0.27801268823758307,0.2982998454404946,0.28469377988899525,0.27108771433749596,0.2574816487859966,Granos Básicos
14.06769772637322,-89.72319180630939,2018,716,0.2653354403103002,0.3097129283186412,0.3540904163269823,0.3984679043353233,0.4428453923436644,0.4872228803520054,0.5864527629233511,0.5407944618427559,0.2769116555308092,0.5855469394489358,0.2509785501800532,0.2923180366448142,Pastizal
14.06769772637322,-89.72319180630939,2019,716,0.3339170022763089,0.2102955195424213,0.1628659226912502,0.1598062953995157,0.26409944184626744,0.36839258829301913,0.47268573473977094,0.5769788811865226,0.3908829863603733,0.34842730180320386,0.3059716172460344,0.263515932688865,Pastizal
14.06769772637322,-89.72319180630939,2020,716,0.5841811617984903,0.5841811617984903,0.5841811617984903,0.5841811617984903,0.5841811617984903,0.5841811617984903,0.5841811617984903,0.4503013979735796,0.25662100456621,0.5135429921832394,0.2845114548658704,0.3543593631539045,Pastizal
14.06769772637322,-89.72319180630939,2021,716,0.1812285387256772,0.1812285387256772,0.1812285387256772,0.1812285387256772,0.1812285387256772,0.1812285387256772,0.3991882497141336,0.61714796070259,0.1034482758620689,0.4621044885945548,0.3776375468349437,0.2071931196247068,Granos Básicos
14.06769772637322,-89.72319180630939,2022,716,0.535,0.535,0.535,0.535,0.535,0.535,0.535,0.49275107604017215,0.4505021520803443,0.3421326849600555,0.3786821705426356,0.3483342054770626,Pastizal
14.06769772637322,-89.72319180630939,2023,716,0.2870234604105572,0.2870234604105572,0.2870234604105572,0.2870234604105572,0.2870234604105572,0.2870234604105572,0.2870234604105572,0.2870234604105572,0.2870234604105572,0.3439342504913346,0.3444253203289348,0.2931506849315068,Pastizal
14.06769772637322,-89.72319180630939,2024,716,0.1581582476531068,0.1581582476531068,0.1581582476531068,0.1581582476531068,0.1581582476531068,0.1581582476531068,0.1581582476531068,0.1581582476531068,0.1581582476531068,0.21880490408994863,0.2794515605267905,0.3242089771891096,Granos Básicos
14.06769772637322,-89.72319180630939,2025,716,0.2205975842339478,0.2205975842339478,0.2205975842339478,0.2205975842339478,0.2205975842339478,0.2205975842339478,0.2205975842339478,0.2205975842339478,0.2205975842339478,0.5888439046333783,0.3199011594753849,0.2896039603960396,Pastizal
14.0680093954187,-89.69543473106765,2016,659,0.4044331395348837,0.4044331395348837,0.4044331395348837,0.4044331395348837,0.4044331395348837,0.4044331395348837,0.4044331395348837,0.4044331395348837,0.4044331395348837,0.4044331395348837,0.4044331395348837,0.4044331395348837,Pastizal
14.0680093954187,-89.69543473106765,2017,659,0.2367531003382187,0.1817007932115845,0.1606910644621958,0.1712557667540435,0.1818204690458912,0.1923851713377389,0.2029498736295866,0.2135145759214343,0.224079278213282,0.24423154630026359,0.2643838143872452,0.2845360824742268,Granos Básicos
14.0680093954187,-89.69543473106765,2018,659,0.3582018173122908,0.39394206166459383,0.42968230601689694,0.4654225503692,0.501162794721503,0.5369030390738061,0.5717944854602983,0.3666494044536509,0.256553968540951,0.5883589329021827,0.2585254952906788,0.3595620937393089,Pastizal
14.0680093954187,-89.69543473106765,2019,659,0.3120924166200857,0.2022126613398893,0.1732801595214357,0.1589013224821973,0.18525316227965438,0.2116050020771115,0.23795684187456861,0.2643086816720257,0.2028962694789863,0.2629799594790633,0.32306364947914024,0.3831473394792172,Pastizal
14.0680093954187,-89.69543473106765,2020,659,0.5945443273403596,0.5945443273403596,0.5945443273403596,0.5945443273403596,0.5945443273403596,0.5945443273403596,0.5945443273403596,0.5310210063507572,0.3892791127541589,0.5752778200639367,0.3092265282957678,0.4274008521796132,Cultivo Perenne (Café)
14.0680093954187,-89.69543473106765,2021,659,0.338885583977791,0.338885583977791,0.338885583977791,0.338885583977791,0.338885583977791,0.338885583977791,0.45729730248400846,0.5757090209902259,0.5090655509065551,0.5894114333990426,0.322139076473809,0.256087856119688,Pastizal
14.0680093954187,-89.69543473106765,2022,659,0.271889400921659,0.271889400921659,0.271889400921659,0.271889400921659,0.271889400921659,0.271889400921659,0.271889400921659,0.2638588582499294,0.2558283155781998,0.5107823075712262,0.394923478910041,0.4563329510077011,Pastizal
14.0680093954187,-89.69543473106765,2023,659,0.3549944300037133,0.3549944300037133,0.3549944300037133,0.3549944300037133,0.3549944300037133,0.3549944300037133,0.3549944300037133,0.3549944300037133,0.3549944300037133,0.4491525423728814,0.3079698261725155,0.3473825054356916,Pastizal
14.0680093954187,-89.69543473106765,2024,659,0.2423954372623574,0.2423954372623574,0.2423954372623574,0.2423954372623574,0.2423954372623574,0.2423954372623574,0.2423954372623574,0.2423954372623574,0.2423954372623574,0.2331450375399275,0.2238946378174976,0.2601415501467288,Granos Básicos
14.0680093954187,-89.69543473106765,2025,659,0.1828171828171828,0.1828171828171828,0.1828171828171828,0.1828171828171828,0.1828171828171828,0.1828171828171828,0.1828171828171828,0.1828171828171828,0.1828171828171828,0.3101449275362319,0.1716312056737588,0.2673022598870056,Granos Básicos
14.068112577528948,-89.68618222247268,2016,719,0.2017167381974249,0.2017167381974249,0.2017167381974249,0.2017167381974249,0.2017167381974249,0.2017167381974249,0.2017167381974249,0.2017167381974249,0.2017167381974249,0.2017167381974249,0.2017167381974249,0.2017167381974249,Granos Básicos
14.068112577528948,-89.68618222247268,2017,719,0.2809472551130247,0.2222034185141309,0.1090613130765057,0.14812249479888168,0.1871836765212576,0.2262448582436336,0.26530603996600954,0.30436722168838554,0.3434284034107615,0.35355832954656824,0.36368825568237506,0.3738181818181818,Pastizal
14.068112577528948,-89.68618222247268,2018,719,0.3364070475876832,0.3665400335977496,0.39667301960781604,0.42680600561788246,0.4569389916279489,0.4870719776380153,0.5547902316844082,0.441438296386804,0.2419889502762431,0.229022529714387,0.1279387643521049,0.0938480096501809,Granos Básicos
14.068112577528948,-89.68618222247268,2019,719,0.0819180819180819,0.1127639155470249,0.120971508640822,0.1265667240108134,0.20913157743051378,0.29169643085021413,0.37426128426991456,0.4568261376896149,0.5831158864159631,0.5921825903771624,0.6012492943383615,0.6103159982995607,Pastizal
14.068112577528948,-89.68618222247268,2020,719,0.4860315186246418,0.4860315186246418,0.4860315186246418,0.4860315186246418,0.4860315186246418,0.4860315186246418,0.4860315186246418,0.5270809578107184,0.5881435257410297,0.5988598859885989,0.6095299008634474,0.6098097783367395,Cultivo Perenne (Café)
14.068112577528948,-89.68618222247268,2021,719,0.2842152266130833,0.2842152266130833,0.2842152266130833,0.2842152266130833,0.2842152266130833,0.2842152266130833,0.40269822677112244,0.5211812269291616,0.3014925373134328,0.5885890516576715,0.587911223044231,0.5215325215325215,Pastizal
14.068112577528948,-89.68618222247268,2022,719,0.3809099018733274,0.3809099018733274,0.3809099018733274,0.3809099018733274,0.3809099018733274,0.3809099018733274,0.3809099018733274,0.416691359214461,0.4524728165555945,0.5220552593310712,0.5432491216329263,0.521131503620138,Pastizal
14.068112577528948,-89.68618222247268,2023,719,0.3520140105078809,0.3520140105078809,0.3520140105078809,0.3520140105078809,0.3520140105078809,0.3520140105078809,0.3520140105078809,0.3520140105078809,0.3520140105078809,0.3228467293305198,0.3978779840848806,0.3804167434999078,Pastizal
14.068112577528948,-89.68618222247268,2024,719,0.3454545454545454,0.3454545454545454,0.3454545454545454,0.3454545454545454,0.3454545454545454,0.3454545454545454,0.3454545454545454,0.3454545454545454,0.3454545454545454,0.37126964017881847,0.3970847349030915,0.484294097342078,Pastizal
14.068112577528948,-89.68618222247268,2025,719,0.1437248946801214,0.1437248946801214,0.1437248946801214,0.1437248946801214,0.1437248946801214,0.1437248946801214,0.1437248946801214,0.1437248946801214,0.1437248946801214,0.4131736526946107,0.3191144708423326,0.4381084840055633,Pastizal
14.068925296238708,-89.61215948736212,2016,671,0.3539532186352213,0.3539532186352213,0.3539532186352213,0.3539532186352213,0.3539532186352213,0.3539532186352213,0.3539532186352213,0.3539532186352213,0.3539532186352213,0.3539532186352213,0.3539532186352213,0.3539532186352213,Pastizal
14.068925296238708,-89.61215948736212,2017,671,0.2311557788944723,0.1730710113741162,0.1642349420127198,0.18031251652810956,0.19639009104349933,0.21246766555888907,0.22854524007427884,0.2446228145896686,0.2607003891050584,0.3277290995624607,0.394757810019863,0.4617865204772653,Pastizal
14.068925296238708,-89.61215948736212,2018,671,0.2979565974972279,0.3286934599738198,0.35943032245041173,0.39016718492700364,0.4209040474035956,0.4516409098801875,0.46536294332118,0.4639012032932235,0.4064722617354196,0.1551690821256038,0.591743119266055,0.4318936877076412,Pastizal
14.068925296238708,-89.61215948736212,2019,671,0.2665209349251723,0.2027007192132687,0.1853597235312598,0.1620301550222977,0.24265488420279943,0.32327961338330113,0.4039043425638029,0.4845290717443046,0.3805737988247494,0.3723369800721475,0.3641001613195456,0.3558633425669437,Pastizal
14.068925296238708,-89.61215948736212,2020,671,0.3905284831846259,0.3905284831846259,0.3905284831846259,0.3905284831846259,0.3905284831846259,0.3905284831846259,0.3905284831846259,0.4234769687964339,0.4601630668001716,0.3223538863225547,0.6062968515742129,0.5466011466011466,Caña de Azúcar
14.068925296238708,-89.61215948736212,2021,671,0.2574876104287869,0.2574876104287869,0.2574876104287869,0.2574876104287869,0.2574876104287869,0.2574876104287869,0.45090804580763705,0.6443284811864872,0.1763401109057301,0.4995321481085416,0.3516426212410916,0.3241616509028375,Pastizal
14.068925296238708,-89.61215948736212,2022,671,0.5880339336210746,0.5880339336210746,0.5880339336210746,0.5880339336210746,0.5880339336210746,0.5880339336210746,0.5880339336210746,0.4547413053355889,0.3214486770501032,0.4055517941773865,0.3917797888386123,0.3398919753086419,Pastizal
14.068925296238708,-89.61215948736212,2023,671,0.3638823741656143,0.3638823741656143,0.3638823741656143,0.3638823741656143,0.3638823741656143,0.3638823741656143,0.3638823741656143,0.3638823741656143,0.3638823741656143,0.3802481727010028,0.4303599374021909,0.3289902280130293,Pastizal
14.068925296238708,-89.61215948736212,2024,671,0.4882578664620107,0.4882578664620107,0.4882578664620107,0.4882578664620107,0.4882578664620107,0.4882578664620107,0.4882578664620107,0.4882578664620107,0.4882578664620107,0.3651999460365932,0.2421420256111758,0.2671203743088047,Pastizal
14.068925296238708,-89.61215948736212,2025,671,0.0144814090019569,0.0144814090019569,0.0144814090019569,0.0144814090019569,0.0144814090019569,0.0144814090019569,0.0144814090019569,0.0144814090019569,0.0144814090019569,0.5233238338083096,0.417601683029453,0.1986328381753647,Pastizal
14.07662473043484,-89.73255138447443,2016,650,0.3521862083967805,0.3521862083967805,0.3521862083967805,0.3521862083967805,0.3521862083967805,0.3521862083967805,0.3521862083967805,0.3521862083967805,0.3521862083967805,0.3521862083967805,0.3521862083967805,0.3521862083967805,Pastizal
14.07662473043484,-89.73255138447443,2017,650,0.4256712508185986,0.3016359918200409,0.1582503556187766,0.20541583531644456,0.2525813150141125,0.29974679471178045,0.3469122744094484,0.3940777541071164,0.4412432338047843,0.49246707737616463,0.5436909209475449,0.5949147645189252,Pastizal
14.07662473043484,-89.73255138447443,2018,650,0.4872224549643904,0.4777779639715123,0.4683334729786342,0.4588889819857562,0.4494444909928781,0.44,0.4663247863247863,0.4457942488082423,0.5491913746630728,0.5941936513000479,0.5352132634263852,0.5561398082276523,Pastizal
14.07662473043484,-89.73255138447443,2019,650,0.4603914259086673,0.325526190852983,0.0580980201233365,0.2102049716528565,0.28868732928543805,0.36716968691801954,0.4456520445506011,0.5241344021831826,0.5463437354448067,0.5536323238328756,0.5609209122209445,0.5682095006090134,Pastizal
14.07662473043484,-89.73255138447443,2020,650,0.4769286229271809,0.4769286229271809,0.4769286229271809,0.4769286229271809,0.4769286229271809,0.4769286229271809,0.4769286229271809,0.4123557365919891,0.5148566463944396,0.4852338866134943,0.6077220077220077,0.5927843137254902,Cultivo Perenne (Café)
14.07662473043484,-89.73255138447443,2021,650,0.3765165535677565,0.3765165535677565,0.3765165535677565,0.3765165535677565,0.3765165535677565,0.3765165535677565,0.4344602428249864,0.4924039320822163,0.3066960595205291,0.5732988524325198,0.5542648523066711,0.5136054421768708,Pastizal
14.07662473043484,-89.73255138447443,2022,650,0.3813414402432073,0.3813414402432073,0.3813414402432073,0.3813414402432073,0.3813414402432073,0.3813414402432073,0.3813414402432073,0.4529814909585621,0.5246215416739168,0.5828779599271403,0.5755595490932854,0.5511605099705786,Pastizal
14.07662473043484,-89.73255138447443,2023,650,0.5506885681101709,0.5506885681101709,0.5506885681101709,0.5506885681101709,0.5506885681101709,0.5506885681101709,0.5506885681101709,0.5506885681101709,0.5506885681101709,0.293373580566336,0.5912080859939034,0.5290762161305657,Cultivo Perenne (Café)
14.07662473043484,-89.73255138447443,2024,650,0.5597290640394089,0.5597290640394089,0.5597290640394089,0.5597290640394089,0.5597290640394089,0.5597290640394089,0.5597290640394089,0.5597290640394089,0.5597290640394089,0.5022714469133215,0.444813829787234,0.5226964769647696,Cultivo Perenne (Café)
14.07662473043484,-89.73255138447443,2025,650,0.253012048192771,0.253012048192771,0.253012048192771,0.253012048192771,0.253012048192771,0.253012048192771,0.253012048192771,0.253012048192771,0.253012048192771,0.5608507916200224,0.5013995801259622,0.4716777557993166,Pastizal
14.085761061025655,-89.72340589865313,2016,702,0.380298273155416,0.380298273155416,0.380298273155416,0.380298273155416,0.380298273155416,0.380298273155416,0.380298273155416,0.380298273155416,0.380298273155416,0.380298273155416,0.380298273155416,0.380298273155416,Pastizal
14.085761061025655,-89.72340589865313,2017,702,0.2808033989957512,0.233201581027668,0.2081071299312341,0.22062910453038878,0.2331510791295435,0.2456730537286982,0.2581950283278529,0.27071700292700757,0.2832389775261623,0.31972556422817733,0.3562121509301924,0.3926987376322074,Pastizal
14.085761061025655,-89.72340589865313,2018,702,0.2227323096406522,0.28457450492686703,0.3464167002130819,0.4082588954992967,0.47010109078551165,0.5319432860717265,0.5484489926447074,0.330511132016306,0.4029264810849393,0.579963388250957,0.4094132817537073,0.4046598322460391,Pastizal
14.085761061025655,-89.72340589865313,2019,702,0.3332066147120319,0.2755102040816326,0.1169513797634691,0.239226201877035,0.3149035223755182,0.3905808428740014,0.4662581633724846,0.5419354838709678,0.366138448707256,0.38770326034222413,0.4092680719771922,0.4308328836121604,Pastizal
14.085761061025655,-89.72340589865313,2020,702,0.5845314823996034,0.5845314823996034,0.5845314823996034,0.5845314823996034,0.5845314823996034,0.5845314823996034,0.5845314823996034,0.46590592819371,0.4983159014359156,0.5461711711711712,0.4317883280165134,0.4932432432432432,Cultivo Perenne (Café)
14.085761061025655,-89.72340589865313,2021,702,0.3704268292682927,0.3704268292682927,0.3704268292682927,0.3704268292682927,0.3704268292682927,0.3704268292682927,0.4598176816678696,0.5492085340674466,0.0540724598202124,0.5549103330486763,0.4392250045695485,0.3785450061652281,Pastizal
14.085761061025655,-89.72340589865313,2022,702,0.5745957659609935,0.5745957659609935,0.5745957659609935,0.5745957659609935,0.5745957659609935,0.5745957659609935,0.5745957659609935,0.4593144092795592,0.3440330525981249,0.5263244759861363,0.4291151284490961,0.4203108059269967,Pastizal
14.085761061025655,-89.72340589865313,2023,702,0.336550392940852,0.336550392940852,0.336550392940852,0.336550392940852,0.336550392940852,0.336550392940852,0.336550392940852,0.336550392940852,0.336550392940852,0.5527614197039631,0.5230434053963465,0.4018964259664478,Pastizal
14.085761061025655,-89.72340589865313,2024,702,0.3720147998654557,0.3720147998654557,0.3720147998654557,0.3720147998654557,0.3720147998654557,0.3720147998654557,0.3720147998654557,0.3720147998654557,0.3720147998654557,0.34164942327903136,0.311284046692607,0.3747220796989909,Pastizal
14.085761061025655,-89.72340589865313,2025,702,0.2997824510514866,0.2997824510514866,0.2997824510514866,0.2997824510514866,0.2997824510514866,0.2997824510514866,0.2997824510514866,0.2997824510514866,0.2997824510514866,0.5914317215309498,0.4455676516329704,0.3773700305810397,Pastizal
14.086687751058044,-89.64012612906444,2016,661,0.3502965372106371,0.3502965372106371,0.3502965372106371,0.3502965372106371,0.3502965372106371,0.3502965372106371,0.3502965372106371,0.3502965372106371,0.3502965372106371,0.3502965372106371,0.3502965372106371,0.3502965372106371,Pastizal
14.086687751058044,-89.64012612906444,2017,661,0.1744227353463588,0.1745222929936305,0.1693180028350921,0.20995615842047877,0.25059431400586546,0.29123246959125215,0.3318706251766388,0.37250878076202554,0.4131469363474122,0.35009485197487933,0.2870427676023465,0.2239906832298136,Granos Básicos
14.086687751058044,-89.64012612906444,2018,661,0.2092480149462867,0.2801603167189341,0.35107261849158156,0.42198492026422896,0.49289722203687636,0.5638095238095238,0.5869947275922671,0.3970417633410673,0.4434032983508246,0.3416506717850288,0.3384121892542101,0.2808917197452229,Pastizal
14.086687751058044,-89.64012612906444,2019,661,0.3311015463095807,0.3434583135579813,0.325895087427144,0.161241768579492,0.2497218457793384,0.33820192297918483,0.42668200017903124,0.5151620773788776,0.3488943488943489,0.3406564122198239,0.3324184755452989,0.3241805388707739,Pastizal
14.086687751058044,-89.64012612906444,2020,661,0.5921400264200792,0.5921400264200792,0.5921400264200792,0.5921400264200792,0.5921400264200792,0.5921400264200792,0.5921400264200792,0.6092995169082126,0.4410881469704999,0.3984048613748576,0.4162267839687194,0.4430331753554502,Pastizal
14.086687751058044,-89.64012612906444,2021,661,0.2280296022201665,0.2280296022201665,0.2280296022201665,0.2280296022201665,0.2280296022201665,0.2280296022201665,0.4089351355476917,0.5898406688752169,0.4132603168394289,0.3019140483929216,0.2522692889561271,0.2821964336258137,Pastizal
14.086687751058044,-89.64012612906444,2022,661,0.629126213592233,0.629126213592233,0.629126213592233,0.629126213592233,0.629126213592233,0.629126213592233,0.629126213592233,0.45744742947495975,0.2857686453576865,0.3808363784003248,0.3432967032967033,0.4016874541452678,Pastizal
14.086687751058044,-89.64012612906444,2023,661,0.2194004995836802,0.2194004995836802,0.2194004995836802,0.2194004995836802,0.2194004995836802,0.2194004995836802,0.2194004995836802,0.2194004995836802,0.2194004995836802,0.2144387317909168,0.4030721368850865,0.3771186440677966,Granos Básicos
14.086687751058044,-89.64012612906444,2024,661,0.2703729281767956,0.2703729281767956,0.2703729281767956,0.2703729281767956,0.2703729281767956,0.2703729281767956,0.2703729281767956,0.2703729281767956,0.2703729281767956,0.29447541494235385,0.3185779017079121,0.4193989071038251,Pastizal
14.086687751058044,-89.64012612906444,2025,661,0.1812388478205455,0.1812388478205455,0.1812388478205455,0.1812388478205455,0.1812388478205455,0.1812388478205455,0.1812388478205455,0.1812388478205455,0.1812388478205455,0.3322133557328853,0.4638175615011671,0.4298910031405875,Pastizal
14.097488468423302,-89.47364629259333,2016,351,0.4486740032473389,0.4486740032473389,0.4486740032473389,0.4486740032473389,0.4486740032473389,0.4486740032473389,0.4486740032473389,0.4486740032473389,0.4486740032473389,0.4486740032473389,0.4486740032473389,0.4486740032473389,Pastizal
14.097488468423302,-89.47364629259333,2017,351,0.2044924772197499,0.1902403228765364,0.1852113921811427,0.25832981960710005,0.3314482470330574,0.40456667445901473,0.4776851018849721,0.5508035293109295,0.6239219567368868,0.5202350617166913,0.41654816669649597,0.3128612716763005,Pastizal
14.097488468423302,-89.47364629259333,2018,351,0.2140198511166253,0.2594428312479102,0.304865811379195,0.35028879151047987,0.39571177164176474,0.4411347517730496,0.490295358649789,0.455286058137382,0.3291737568538476,0.573657415010675,0.3786945812807882,0.2112895680648682,Granos Básicos
14.097488468423302,-89.47364629259333,2019,351,0.1672189650777466,0.1571059431524547,0.1477104874446085,0.2032422695887121,0.27607348277337773,0.3489046959580434,0.4217359091427091,0.4945671223273747,0.2553956834532374,0.2773681718003722,0.29934066014750704,0.3213131484946419,Pastizal
14.097488468423302,-89.47364629259333,2020,351,0.2335669002335669,0.2335669002335669,0.2335669002335669,0.2335669002335669,0.2335669002335669,0.2335669002335669,0.2335669002335669,0.3776268994503718,0.5606918238993711,0.5522155998963462,0.6008658008658009,0.4823261117445838,Pastizal
14.097488468423302,-89.47364629259333,2021,351,0.2708868409125246,0.2708868409125246,0.2708868409125246,0.2708868409125246,0.2708868409125246,0.2708868409125246,0.2599109617750559,0.2489350826375873,0.3790860302488209,0.4669667256068156,0.292267365661861,0.231786133960047,Pastizal
14.097488468423302,-89.47364629259333,2022,351,0.406552368019012,0.406552368019012,0.406552368019012,0.406552368019012,0.406552368019012,0.406552368019012,0.406552368019012,0.4322264088505666,0.4579004496821212,0.4155629139072848,0.3239757207890743,0.2737068965517241,Pastizal
14.097488468423302,-89.47364629259333,2023,351,0.5999392927606617,0.5999392927606617,0.5999392927606617,0.5999392927606617,0.5999392927606617,0.5999392927606617,0.5999392927606617,0.5999392927606617,0.5999392927606617,0.6085608856088561,0.4483291481553023,0.3100081366965012,Cultivo Perenne (Café)
14.097488468423302,-89.47364629259333,2024,351,0.5449751393701974,0.5449751393701974,0.5449751393701974,0.5449751393701974,0.5449751393701974,0.5449751393701974,0.5449751393701974,0.5449751393701974,0.5449751393701974,0.4359937616355631,0.3270123839009288,0.2972677595628415,Pastizal
14.097488468423302,-89.47364629259333,2025,351,0.4643998174349612,0.4643998174349612,0.4643998174349612,0.4643998174349612,0.4643998174349612,0.4643998174349612,0.4643998174349612,0.4643998174349612,0.4643998174349612,0.5701219512195121,0.3419452887537993,0.2889603860848582,Pastizal
14.104650607614596,-89.64958831834464,2016,679,0.3238169730152522,0.3238169730152522,0.3238169730152522,0.3238169730152522,0.3238169730152522,0.3238169730152522,0.3238169730152522,0.3238169730152522,0.3238169730152522,0.3238169730152522,0.3238169730152522,0.3238169730152522,Pastizal
14.104650607614596,-89.64958831834464,2017,679,0.1379550197078599,0.1392994297684161,0.1319472211115553,0.16623734829325137,0.20052747547494743,0.23481760265664348,0.2691077298383395,0.30339785702003563,0.3376879842017317,0.3205155997719079,0.3033432153420841,0.2861708309122603,Granos Básicos
14.104650607614596,-89.64958831834464,2018,679,0.1513753327417923,0.23479139434239332,0.3182074559429944,0.4016235175435954,0.4850395791441964,0.5684556407447974,0.6038969705058054,0.1638161961673191,0.5316804407713499,0.6113459702713759,0.2010999083409715,0.2711033274956217,Pastizal
14.104650607614596,-89.64958831834464,2019,679,0.248152820327987,0.1675567423230974,0.1563623908203459,0.1418659850283001,0.14542595150489832,0.14898591798149652,0.1525458844580947,0.1561058509346929,0.2390084190832553,0.271786062510636,0.3045637059380167,0.3373413493653974,Pastizal
14.104650607614596,-89.64958831834464,2020,679,0.6231178707224334,0.6231178707224334,0.6231178707224334,0.6231178707224334,0.6231178707224334,0.6231178707224334,0.6231178707224334,0.5147672800371115,0.317720207253886,0.2923363615187515,0.4065740903497978,0.3672413793103448,Caña de Azúcar
14.104650607614596,-89.64958831834464,2021,679,0.3900709219858156,0.3900709219858156,0.3900709219858156,0.3900709219858156,0.3900709219858156,0.3900709219858156,0.2605252104234317,0.1309794988610478,0.0040481213296083,0.6164936562860438,0.2338123415046492,0.3471604938271605,Pastizal
14.104650607614596,-89.64958831834464,2022,679,0.685,0.685,0.685,0.685,0.685,0.685,0.685,0.46553231151615576,0.2460646230323115,0.0488025577607528,0.5445790618204411,0.3866712352235738,Caña de Azúcar
14.104650607614596,-89.64958831834464,2023,679,0.4196891191709844,0.4196891191709844,0.4196891191709844,0.4196891191709844,0.4196891191709844,0.4196891191709844,0.4196891191709844,0.4196891191709844,0.4196891191709844,0.416151090849886,0.4412740544127405,0.3275672275515018,Pastizal
14.104650607614596,-89.64958831834464,2024,679,0.3524460810099947,0.3524460810099947,0.3524460810099947,0.3524460810099947,0.3524460810099947,0.3524460810099947,0.3524460810099947,0.3524460810099947,0.3524460810099947,0.34802779323460553,0.3436095054592164,0.4274580335731415,Pastizal
14.104650607614596,-89.64958831834464,2025,679,0.1585499017252675,0.1585499017252675,0.1585499017252675,0.1585499017252675,0.1585499017252675,0.1585499017252675,0.1585499017252675,0.1585499017252675,0.1585499017252675,0.3293949887960888,0.3359447864204439,0.311919792053472,Granos Básicos
14.104954594499484,-89.62182510453398,2016,655,0.3245831855267825,0.3245831855267825,0.3245831855267825,0.3245831855267825,0.3245831855267825,0.3245831855267825,0.3245831855267825,0.3245831855267825,0.3245831855267825,0.3245831855267825,0.3245831855267825,0.3245831855267825,Pastizal
14.104954594499484,-89.62182510453398,2017,655,0.176036866359447,0.2094292803970223,0.1294685990338164,0.16257075869438362,0.19567291835495082,0.228775078015518,0.2618772376760852,0.2949793973366524,0.3280815569972196,0.3222500562286197,0.3164185554600198,0.3105870546914199,Granos Básicos
14.104954594499484,-89.62182510453398,2018,655,0.1886501246586726,0.27556016554347446,0.3624702064282763,0.44938024731307824,0.5362902881978802,0.623200329082682,0.5787840315982508,0.460233918128655,0.4540558734432851,0.6167630873430224,0.4524662911759686,0.2356020942408377,Pastizal
14.104954594499484,-89.62182510453398,2019,655,0.2020568663036902,0.1826704545454545,0.1545530492898914,0.1756141947224749,0.22683338505994402,0.2780525753974131,0.32927176573488226,0.3804909560723514,0.3807157057654075,0.3258104705102717,0.2709052352551358,0.216,Granos Básicos
14.104954594499484,-89.62182510453398,2020,655,0.6525723262207095,0.6525723262207095,0.6525723262207095,0.6525723262207095,0.6525723262207095,0.6525723262207095,0.6525723262207095,0.607494271465157,0.6265026558568633,0.3420756837766954,0.4298834334157541,0.3360518999073216,Caña de Azúcar
14.104954594499484,-89.62182510453398,2021,655,0.3478333056616304,0.3478333056616304,0.3478333056616304,0.3478333056616304,0.3478333056616304,0.3478333056616304,0.3933176944974819,0.4388020833333333,0.3850985866340953,0.310485042114435,0.5517709118311982,0.2917133258678611,Pastizal
14.104954594499484,-89.62182510453398,2022,655,0.3813495072024261,0.3813495072024261,0.3813495072024261,0.3813495072024261,0.3813495072024261,0.3813495072024261,0.3813495072024261,0.3188489890043641,0.2563484708063021,0.331481949002777,0.6406186953597848,0.4633285186968384,Pastizal
14.104954594499484,-89.62182510453398,2023,655,0.3566891241578441,0.3566891241578441,0.3566891241578441,0.3566891241578441,0.3566891241578441,0.3566891241578441,0.3566891241578441,0.3566891241578441,0.3566891241578441,0.2814039408866995,0.5687435252330916,0.3980460132366845,Pastizal
14.104954594499484,-89.62182510453398,2024,655,0.2382247917020915,0.2382247917020915,0.2382247917020915,0.2382247917020915,0.2382247917020915,0.2382247917020915,0.2382247917020915,0.2382247917020915,0.2382247917020915,0.32593387625743175,0.4136429608127721,0.3788732394366197,Pastizal
14.104954594499484,-89.62182510453398,2025,655,0.099583960343454,0.099583960343454,0.099583960343454,0.099583960343454,0.099583960343454,0.099583960343454,0.099583960343454,0.099583960343454,0.099583960343454,0.511976911976912,0.5280682000965096,0.3170078438875072,Pastizal
14.106234962894735,-89.50151034959927,2016,388,0.3809603480006692,0.3809603480006692,0.3809603480006692,0.3809603480006692,0.3809603480006692,0.3809603480006692,0.3809603480006692,0.3809603480006692,0.3809603480006692,0.3809603480006692,0.3809603480006692,0.3809603480006692,Pastizal
14.106234962894735,-89.50151034959927,2017,388,0.2821019359936784,0.1030927835051546,0.2232258064516129,0.24929368807945154,0.2753615697072902,0.30142945133512883,0.32749733296296746,0.3535652145908061,0.3796330962186447,0.3946378523170079,0.40964260841537103,0.4246473645137342,Pastizal
14.106234962894735,-89.50151034959927,2018,388,0.2236867991343694,0.26670557817286383,0.30972435721135827,0.3527431362498527,0.39576191528834714,0.4387806943268416,0.4019512195121951,0.5251423921887713,0.5651595744680851,0.5418736692689851,0.4620714158820394,0.250201450443191,Pastizal
14.106234962894735,-89.50151034959927,2019,388,0.2342530922930542,0.2065548780487804,0.0246313026021156,0.2814502838308002,0.339136493360905,0.39682270289100985,0.4545089124211147,0.5121951219512195,0.5634685130234092,0.5045005962392586,0.44553267945510794,0.3865647626709573,Pastizal
14.106234962894735,-89.50151034959927,2020,388,0.518210197710718,0.518210197710718,0.518210197710718,0.518210197710718,0.518210197710718,0.518210197710718,0.518210197710718,0.5189831075430674,0.4151571164510166,0.3691467968974433,0.607909779082342,0.5326658747666724,Cultivo Perenne (Café)
14.106234962894735,-89.50151034959927,2021,388,0.4957160342717258,0.4957160342717258,0.4957160342717258,0.4957160342717258,0.4957160342717258,0.4957160342717258,0.5006770613456356,0.5056380884195454,0.3756058158319871,0.3750481324605313,0.5342319971621142,0.460006749915626,Pastizal
14.106234962894735,-89.50151034959927,2022,388,0.6170019664196037,0.6170019664196037,0.6170019664196037,0.6170019664196037,0.6170019664196037,0.6170019664196037,0.6170019664196037,0.4733203592360744,0.3296387520525451,0.4073622127313402,0.5531914893617021,0.4288979591836734,Pastizal
14.106234962894735,-89.50151034959927,2023,388,0.2778276481149012,0.2778276481149012,0.2778276481149012,0.2778276481149012,0.2778276481149012,0.2778276481149012,0.2778276481149012,0.2778276481149012,0.2778276481149012,0.3224871852016938,0.5657828914457229,0.4674230703111569,Pastizal
14.106234962894735,-89.50151034959927,2024,388,0.2278222056909057,0.2278222056909057,0.2278222056909057,0.2278222056909057,0.2278222056909057,0.2278222056909057,0.2278222056909057,0.2278222056909057,0.2278222056909057,0.33739303981701313,0.4469638739431206,0.4175866006851922,Pastizal
14.106234962894735,-89.50151034959927,2025,388,0.1148418491484185,0.1148418491484185,0.1148418491484185,0.1148418491484185,0.1148418491484185,0.1148418491484185,0.1148418491484185,0.1148418491484185,0.1148418491484185,0.3404988846075846,0.4056702835141757,0.3673315769665036,Granos Básicos
14.115555350877592,-89.47384120727502,2016,362,0.2799721593875065,0.2799721593875065,0.2799721593875065,0.2799721593875065,0.2799721593875065,0.2799721593875065,0.2799721593875065,0.2799721593875065,0.2799721593875065,0.2799721593875065,0.2799721593875065,0.2799721593875065,Granos Básicos
14.115555350877592,-89.47384120727502,2017,362,0.3491079812206573,0.2718548508022192,0.2137303799325216,0.25976947610921347,0.30580857228590536,0.3518476684625972,0.39788676463928907,0.44392586081598095,0.4899649569926728,0.4203186472997801,0.35067233760688743,0.2810260279139947,Pastizal
14.115555350877592,-89.47384120727502,2018,362,0.2149138234259585,0.27962841636426916,0.3443430093025799,0.4090576022408906,0.47377219517920127,0.5384867881175119,0.5719691236567277,0.3238516240630406,0.3369052721817402,0.6532376013827949,0.6183991106170095,0.3879502709595154,Granos Básicos
14.115555350877592,-89.47384120727502,2019,362,0.2818084618909424,0.2053025936599423,0.1534757749021968,0.1699433120250874,0.26664261982951376,0.36334192763394013,0.4600412354383665,0.5567405432427929,0.2201130856219709,0.2793547335536395,0.33859638148530813,0.3978380294169767,Pastizal
14.115555350877592,-89.47384120727502,2020,362,0.581656219069614,0.581656219069614,0.581656219069614,0.581656219069614,0.581656219069614,0.581656219069614,0.581656219069614,0.5397935397935398,0.2987578993244715,0.4789972899728997,0.5632450331125828,0.4399542508577964,Cultivo Perenne (Café)
14.115555350877592,-89.47384120727502,2021,362,0.2314474650991917,0.2314474650991917,0.2314474650991917,0.2314474650991917,0.2314474650991917,0.2314474650991917,0.3549715281227468,0.4784955911463019,0.1977334896443923,0.3378879562756197,0.4931787175989086,0.4134682484298674,Pastizal
14.115555350877592,-89.47384120727502,2022,362,0.4532246633593196,0.4532246633593196,0.4532246633593196,0.4532246633593196,0.4532246633593196,0.4532246633593196,0.4532246633593196,0.3146147074468346,0.1760047515343496,0.2384599879056641,0.4212454212454212,0.3026555110949436,Pastizal
14.115555350877592,-89.47384120727502,2023,362,0.4134497816593886,0.4134497816593886,0.4134497816593886,0.4134497816593886,0.4134497816593886,0.4134497816593886,0.4134497816593886,0.4134497816593886,0.4134497816593886,0.3903019213174748,0.3576561636263128,0.2499543545736717,Pastizal
14.115555350877592,-89.47384120727502,2024,362,0.5887876664330763,0.5887876664330763,0.5887876664330763,0.5887876664330763,0.5887876664330763,0.5887876664330763,0.5887876664330763,0.5887876664330763,0.5887876664330763,0.4976243497341509,0.4064610330352254,0.4022622834924001,Pastizal
14.115555350877592,-89.47384120727502,2025,362,0.3987379449934516,0.3987379449934516,0.3987379449934516,0.3987379449934516,0.3987379449934516,0.3987379449934516,0.3987379449934516,0.3987379449934516,0.3987379449934516,0.5350836787962536,0.4516129032258064,0.3733905579399141,Caña de Azúcar
14.124108115687145,-89.52021978339847,2016,450,0.3118159896123168,0.3118159896123168,0.3118159896123168,0.3118159896123168,0.3118159896123168,0.3118159896123168,0.3118159896123168,0.3118159896123168,0.3118159896123168,0.3118159896123168,0.3118159896123168,0.3118159896123168,Pastizal
14.124108115687145,-89.52021978339847,2017,450,0.2150672085026571,0.1624634988054154,0.1512284850873735,0.1699487134382091,0.18866894178904475,0.2073891701398804,0.226109398490716,0.24482962684155163,0.2635498551923873,0.3586774074019841,0.45380495961158096,0.5489325118211779,Pastizal
14.124108115687145,-89.52021978339847,2018,450,0.3552478322764333,0.38777494392011774,0.4203020555638022,0.45282916720748656,0.485356278851171,0.5178833904948554,0.4472853535353535,0.2636246074265657,0.4047619047619047,0.5124361719650798,0.526595744680851,0.383404619332763,Pastizal
14.124108115687145,-89.52021978339847,2019,450,0.3313001605136436,0.2946133012338248,0.2303030303030303,0.1825475017593244,0.192945109078114,0.20334271639690354,0.21374032371569313,0.2241379310344827,0.2095969289827255,0.26072646242920466,0.3118559958756838,0.362985529322163,Pastizal
14.124108115687145,-89.52021978339847,2020,450,0.6094638193270856,0.6094638193270856,0.6094638193270856,0.6094638193270856,0.6094638193270856,0.6094638193270856,0.6094638193270856,0.5749645278259499,0.2613268608414239,0.3295342896443309,0.6049915267293176,0.4681913351586407,Cultivo Perenne (Café)
14.124108115687145,-89.52021978339847,2021,450,0.3261722784548647,0.3261722784548647,0.3261722784548647,0.3261722784548647,0.3261722784548647,0.3261722784548647,0.27799931593836186,0.229826353421859,0.3114228456913828,0.5754241173773499,0.5305631317182737,0.2528236316246742,Pastizal
14.124108115687145,-89.52021978339847,2022,450,0.5557629491367242,0.5557629491367242,0.5557629491367242,0.5557629491367242,0.5557629491367242,0.5557629491367242,0.5557629491367242,0.38428879722282433,0.2128146453089245,0.5263074233031314,0.4864820580042602,0.3371115173674588,Pastizal
14.124108115687145,-89.52021978339847,2023,450,0.2468709538195943,0.2468709538195943,0.2468709538195943,0.2468709538195943,0.2468709538195943,0.2468709538195943,0.2468709538195943,0.2468709538195943,0.2468709538195943,0.3358538122243226,0.5738072366314442,0.4407969949371223,Pastizal
14.124108115687145,-89.52021978339847,2024,450,0.1753702260327357,0.1753702260327357,0.1753702260327357,0.1753702260327357,0.1753702260327357,0.1753702260327357,0.1753702260327357,0.1753702260327357,0.1753702260327357,0.34136032669158156,0.5073504273504273,0.5174971778745364,Pastizal
14.124108115687145,-89.52021978339847,2025,450,0.062759113652609,0.062759113652609,0.062759113652609,0.062759113652609,0.062759113652609,0.062759113652609,0.062759113652609,0.062759113652609,0.062759113652609,0.4771507863089732,0.5758499771306601,0.4605650892702375,Pastizal
14.133334679756649,-89.50180630825966,2016,414,0.516260162601626,0.516260162601626,0.516260162601626,0.516260162601626,0.516260162601626,0.516260162601626,0.516260162601626,0.516260162601626,0.516260162601626,0.516260162601626,0.516260162601626,0.516260162601626,Pastizal
14.133334679756649,-89.50180630825966,2017,414,0.2166363819907127,0.0999359385009609,0.116585505585792,0.17907100305251722,0.24155650051924243,0.30404199798596765,0.36652749545269286,0.4290129929194181,0.4914984903861433,0.45528072301893513,0.41906295565172696,0.3828451882845188,Pastizal
14.133334679756649,-89.50180630825966,2018,414,0.2248986405914619,0.2337234862777433,0.24254833196402473,0.25137317765030615,0.2601980233365876,0.269022869022869,0.3269478725363787,0.6313725490196078,0.2931643465613962,0.4992031166991323,0.4006615214994487,0.2865412445730825,Pastizal
14.133334679756649,-89.50180630825966,2019,414,0.247911794186435,0.2084449346147786,0.1931330472103004,0.1799818016378526,0.28053154260825436,0.3810812835786561,0.4816310245490579,0.5821807655194596,0.5407483341875962,0.5378803356079895,0.535012337028383,0.5321443384487764,Pastizal
14.133334679756649,-89.50180630825966,2020,414,0.5695177754311862,0.5695177754311862,0.5695177754311862,0.5695177754311862,0.5695177754311862,0.5695177754311862,0.5695177754311862,0.5425017277125086,0.4100749375520399,0.5304704767919166,0.2377538829151732,0.2725779967159277,Caña de Azúcar
14.133334679756649,-89.50180630825966,2021,414,0.1442833372949845,0.1442833372949845,0.1442833372949845,0.1442833372949845,0.1442833372949845,0.1442833372949845,0.18840784239980274,0.232532347504621,0.1808134394341291,0.4204348662690013,0.6370558375634517,0.2167334223408989,Pastizal
14.133334679756649,-89.50180630825966,2022,414,0.5420783645655878,0.5420783645655878,0.5420783645655878,0.5420783645655878,0.5420783645655878,0.5420783645655878,0.5420783645655878,0.3876082562363831,0.2331381479071785,0.5440758293838862,0.551957239427763,0.2531436135009927,Pastizal
14.133334679756649,-89.50180630825966,2023,414,0.1731522590754766,0.1731522590754766,0.1731522590754766,0.1731522590754766,0.1731522590754766,0.1731522590754766,0.1731522590754766,0.1731522590754766,0.1731522590754766,0.1957808078209416,0.6425602660016625,0.1936331775700934,Pastizal
14.133334679756649,-89.50180630825966,2024,414,0.2307692307692307,0.2307692307692307,0.2307692307692307,0.2307692307692307,0.2307692307692307,0.2307692307692307,0.2307692307692307,0.2307692307692307,0.2307692307692307,0.36454554101612924,0.4983218512630277,0.2003916449086162,Pastizal
14.133334679756649,-89.50180630825966,2025,414,0.1012487343908201,0.1012487343908201,0.1012487343908201,0.1012487343908201,0.1012487343908201,0.1012487343908201,0.1012487343908201,0.1012487343908201,0.1012487343908201,0.4046781204719519,0.5492772667542707,0.1896551724137931,Pastizal
14.149811488243994,-89.65011106944756,2016,959,0.4543981856471731,0.4543981856471731,0.4543981856471731,0.4543981856471731,0.4543981856471731,0.4543981856471731,0.4543981856471731,0.4543981856471731,0.4543981856471731,0.4543981856471731,0.4543981856471731,0.4543981856471731,Pastizal
14.149811488243994,-89.65011106944756,2017,959,0.273209549071618,0.1293663688058489,0.2261725922216658,0.2475695307694443,0.2689664693172228,0.29036340786500126,0.3117603464127797,0.3331572849605582,0.3545542235083367,0.3416488515251167,0.3287434795418967,0.3158381075586767,Pastizal
14.149811488243994,-89.65011106944756,2018,959,0.2372713791398912,0.26854208477966685,0.29981279041944253,0.33108349605921816,0.3623542016989938,0.3936249073387695,0.5269082498072475,0.5608289827558931,0.5736825497002209,0.5649045980606819,0.4214939024390244,0.157593123209169,Pastizal
14.149811488243994,-89.65011106944756,2019,959,0.2946353730092204,0.2181225330358675,0.1602288984263233,0.1881918819188192,0.2704230653494957,0.3526542487801722,0.43488543221084874,0.5171166156415252,0.5490970654627539,0.4216759885877849,0.29425491171281587,0.1668338348378468,Pastizal
14.149811488243994,-89.65011106944756,2020,959,0.5218666666666667,0.5218666666666667,0.5218666666666667,0.5218666666666667,0.5218666666666667,0.5218666666666667,0.5218666666666667,0.5346204093482363,0.5492236273411237,0.5749354005167958,0.3327688399661304,0.2166531932093775,Caña de Azúcar
14.149811488243994,-89.65011106944756,2021,959,0.4184506391498537,0.4184506391498537,0.4184506391498537,0.4184506391498537,0.4184506391498537,0.4184506391498537,0.37803059094652386,0.337610542743194,0.4594047963016469,0.4601418439716312,0.3842311808776311,0.2957693747660052,Pastizal
14.149811488243994,-89.65011106944756,2022,959,0.1197858576845862,0.1197858576845862,0.1197858576845862,0.1197858576845862,0.1197858576845862,0.1197858576845862,0.1197858576845862,0.30967070662007085,0.4995555555555555,0.0035372848948374,0.4490715702181359,0.3564433999216608,Pastizal
14.149811488243994,-89.65011106944756,2023,959,0.5301008786202408,0.5301008786202408,0.5301008786202408,0.5301008786202408,0.5301008786202408,0.5301008786202408,0.5301008786202408,0.5301008786202408,0.5301008786202408,0.5830319888734353,0.4781840664193605,0.3781045102324657,Pastizal
14.149811488243994,-89.65011106944756,2024,959,0.5787997756590016,0.5787997756590016,0.5787997756590016,0.5787997756590016,0.5787997756590016,0.5787997756590016,0.5787997756590016,0.5787997756590016,0.5787997756590016,0.4977253550751115,0.4166509344912214,0.3874198717948718,Pastizal
14.149811488243994,-89.65011106944756,2025,959,0.1633953606933469,0.1633953606933469,0.1633953606933469,0.1633953606933469,0.1633953606933469,0.1633953606933469,0.1633953606933469,0.1633953606933469,0.1633953606933469,0.596048632218845,0.4747591522157996,0.2752126366950182,Pastizal
14.178306621051824,-89.52081754263983,2016,435,0.5240608506674945,0.5240608506674945,0.5240608506674945,0.5240608506674945,0.5240608506674945,0.5240608506674945,0.5240608506674945,0.5240608506674945,0.5240608506674945,0.5240608506674945,0.5240608506674945,0.5240608506674945,Cultivo Perenne (Café)
14.178306621051824,-89.52081754263983,2017,435,0.2915766738660907,0.2116167876748716,0.2174744897959183,0.25645542045771735,0.29543635111951644,0.3344172817813155,0.3733982124431146,0.4123791431049137,0.4513600737667128,0.4309008690309885,0.41044166429526424,0.38998245955954,Pastizal
14.178306621051824,-89.52081754263983,2018,435,0.2417004048582996,0.27776765734098713,0.3138349098236746,0.3499021623063621,0.3859694147890496,0.4220366672717371,0.4247014792372126,0.5282450858863114,0.3329459616502033,0.4020744356314826,0.3973834832379395,0.3058013765978368,Pastizal
14.178306621051824,-89.52081754263983,2019,435,0.256710775047259,0.2434532860280452,0.2646013204672423,0.3116089613034623,0.3532095032428991,0.39481004518233603,0.43641058712177294,0.4780111290612098,0.4466786355475763,0.4089415628777889,0.37120449020800145,0.333467417538214,Pastizal
14.178306621051824,-89.52081754263983,2020,435,0.6044776119402985,0.6044776119402985,0.6044776119402985,0.6044776119402985,0.6044776119402985,0.6044776119402985,0.6044776119402985,0.4115058157812009,0.4596069868995633,0.6229091395691155,0.5418427726120034,0.4242053789731051,Cultivo Perenne (Café)
14.178306621051824,-89.52081754263983,2021,435,0.3419429452582883,0.3419429452582883,0.3419429452582883,0.3419429452582883,0.3419429452582883,0.3419429452582883,0.4684679074255314,0.5949928695927745,0.3211719181868435,0.4169617893755825,0.4398474737845567,0.2914683266202856,Pastizal
14.178306621051824,-89.52081754263983,2022,435,0.5831727681438664,0.5831727681438664,0.5831727681438664,0.5831727681438664,0.5831727681438664,0.5831727681438664,0.5831727681438664,0.5662366453225653,0.5493005225012642,0.3727853881278539,0.4579477688669545,0.402480752780154,Pastizal
14.178306621051824,-89.52081754263983,2023,435,0.375,0.375,0.375,0.375,0.375,0.375,0.375,0.375,0.375,0.4342078503152328,0.4505067931852491,0.3478611783696529,Pastizal
14.178306621051824,-89.52081754263983,2024,435,0.5192132580586414,0.5192132580586414,0.5192132580586414,0.5192132580586414,0.5192132580586414,0.5192132580586414,0.5192132580586414,0.5192132580586414,0.5192132580586414,0.47174605210624376,0.4242788461538461,0.4308202154101077,Pastizal
14.178306621051824,-89.52081754263983,2025,435,0.2164737219547177,0.2164737219547177,0.2164737219547177,0.2164737219547177,0.2164737219547177,0.2164737219547177,0.2164737219547177,0.2164737219547177,0.2164737219547177,0.5008115419296664,0.4243006619688234,0.3641591902461468,Pastizal
14.187918092570586,-89.46536465348599,2016,485,0.5581218659778149,0.5581218659778149,0.5581218659778149,0.5581218659778149,0.5581218659778149,0.5581218659778149,0.5581218659778149,0.5581218659778149,0.5581218659778149,0.5581218659778149,0.5581218659778149,0.5581218659778149,Cultivo Perenne (Café)
14.187918092570586,-89.46536465348599,2017,485,0.1529142108709888,0.0449772141866455,0.1354896407810404,0.2129669354714629,0.29044423016188536,0.3679215248523079,0.4453988195427303,0.5228761142331528,0.6003534089235754,0.4673537099124041,0.3343540109012329,0.2013543118900617,Pastizal
14.187918092570586,-89.46536465348599,2018,485,0.1447001394700139,0.22027952596175268,0.2958589124534915,0.3714382989452303,0.44701768543696907,0.5225970719287079,0.4763437399420663,0.5254396984924623,0.5766824355257134,0.4964154572477706,0.2212389380530973,0.1933091912398689,Pastizal
14.187918092570586,-89.46536465348599,2019,485,0.1728174280604779,0.1580231848688224,0.1542256883654305,0.1676866585067319,0.22649742480903093,0.28530819111132993,0.34411895741362897,0.402929723715928,0.4398414985590778,0.3597834983466725,0.2797254981342673,0.199667497921862,Granos Básicos
14.187918092570586,-89.46536465348599,2020,485,0.1987658330626827,0.1987658330626827,0.1987658330626827,0.1987658330626827,0.1987658330626827,0.1987658330626827,0.1987658330626827,0.2598942706100871,0.6570886419083762,0.6102067751869775,0.5565535595475716,0.4969304229195088,Pastizal
14.187918092570586,-89.46536465348599,2021,485,0.5282099638535283,0.5282099638535283,0.5282099638535283,0.5282099638535283,0.5282099638535283,0.5282099638535283,0.3836353981487492,0.2390608324439701,0.6393799292901822,0.3034757046515649,0.4031668696711327,0.2464626521882198,Caña de Azúcar
14.187918092570586,-89.46536465348599,2022,485,0.6328147100424328,0.6328147100424328,0.6328147100424328,0.6328147100424328,0.6328147100424328,0.6328147100424328,0.6328147100424328,0.5921443514712859,0.5514739929001389,0.6150867632295999,0.4049159120310479,0.3626801714063108,Cultivo Perenne (Café)
14.187918092570586,-89.46536465348599,2023,485,0.3592346739554861,0.3592346739554861,0.3592346739554861,0.3592346739554861,0.3592346739554861,0.3592346739554861,0.3592346739554861,0.3592346739554861,0.3592346739554861,0.3419506462984724,0.4461423779351472,0.2193229901269393,Pastizal
14.187918092570586,-89.46536465348599,2024,485,0.456844234659474,0.456844234659474,0.456844234659474,0.456844234659474,0.456844234659474,0.456844234659474,0.456844234659474,0.456844234659474,0.456844234659474,0.43012921526325,0.403414195867026,0.4281471704339218,Pastizal
14.187918092570586,-89.46536465348599,2025,485,0.3361395069152135,0.3361395069152135,0.3361395069152135,0.3361395069152135,0.3361395069152135,0.3361395069152135,0.3361395069152135,0.3361395069152135,0.3361395069152135,0.5716190194045326,0.5407523510971787,0.180275883938481,Pastizal
14.196951526348988,-89.46546239898709,2016,458,0.5434043867778807,0.5434043867778807,0.5434043867778807,0.5434043867778807,0.5434043867778807,0.5434043867778807,0.5434043867778807,0.5434043867778807,0.5434043867778807,0.5434043867778807,0.5434043867778807,0.5434043867778807,Cultivo Perenne (Café)
14.196951526348988,-89.46546239898709,2017,458,0.2001928020565552,0.0726470588235294,0.1659676452965847,0.1862919783476376,0.2066163113986905,0.2269406444497434,0.2472649775007963,0.2675893105518492,0.2879136436029021,0.2600052562937323,0.23209686898456244,0.2041884816753926,Granos Básicos
14.196951526348988,-89.46546239898709,2018,458,0.2372957577574576,0.3026499333116799,0.36800410886590224,0.4333582844201246,0.4987124599743469,0.5640666355285692,0.4969267139479905,0.2349607672188317,0.3400335008375209,0.6274330900243309,0.594293357111012,0.2032170041648714,Granos Básicos
14.196951526348988,-89.46546239898709,2019,458,0.1728917982287254,0.1729769858945805,0.142552813775963,0.1564159671063902,0.21676813881034637,0.2771203105143025,0.3374724822182587,0.3978246539222149,0.2936789772727273,0.2755075919348499,0.25733620659697254,0.2391648212590952,Granos Básicos
14.196951526348988,-89.46546239898709,2020,458,0.5743861338468945,0.5743861338468945,0.5743861338468945,0.5743861338468945,0.5743861338468945,0.5743861338468945,0.5743861338468945,0.3985990090551853,0.4148689605990373,0.4734672849046883,0.5016425755584757,0.4257322175732217,Pastizal
14.196951526348988,-89.46546239898709,2021,458,0.1790123456790123,0.1790123456790123,0.1790123456790123,0.1790123456790123,0.1790123456790123,0.1790123456790123,0.31804010609784883,0.4570678665166854,0.4384141647421093,0.5490968801313629,0.2993934938430435,0.2444150256495118,Pastizal
14.196951526348988,-89.46546239898709,2022,458,0.5470568673096109,0.5470568673096109,0.5470568673096109,0.5470568673096109,0.5470568673096109,0.5470568673096109,0.5470568673096109,0.49000941713540475,0.4329619669611986,0.4317971497316306,0.4674115456238361,0.418935534867381,Pastizal
14.196951526348988,-89.46546239898709,2023,458,0.5384615384615384,0.5384615384615384,0.5384615384615384,0.5384615384615384,0.5384615384615384,0.5384615384615384,0.5384615384615384,0.5384615384615384,0.5384615384615384,0.5148003132341425,0.5314191960623462,0.4128774099672608,Pastizal
14.196951526348988,-89.46546239898709,2024,458,0.3632355760015334,0.3632355760015334,0.3632355760015334,0.3632355760015334,0.3632355760015334,0.3632355760015334,0.3632355760015334,0.3632355760015334,0.3632355760015334,0.4662544875081559,0.5692733990147784,0.2951365756162558,Pastizal
14.196951526348988,-89.46546239898709,2025,458,0.3580154106370983,0.3580154106370983,0.3580154106370983,0.3580154106370983,0.3580154106370983,0.3580154106370983,0.3580154106370983,0.3580154106370983,0.3580154106370983,0.5751891074130105,0.4213883677298311,0.337617823479006,Pastizal
14.214922672313,-89.47491816213709,2016,444,0.5330609774549856,0.5330609774549856,0.5330609774549856,0.5330609774549856,0.5330609774549856,0.5330609774549856,0.5330609774549856,0.5330609774549856,0.5330609774549856,0.5330609774549856,0.5330609774549856,0.5330609774549856,Cultivo Perenne (Café)
14.214922672313,-89.47491816213709,2017,444,0.2185822691097538,-0.0128231223285161,0.1796913887506222,0.194193403749023,0.2086954187474238,0.22319743374582462,0.2376994487442254,0.2522014637426262,0.266703478741027,0.28755010375509504,0.3083967287691631,0.3292433537832311,Granos Básicos
14.214922672313,-89.47491816213709,2018,444,0.1655592469545957,0.2453014280647659,0.32504360917493613,0.4047857902851063,0.4845279713952765,0.5642701525054467,0.509857348934124,0.2541491701659668,0.4969416126042632,0.5045837231057063,0.3386575394561704,0.2260823089257082,Pastizal
14.214922672313,-89.47491816213709,2019,444,0.2116648411829134,0.1957757920389927,0.1788364855159205,0.1698389458272328,0.21859784736325616,0.2673567488992795,0.3161156504353028,0.3648745519713262,0.4418851878100638,0.39357063882136917,0.34525608983267453,0.2969415408439799,Pastizal
14.214922672313,-89.47491816213709,2020,444,0.5538536744337624,0.5538536744337624,0.5538536744337624,0.5538536744337624,0.5538536744337624,0.5538536744337624,0.5538536744337624,0.5088944305901912,0.5740650008165932,0.5612582781456954,0.5072792588391,0.4598045082784759,Cultivo Perenne (Café)
14.214922672313,-89.47491816213709,2021,444,0.2905115189379149,0.2905115189379149,0.2905115189379149,0.2905115189379149,0.2905115189379149,0.2905115189379149,0.45509881904537064,0.6196861191528265,0.3076923076923077,0.4955052139518159,0.5134380453752182,0.2819851756364808,Pastizal
14.214922672313,-89.47491816213709,2022,444,0.5889925973607982,0.5889925973607982,0.5889925973607982,0.5889925973607982,0.5889925973607982,0.5889925973607982,0.5889925973607982,0.41929661816921704,0.2496006389776358,0.4671113581619418,0.4566660685447694,0.3044581370061616,Pastizal
14.214922672313,-89.47491816213709,2023,444,0.2437611408199643,0.2437611408199643,0.2437611408199643,0.2437611408199643,0.2437611408199643,0.2437611408199643,0.2437611408199643,0.2437611408199643,0.2437611408199643,0.313836752509821,0.4784819320864354,0.2976544433432441,Pastizal
14.214922672313,-89.47491816213709,2024,444,0.4815205913410771,0.4815205913410771,0.4815205913410771,0.4815205913410771,0.4815205913410771,0.4815205913410771,0.4815205913410771,0.4815205913410771,0.4815205913410771,0.3809049611316597,0.2802893309222423,0.2768481253971616,Pastizal
14.214922672313,-89.47491816213709,2025,444,0.6081002331002331,0.6081002331002331,0.6081002331002331,0.6081002331002331,0.6081002331002331,0.6081002331002331,0.6081002331002331,0.6081002331002331,0.6081002331002331,0.5235347707257819,0.3476120137863122,0.2910602910602911,Caña de Azúcar
14.232893176861245,-89.48437559948248,2016,443,0.5664527956003667,0.5664527956003667,0.5664527956003667,0.5664527956003667,0.5664527956003667,0.5664527956003667,0.5664527956003667,0.5664527956003667,0.5664527956003667,0.5664527956003667,0.5664527956003667,0.5664527956003667,Cultivo Perenne (Café)
14.232893176861245,-89.48437559948248,2017,443,0.2539863325740319,0.0824457593688362,0.203377902885292,0.23799226849384217,0.27260663410239233,0.3072209997109425,0.34183536531949266,0.3764497309280428,0.411064096536593,0.4159461056298821,0.42082811472317116,0.4257101238164603,Pastizal
14.232893176861245,-89.48437559948248,2018,443,0.2813141683778234,0.3305035057763691,0.37969284317491475,0.42888218057346045,0.4780715179720061,0.5272608553705518,0.4608160621761658,0.5233022636484687,0.4510822510822511,0.5000915583226515,0.4432599724896836,0.3341139734582357,Pastizal
14.232893176861245,-89.48437559948248,2019,443,0.2388535031847133,0.2001970766956807,0.1967885816235504,0.2313781935948183,0.2783311953832522,0.3252841971716861,0.37223719896012,0.4191902007485539,0.4682284980744544,0.4361002581773989,0.4039720182803434,0.3718437783832879,Pastizal
14.232893176861245,-89.48437559948248,2020,443,0.5255510204081633,0.5255510204081633,0.5255510204081633,0.5255510204081633,0.5255510204081633,0.5255510204081633,0.5255510204081633,0.5028553299492385,0.4650465519962127,0.5596774193548387,0.5039442304164373,0.361101666099966,Pastizal
14.232893176861245,-89.48437559948248,2021,443,0.4485176920624801,0.4485176920624801,0.4485176920624801,0.4485176920624801,0.4485176920624801,0.4485176920624801,0.4893209578324823,0.5301242236024845,0.5027217419148254,0.5033598045204642,0.4893048128342246,0.3552228649200408,Pastizal
14.232893176861245,-89.48437559948248,2022,443,0.4900435594275046,0.4900435594275046,0.4900435594275046,0.4900435594275046,0.4900435594275046,0.4900435594275046,0.4900435594275046,0.4308406560467143,0.3716377526659239,0.4241751269035533,0.3544991511035654,0.3517976948219508,Pastizal
14.232893176861245,-89.48437559948248,2023,443,0.4698396959180301,0.4698396959180301,0.4698396959180301,0.4698396959180301,0.4698396959180301,0.4698396959180301,0.4698396959180301,0.4698396959180301,0.4698396959180301,0.4745351657235246,0.3871413757345316,0.3847533632286996,Pastizal
14.232893176861245,-89.48437559948248,2024,443,0.442247998693024,0.442247998693024,0.442247998693024,0.442247998693024,0.442247998693024,0.442247998693024,0.442247998693024,0.442247998693024,0.442247998693024,0.4104857014741715,0.3787234042553191,0.3448335947029099,Pastizal
14.232893176861245,-89.48437559948248,2025,443,0.0590130574868577,0.0590130574868577,0.0590130574868577,0.0590130574868577,0.0590130574868577,0.0590130574868577,0.0590130574868577,0.0590130574868577,0.0590130574868577,0.4439178515007899,0.4540113824123371,0.375731270050953,Pastizal
14.278915022221492,-89.40150480782854,2016,565,0.5653871177618738,0.5653871177618738,0.5653871177618738,0.5653871177618738,0.5653871177618738,0.5653871177618738,0.5653871177618738,0.5653871177618738,0.5653871177618738,0.5653871177618738,0.5653871177618738,0.5653871177618738,Cultivo Perenne (Café)
14.278915022221492,-89.40150480782854,2017,565,0.2197542533081285,0.0830151630849787,0.2434440559440559,0.2872315596944309,0.331019063444806,0.374806567195181,0.4185940709455561,0.4623815746959311,0.5061690784463062,0.44512905290249816,0.38408902735869005,0.323049001814882,Pastizal
14.278915022221492,-89.40150480782854,2018,565,0.226039016115352,0.277170195943129,0.3283013757709061,0.37943255559868316,0.4305637354264602,0.4816949152542373,0.4353848851481676,0.4711213790652213,0.4350773509473318,0.5101459594161624,0.2117769792511881,0.2121212121212121,Granos Básicos
14.278915022221492,-89.40150480782854,2019,565,0.1682225185749666,0.149236641221374,0.106631299734748,0.2464775139934375,0.2966854897551678,0.3468934655168981,0.3971014412786284,0.4473094170403587,0.2995844352096713,0.2790553285352751,0.2585262218608788,0.2379971151864826,Granos Básicos
14.278915022221492,-89.40150480782854,2020,565,0.5298233922025991,0.5298233922025991,0.5298233922025991,0.5298233922025991,0.5298233922025991,0.5298233922025991,0.5298233922025991,0.4471694633966439,0.4334875115633672,0.527157672701705,0.4645669291338583,0.3408405389101146,Pastizal
14.278915022221492,-89.40150480782854,2021,565,0.5367588932806324,0.5367588932806324,0.5367588932806324,0.5367588932806324,0.5367588932806324,0.5367588932806324,0.48179967796030887,0.4268404626399853,0.3381526104417671,0.4829502779029593,0.3918269230769231,0.2252559726962457,Pastizal
14.278915022221492,-89.40150480782854,2022,565,0.5326050976497848,0.5326050976497848,0.5326050976497848,0.5326050976497848,0.5326050976497848,0.5326050976497848,0.5326050976497848,0.5302209161718312,0.5278367346938776,0.4771386430678466,0.3771268576351497,0.3238139106402579,Pastizal
14.278915022221492,-89.40150480782854,2023,565,0.3420572124163116,0.3420572124163116,0.3420572124163116,0.3420572124163116,0.3420572124163116,0.3420572124163116,0.3420572124163116,0.3420572124163116,0.3420572124163116,0.6103813894603577,0.4903252367229312,0.3039688001835283,Pastizal
14.278915022221492,-89.40150480782854,2024,565,0.5468940316686967,0.5468940316686967,0.5468940316686967,0.5468940316686967,0.5468940316686967,0.5468940316686967,0.5468940316686967,0.5468940316686967,0.5468940316686967,0.4830746871275847,0.4192553425864728,0.384961728950923,Pastizal
14.278915022221492,-89.40150480782854,2025,565,0.3568406205923836,0.3568406205923836,0.3568406205923836,0.3568406205923836,0.3568406205923836,0.3568406205923836,0.3568406205923836,0.3568406205923836,0.3568406205923836,0.6017006802721089,0.4536459453645945,0.4153420870767104,Pastizal
14.286898471679224,-89.50349525420492,2016,435,0.5023858214042263,0.5023858214042263,0.5023858214042263,0.5023858214042263,0.5023858214042263,0.5023858214042263,0.5023858214042263,0.5023858214042263,0.5023858214042263,0.5023858214042263,0.5023858214042263,0.5023858214042263,Pastizal
14.286898471679224,-89.50349525420492,2017,435,0.2084055459272097,0.363327977146938,0.3413625741506381,0.31560374789789475,0.2898449216451514,0.264086095392408,0.23832726913966468,0.21256844288692134,0.186809616634178,0.27711057338396056,0.36741153013374317,0.4577124868835257,Pastizal
14.286898471679224,-89.50349525420492,2018,435,0.2662229617304492,0.31847978403384064,0.37073660633723204,0.4229934286406235,0.47525025094401496,0.5275070732474064,0.4827309236947791,0.5005653367791956,0.3082627118644068,0.3131868131868132,0.2459471977767485,0.4044674910251296,Pastizal
14.286898471679224,-89.50349525420492,2019,435,0.4782748632121017,0.4055002925687536,0.4588719153936545,0.4530625832223702,0.4522492354091453,0.45143588759592046,0.4506225397826956,0.4498091919694707,0.4676633084172896,0.4782488247617557,0.4888343411062218,0.4994198574506879,Pastizal
14.286898471679224,-89.50349525420492,2020,435,0.3568748620613551,0.3568748620613551,0.3568748620613551,0.3568748620613551,0.3568748620613551,0.3568748620613551,0.3568748620613551,0.3568672839506173,0.2955573290768821,0.25,0.2395411605937921,0.3249358525775601,Pastizal
14.286898471679224,-89.50349525420492,2021,435,0.5682689472132114,0.5682689472132114,0.5682689472132114,0.5682689472132114,0.5682689472132114,0.5682689472132114,0.46120576455072904,0.3541425818882466,0.2784478238070267,0.3770491803278688,0.4291762894534257,0.4863926940639269,Pastizal
14.286898471679224,-89.50349525420492,2022,435,0.2782093969663337,0.2782093969663337,0.2782093969663337,0.2782093969663337,0.2782093969663337,0.2782093969663337,0.2782093969663337,0.2629944936617059,0.2477795903570781,0.2103746397694524,0.1074695121951219,0.2216691068814055,Granos Básicos
14.286898471679224,-89.50349525420492,2023,435,0.4074650077760497,0.4074650077760497,0.4074650077760497,0.4074650077760497,0.4074650077760497,0.4074650077760497,0.4074650077760497,0.4074650077760497,0.4074650077760497,0.4106508875739645,0.4152280574232237,0.3502435064935065,Pastizal
14.286898471679224,-89.50349525420492,2024,435,0.2746566791510612,0.2746566791510612,0.2746566791510612,0.2746566791510612,0.2746566791510612,0.2746566791510612,0.2746566791510612,0.2746566791510612,0.2746566791510612,0.23596779535784349,0.1972789115646258,0.2162849872773536,Granos Básicos
14.286898471679224,-89.50349525420492,2025,435,0.2250338033610198,0.2250338033610198,0.2250338033610198,0.2250338033610198,0.2250338033610198,0.2250338033610198,0.2250338033610198,0.2250338033610198,0.2250338033610198,0.086858006042296,0.154397885994715,0.2626341974338832,Granos Básicos
14.295637361623378,-89.5313843214325,2016,430,0.5438978829389788,0.5438978829389788,0.5438978829389788,0.5438978829389788,0.5438978829389788,0.5438978829389788,0.5438978829389788,0.5438978829389788,0.5438978829389788,0.5438978829389788,0.5438978829389788,0.5438978829389788,Cultivo Perenne (Café)
14.295637361623378,-89.5313843214325,2017,430,0.2346509671993271,0.2554886973491624,0.2824803149606299,0.24878702411753292,0.21509373327443593,0.18140044243133896,0.14770715158824196,0.11401386074514497,0.080320569902048,0.03225940381839546,-0.015801762265257077,-0.0638629283489096,Granos Básicos
14.295637361623378,-89.5313843214325,2018,430,-0.0043731778425655,0.09584632585966169,0.19606582956188887,0.296285333264116,0.3965048369663432,0.4967243406685704,0.4761904761904761,0.499581309663373,0.5139635732870772,0.037169406719085,0.125169147496617,0.1145243869576933,Granos Básicos
14.295637361623378,-89.5313843214325,2019,430,0.2263675898374914,0.140760962293124,0.206831119544592,0.4717523140759655,0.4771587324362556,0.4825651507965457,0.4879715691568358,0.4933779875171259,0.2104715672676837,0.20435275948842657,0.19823395170916944,0.1921151439299123,Granos Básicos
14.295637361623378,-89.5313843214325,2020,430,-0.0078694258233751,-0.0078694258233751,-0.0078694258233751,-0.0078694258233751,-0.0078694258233751,-0.0078694258233751,-0.0078694258233751,0.0188383045525902,-0.0326767091541135,-0.0851216022889842,-0.1120896717373899,-0.0736842105263157,Granos Básicos
14.295637361623378,-89.5313843214325,2021,430,0.216552175335296,0.216552175335296,0.216552175335296,0.216552175335296,0.216552175335296,0.216552175335296,0.38214782163439387,0.5477434679334917,-0.0486807878112225,0.2264879138736542,0.0515378221113881,0.0677901187284565,Granos Básicos
14.295637361623378,-89.5313843214325,2022,430,0.4574844249873716,0.4574844249873716,0.4574844249873716,0.4574844249873716,0.4574844249873716,0.4574844249873716,0.4574844249873716,0.2890396953312144,0.1205949656750572,-0.1827133479212253,-0.2618741976893453,-0.1595047341587764,Granos Básicos
14.295637361623378,-89.5313843214325,2023,430,0.6093965914325196,0.6093965914325196,0.6093965914325196,0.6093965914325196,0.6093965914325196,0.6093965914325196,0.6093965914325196,0.6093965914325196,0.6093965914325196,0.6210308669325063,0.3887362637362637,0.3584404076207355,Cultivo Perenne (Café)
14.295637361623378,-89.5313843214325,2024,430,0.3884115443930381,0.3884115443930381,0.3884115443930381,0.3884115443930381,0.3884115443930381,0.3884115443930381,0.3884115443930381,0.3884115443930381,0.3884115443930381,0.3808398390261849,0.3732681336593317,0.4052642153907976,Pastizal
14.295637361623378,-89.5313843214325,2025,430,0.479031560743623,0.479031560743623,0.479031560743623,0.479031560743623,0.479031560743623,0.479031560743623,0.479031560743623,0.479031560743623,0.479031560743623,0.2469911041339612,0.3331759149940968,0.3579978237214363,Pastizal
14.296414713315224,-89.45727868907275,2016,540,0.5076974010925344,0.5076974010925344,0.5076974010925344,0.5076974010925344,0.5076974010925344,0.5076974010925344,0.5076974010925344,0.5076974010925344,0.5076974010925344,0.5076974010925344,0.5076974010925344,0.5076974010925344,Pastizal
14.296414713315224,-89.45727868907275,2017,540,0.1948320413436692,0.193610986714435,0.1817149346961953,0.19693786705790978,0.2121607994196243,0.2273837317813388,0.2426066641430533,0.2578295965047678,0.2730525288664823,0.2735902739405476,0.2741280190146129,0.2746657640886782,Granos Básicos
14.296414713315224,-89.45727868907275,2018,540,0.2534474560152163,0.3216872191142763,0.3899269822133363,0.4581667453123963,0.5264065084114563,0.5946462715105163,0.5670786855592402,0.2876656472986748,0.5018968133535661,0.5269922879177378,0.206424747174301,0.278700105969622,Pastizal
14.296414713315224,-89.45727868907275,2019,540,0.2461305007587253,0.2006151265203411,0.2064722737232428,0.263658940397351,0.2904173692381455,0.31717579807894003,0.3439342269197345,0.370692655760529,0.2874574914982996,0.28590862276255913,0.2843597540268186,0.2828108852910782,Granos Básicos
14.296414713315224,-89.45727868907275,2020,540,0.5182926829268293,0.5182926829268293,0.5182926829268293,0.5182926829268293,0.5182926829268293,0.5182926829268293,0.5182926829268293,0.6120226513721504,0.4323287671232876,0.5847049044056525,0.333058702368692,0.290625,Caña de Azúcar
14.296414713315224,-89.45727868907275,2021,540,0.3602794411177645,0.3602794411177645,0.3602794411177645,0.3602794411177645,0.3602794411177645,0.3602794411177645,0.43223784838328505,0.5041962556488057,0.4450598534929426,0.4871886758645404,0.2810410265678655,0.269888231426693,Pastizal
14.296414713315224,-89.45727868907275,2022,540,0.5822222222222222,0.5822222222222222,0.5822222222222222,0.5822222222222222,0.5822222222222222,0.5822222222222222,0.5822222222222222,0.48056243200525484,0.3789026417882875,0.4811302863644984,0.2593825106304308,0.2351885098743267,Pastizal
14.296414713315224,-89.45727868907275,2023,540,0.4876094652506055,0.4876094652506055,0.4876094652506055,0.4876094652506055,0.4876094652506055,0.4876094652506055,0.4876094652506055,0.4876094652506055,0.4876094652506055,0.4694678971136855,0.3335870599429115,0.2610232558139534,Pastizal
14.296414713315224,-89.45727868907275,2024,540,0.1705001825483753,0.1705001825483753,0.1705001825483753,0.1705001825483753,0.1705001825483753,0.1705001825483753,0.1705001825483753,0.1705001825483753,0.1705001825483753,0.22236767328671989,0.2742351640250645,0.2299424184261036,Granos Básicos
14.296414713315224,-89.45727868907275,2025,540,0.1481143804392872,0.1481143804392872,0.1481143804392872,0.1481143804392872,0.1481143804392872,0.1481143804392872,0.1481143804392872,0.1481143804392872,0.1481143804392872,0.3889731917046029,0.4118066702336365,0.3126614987080103,Granos Básicos
14.296888857353618,-89.41096043180859,2016,605,0.602473231790077,0.602473231790077,0.602473231790077,0.602473231790077,0.602473231790077,0.602473231790077,0.602473231790077,0.602473231790077,0.602473231790077,0.602473231790077,0.602473231790077,0.602473231790077,Cultivo Perenne (Café)
14.296888857353618,-89.41096043180859,2017,605,0.2042729452801395,0.1725776965265082,0.1900860303154445,0.23401478136043138,0.27794353240541825,0.3218722834504052,0.36580103449539203,0.409729785540379,0.4536585365853658,0.406338825130352,0.3590191136753383,0.3116994022203245,Pastizal
14.296888857353618,-89.41096043180859,2018,605,0.2241932036759991,0.29051681840685223,0.3568404331377053,0.42316404786855844,0.48948766259941157,0.5558112773302647,0.5289806795469687,0.5755745680254991,0.5895225464190982,0.5211267605633803,0.0979757085020242,0.2886816447647308,Pastizal
14.296888857353618,-89.41096043180859,2019,605,0.2363785333879557,0.2255466052934407,0.2860956078621693,0.36678797165294,0.3954202425206891,0.4240525133884382,0.45268478425618724,0.4813170551239363,0.5372549019607843,0.473391846162714,0.40952879036464374,0.3456657345665734,Pastizal
14.296888857353618,-89.41096043180859,2020,605,0.4854437039635215,0.4854437039635215,0.4854437039635215,0.4854437039635215,0.4854437039635215,0.4854437039635215,0.4854437039635215,0.5723598435462842,0.3331906698052643,0.2465137201979307,0.5251306070978202,0.4388070558283324,Pastizal
14.296888857353618,-89.41096043180859,2021,605,0.2412484911191584,0.2412484911191584,0.2412484911191584,0.2412484911191584,0.2412484911191584,0.2412484911191584,0.39476033391013143,0.5482721767011044,0.0962343096234309,0.4571045576407507,0.424812030075188,0.310613836994457,Pastizal
14.296888857353618,-89.41096043180859,2022,605,0.5157339947294993,0.5157339947294993,0.5157339947294993,0.5157339947294993,0.5157339947294993,0.5157339947294993,0.5157339947294993,0.4357523759962785,0.3557707572630576,0.5416141235813366,0.3965360072926162,0.3239038189533239,Pastizal
14.296888857353618,-89.41096043180859,2023,605,0.285128426505504,0.285128426505504,0.285128426505504,0.285128426505504,0.285128426505504,0.285128426505504,0.285128426505504,0.285128426505504,0.285128426505504,0.2862327607065086,0.5576726777815584,0.3543698603939568,Pastizal
14.296888857353618,-89.41096043180859,2024,605,0.5231551463515185,0.5231551463515185,0.5231551463515185,0.5231551463515185,0.5231551463515185,0.5231551463515185,0.5231551463515185,0.5231551463515185,0.5231551463515185,0.4299192817184728,0.3366834170854271,0.2274085138162808,Pastizal
14.296888857353618,-89.41096043180859,2025,605,0.6035648432698217,0.6035648432698217,0.6035648432698217,0.6035648432698217,0.6035648432698217,0.6035648432698217,0.6035648432698217,0.6035648432698217,0.6035648432698217,0.4068533658027483,0.4203915773919468,0.3070442731672342,Cultivo Perenne (Café)
14.30457140343538,-89.5407487347606,2016,438,0.545985171162644,0.545985171162644,0.545985171162644,0.545985171162644,0.545985171162644,0.545985171162644,0.545985171162644,0.545985171162644,0.545985171162644,0.545985171162644,0.545985171162644,0.545985171162644,Cultivo Perenne (Café)
14.30457140343538,-89.5407487347606,2017,438,0.1869806094182825,0.2408903544929926,0.2467750041883062,0.23605088117541068,0.22532675816251513,0.21460263514961958,0.20387851213672406,0.19315438912382854,0.182430266110933,0.2355456160037799,0.2886609658966268,0.3417763157894737,Granos Básicos
14.30457140343538,-89.5407487347606,2018,438,0.3049665988963113,0.3530272275142343,0.40108785613215736,0.4491484847500804,0.49720911336800344,0.5452697419859265,0.5473190741283328,0.2332429990966576,0.4422325581395349,0.4913898069229431,0.3655960028551035,0.1809523809523809,Pastizal
14.30457140343538,-89.5407487347606,2019,438,0.1888835029891743,0.297458424850957,0.3672547018515819,0.3432542927228127,0.3404876348196486,0.33772097691648456,0.3349543190133205,0.3321876611101564,0.3332107392423685,0.2955616986934725,0.2579126581445764,0.2202636175956804,Granos Básicos
14.30457140343538,-89.5407487347606,2020,438,0.5015664160401002,0.5015664160401002,0.5015664160401002,0.5015664160401002,0.5015664160401002,0.5015664160401002,0.5015664160401002,0.4911054637865311,0.3757042253521127,0.5085511455308164,0.3269989243456436,0.2200452147701582,Pastizal
14.30457140343538,-89.5407487347606,2021,438,0.3662280701754385,0.3662280701754385,0.3662280701754385,0.3662280701754385,0.3662280701754385,0.3662280701754385,0.3856588041734874,0.4050895381715363,0.3238717907829692,0.4371593209780408,0.4441388793399793,0.2518844221105528,Pastizal
14.30457140343538,-89.5407487347606,2022,438,0.5036932264655037,0.5036932264655037,0.5036932264655037,0.5036932264655037,0.5036932264655037,0.5036932264655037,0.5036932264655037,0.36029944342143105,0.2169056603773584,0.391661195009849,0.4110127826941986,0.326060606060606,Pastizal
14.30457140343538,-89.5407487347606,2023,438,0.2747056724937567,0.2747056724937567,0.2747056724937567,0.2747056724937567,0.2747056724937567,0.2747056724937567,0.2747056724937567,0.2747056724937567,0.2747056724937567,0.3409052948054117,0.5346990630458949,0.3508907823392719,Pastizal
14.30457140343538,-89.5407487347606,2024,438,0.3995228482290328,0.3995228482290328,0.3995228482290328,0.3995228482290328,0.3995228482290328,0.3995228482290328,0.3995228482290328,0.3995228482290328,0.3995228482290328,0.3877197099219142,0.3759165716147955,0.3591160220994475,Pastizal
14.30457140343538,-89.5407487347606,2025,438,0.3231364275668073,0.3231364275668073,0.3231364275668073,0.3231364275668073,0.3231364275668073,0.3231364275668073,0.3231364275668073,0.3231364275668073,0.3231364275668073,0.1557810644499622,0.4697178251892636,0.4557733487069675,Pastizal
14.30467025723571,-89.53148547669198,2016,430,0.4820256330103157,0.4820256330103157,0.4820256330103157,0.4820256330103157,0.4820256330103157,0.4820256330103157,0.4820256330103157,0.4820256330103157,0.4820256330103157,0.4820256330103157,0.4820256330103157,0.4820256330103157,Pastizal
14.30467025723571,-89.53148547669198,2017,430,0.1974300629099183,0.1844224422442244,0.1895940086716594,0.19062287318758211,0.19165173770350483,0.19268060221942757,0.19370946673535028,0.194738331251273,0.1957671957671957,0.18892359938459224,0.18208000300198876,0.1752364066193853,Granos Básicos
14.30467025723571,-89.53148547669198,2018,430,0.2799334811529933,0.3479061612634045,0.4158788413738157,0.48385152148422694,0.5518242015946382,0.6197968817050493,0.5916839916839917,0.2328818660647103,0.4017450682852807,0.5417343293277038,0.3892107634865456,0.2841969745735436,Pastizal
14.30467025723571,-89.53148547669198,2019,430,0.2920105902507398,0.0785083415112855,0.1084771192798199,0.124401913875598,0.1736001097398721,0.2227983056041462,0.2719965014684203,0.3211946973326944,0.180522565320665,0.2257596667747665,0.270996768228868,0.3162338696829695,Granos Básicos
14.30467025723571,-89.53148547669198,2020,430,0.5889328063241107,0.5889328063241107,0.5889328063241107,0.5889328063241107,0.5889328063241107,0.5889328063241107,0.5889328063241107,0.3176614257365288,0.3990216631726065,0.4396274887604367,-0.1273280121626757,-0.0210315473209814,Caña de Azúcar
14.30467025723571,-89.53148547669198,2021,430,0.298989898989899,0.298989898989899,0.298989898989899,0.298989898989899,0.298989898989899,0.298989898989899,0.3794877396896142,0.4599855803893294,0.4424466476222483,0.5139516757599376,0.3643775478206334,0.3620689655172414,Pastizal
14.30467025723571,-89.53148547669198,2022,430,0.5852464034282217,0.5852464034282217,0.5852464034282217,0.5852464034282217,0.5852464034282217,0.5852464034282217,0.5852464034282217,0.42211225280900133,0.258978102189781,0.0471444998083556,0.1631205673758865,0.3093525179856115,Caña de Azúcar
14.30467025723571,-89.53148547669198,2023,430,0.2406311637080868,0.2406311637080868,0.2406311637080868,0.2406311637080868,0.2406311637080868,0.2406311637080868,0.2406311637080868,0.2406311637080868,0.2406311637080868,0.3275956784471708,0.489141329769462,0.171700033932813,Pastizal
14.30467025723571,-89.53148547669198,2024,430,0.4068357221609702,0.4068357221609702,0.4068357221609702,0.4068357221609702,0.4068357221609702,0.4068357221609702,0.4068357221609702,0.4068357221609702,0.4068357221609702,0.375935591576939,0.3450354609929078,0.418163160595177,Pastizal
14.30467025723571,-89.53148547669198,2025,430,0.246996873457298,0.246996873457298,0.246996873457298,0.246996873457298,0.246996873457298,0.246996873457298,0.246996873457298,0.246996873457298,0.246996873457298,0.0947295900792283,0.2610522104420884,0.2327669124719461,Granos Básicos
14.313504947305178,-89.55011388669305,2016,439,0.576036866359447,0.576036866359447,0.576036866359447,0.576036866359447,0.576036866359447,0.576036866359447,0.576036866359447,0.576036866359447,0.576036866359447,0.576036866359447,0.576036866359447,0.576036866359447,Cultivo Perenne (Café)
14.313504947305178,-89.55011388669305,2017,439,0.1151337247227658,0.1700822737471952,0.204730229120473,0.22840641712950333,0.25208260513853364,0.275758793147564,0.29943498115659434,0.32311116916562466,0.346787357174655,0.3900931450381686,0.43339893290168224,0.4767047207651959,Pastizal
14.313504947305178,-89.55011388669305,2018,439,0.0808774054635984,0.1383825853049539,0.1958877651463094,0.2533929449876649,0.3108981248290204,0.3684033046703759,0.4946991190085112,0.5909224874742116,0.6039516366853436,0.5658108547286318,0.4573141098331443,0.2792883517959046,Pastizal
14.313504947305178,-89.55011388669305,2019,439,0.1115131578947368,0.129260884238947,0.1517718480869688,0.1906273620559334,0.29641929919037846,0.4022112363248235,0.5080031734592685,0.6137951105937136,0.6289237668161435,0.5792951854819917,0.52966660414784,0.4800380228136882,Pastizal
14.313504947305178,-89.55011388669305,2020,439,0.4751795690343176,0.4751795690343176,0.4751795690343176,0.4751795690343176,0.4751795690343176,0.4751795690343176,0.4751795690343176,0.2799885485256226,0.5569536423841059,0.6144154702607677,0.477504105090312,0.4398163332240078,Pastizal
14.313504947305178,-89.55011388669305,2021,439,0.6492681579674123,0.6492681579674123,0.6492681579674123,0.6492681579674123,0.6492681579674123,0.6492681579674123,0.6265973074037747,0.6039264568401371,0.5609685788411646,0.5838033261026754,0.5499040307101728,0.4609929078014184,Cultivo Perenne (Café)
14.313504947305178,-89.55011388669305,2022,439,0.5758326878388846,0.5758326878388846,0.5758326878388846,0.5758326878388846,0.5758326878388846,0.5758326878388846,0.5758326878388846,0.4562067273261048,0.3365807668133249,0.5630143617879619,0.5542342921420537,0.4735805710534952,Cultivo Perenne (Café)
14.313504947305178,-89.55011388669305,2023,439,0.5102469784550709,0.5102469784550709,0.5102469784550709,0.5102469784550709,0.5102469784550709,0.5102469784550709,0.5102469784550709,0.5102469784550709,0.5102469784550709,0.5248562732499155,0.568243785084202,0.4982444940951165,Pastizal
14.313504947305178,-89.55011388669305,2024,439,0.4522613065326633,0.4522613065326633,0.4522613065326633,0.4522613065326633,0.4522613065326633,0.4522613065326633,0.4522613065326633,0.4522613065326633,0.4522613065326633,0.4287384767367428,0.4052156469408224,0.2295930949445129,Pastizal
14.313504947305178,-89.55011388669305,2025,439,0.4944805194805194,0.4944805194805194,0.4944805194805194,0.4944805194805194,0.4944805194805194,0.4944805194805194,0.4944805194805194,0.4944805194805194,0.4944805194805194,0.2362459546925566,0.5005389867049946,0.4825369244135534,Pastizal
14.35906487509302,-89.51356272329917,2016,570,0.2822491730981257,0.2822491730981257,0.2822491730981257,0.2822491730981257,0.2822491730981257,0.2822491730981257,0.2822491730981257,0.2822491730981257,0.2822491730981257,0.2822491730981257,0.2822491730981257,0.2822491730981257,Granos Básicos
14.35906487509302,-89.51356272329917,2017,570,0.2388737511353315,0.1884994896223205,0.1780640898579451,0.0006856359273225,0.09549826324191264,0.19031089055650277,0.2851235178710929,0.3799361451856831,0.2192099147947327,0.2564412908742026,0.2936726669536725,0.3309040430331424,Granos Básicos
14.35906487509302,-89.51356272329917,2018,570,0.1948299319727891,0.23208150690066284,0.2693330818285366,0.30658465675641033,0.34383623168428407,0.3810878066121578,0.3524930747922438,0.3178350889938249,0.4035023713973003,0.4406461307287753,0.2676933158584534,0.2085435586949209,Granos Básicos
14.35906487509302,-89.51356272329917,2019,570,0.2030731622140736,0.1903528650048559,0.2282768777614138,0.2264925373134328,0.24670844158667693,0.26692434585992103,0.2871402501331652,0.3073561544064093,0.3672296083363277,0.3417278564479702,0.31622610455961275,0.2907243526712553,Granos Básicos
14.35906487509302,-89.51356272329917,2020,570,0.4267767408470926,0.4267767408470926,0.4267767408470926,0.4267767408470926,0.4267767408470926,0.4267767408470926,0.4267767408470926,0.3892939711897563,0.380185641219928,0.4508486562942008,0.4725073313782991,0.2864217911679735,Pastizal
14.35906487509302,-89.51356272329917,2021,570,0.249243658366302,0.249243658366302,0.249243658366302,0.249243658366302,0.249243658366302,0.249243658366302,0.32902434490642146,0.4088050314465409,0.3491961414790996,0.2722852512155591,0.3007880069190851,0.2575356953992596,Granos Básicos
14.35906487509302,-89.51356272329917,2022,570,0.4158628081457663,0.4158628081457663,0.4158628081457663,0.4158628081457663,0.4158628081457663,0.4158628081457663,0.4158628081457663,0.41127574759063706,0.4066886870355078,0.4364406779661017,0.276555023923445,0.2325670498084291,Pastizal
14.35906487509302,-89.51356272329917,2023,570,0.4055680963130173,0.4055680963130173,0.4055680963130173,0.4055680963130173,0.4055680963130173,0.4055680963130173,0.4055680963130173,0.4055680963130173,0.4055680963130173,0.2783415482748623,0.2831219512195121,0.2086792452830188,Granos Básicos
14.35906487509302,-89.51356272329917,2024,570,0.3795768169273229,0.3795768169273229,0.3795768169273229,0.3795768169273229,0.3795768169273229,0.3795768169273229,0.3795768169273229,0.3795768169273229,0.3795768169273229,0.3236020491937287,0.2676272814601345,0.252364737041241,Granos Básicos
14.35906487509302,-89.51356272329917,2025,570,0.4811916942521818,0.4811916942521818,0.4811916942521818,0.4811916942521818,0.4811916942521818,0.4811916942521818,0.4811916942521818,0.4811916942521818,0.4811916942521818,0.3847939640162507,0.3268428372739916,0.2847709451093685,Pastizal
