lon,lat,fecha,precipitacion,LST_Celsius,NDMI,NDWI,MSI,NDVI,SAVI,NDRE,CIRE,estado_humedad,estado_vegetacion,estado_clorofila,land_cover_type,elevacion_msnm,Bandera_Cultivo,fecha_real,mes_actual,IETH,IETH_siguiente_mes,IETH_Predicho_Proximo_Mes
-89.72319180630939,14.06769772637322,2017-01-01,5.9614143,14.155999755859398,0.0906924400900304,-0.3953252032520325,0.8336974993930566,0.3743743743743744,0.5615147218283427,0.2724745134383688,0.7490445859872612,Baja Humedad / Estres,Vegetacion Moderada,Actividad Moderada / Transicion,Cropland,716,Granos Básicos,2017-01-01,1,40.76358720886716,64.29782478101713,55.701205422905986
-89.72319180630939,14.06769772637322,2017-02-01,6.66981,21.490014648437523,-0.1075039914848323,-0.2510257366654233,1.240906380441264,0.158749352219727,0.2381034631660765,0.0962575584245791,0.213019891500904,Suelo Desnudo / Muy Seco,Vegetacion Escasa / Suelo,Clorofila Degradada / Estres Severo,Cropland,716,Granos Básicos,2017-02-01,2,64.29782478101713,49.884688020392595,52.39872628022743
-89.72319180630939,14.06769772637322,2017-08-01,205.53024,,,,,,,,,Suelo Desnudo / Muy Seco,Suelo Desnudo / Agua / Nubes,Clorofila Degradada / Estres Severo,Cropland,716,Granos Básicos,2017-08-01,8,,52.91002708283564,51.71360561288721
-89.72319180630939,14.06769772637322,2017-11-01,14.021961,37.65200195312502,,,,,,,,Suelo Desnudo / Muy Seco,Suelo Desnudo / Agua / Nubes,Clorofila Degradada / Estres Severo,Cropland,716,Granos Básicos,2017-11-01,11,,37.048649200056886,39.43504274251986
-89.72319180630939,14.06769772637322,2021-05-01,148.04034,22.494012451171898,,,,,,,,,,,Cropland,716,Granos Básicos,2021-05-01,5,,68.76188205553406,54.82598863690951
-89.72319180630939,14.06769772637322,2021-07-01,153.31906,0.4859863281250227,,,,,,,,,,,Cropland,716,Granos Básicos,2021-07-01,7,,7.5189338436846445,24.001621847205293
-89.72319180630939,14.06769772637322,2021-08-01,312.55222,0.4779907226562727,0.3294175232501223,-0.5708502024291497,0.5044182621502209,0.61714796070259,0.9256530475552578,0.5207166853303471,2.1728971962616823,Humedad Alta / Bosque,Vegetacion Densa / Sana,Alta Actividad Fotosintetica,Cropland,716,Granos Básicos,2021-08-01,8,7.5189338436846445,31.681990885222,30.288188410597723
-89.72319180630939,14.06769772637322,2021-09-01,251.06229,2.4959960937500227,0.057399937946013,-0.0927454909819639,0.8914319248826291,0.1034482758620689,0.1551661337974017,0.0606084182681086,0.1290376014576777,Baja Humedad / Estres,Vegetacion Escasa / Suelo,Clorofila Degradada / Estres Severo,Cropland,716,Granos Básicos,2021-09-01,9,31.681990885222,42.811697125530415,45.94565030257848
-89.72319180630939,14.06769772637322,2021-10-01,181.81642,16.715997314453148,0.097335358276957,-0.4351751534850126,0.8225968797181681,0.4621044885945548,0.6930929826174929,0.3434753211629479,1.046343975283213,Baja Humedad / Estres,Vegetacion Moderada,Actividad Moderada / Transicion,Cropland,716,Granos Básicos,2021-10-01,10,42.811697125530415,51.30782216452031,45.001439838323066
-89.72319180630939,14.06769772637322,2021-11-01,4.846196,18.304010009765648,0.0126105232642411,-0.3902487562189055,0.9750930432293158,0.3776375468349437,0.5664004732327714,0.2601010101010101,0.7030716723549488,Baja Humedad / Estres,Vegetacion Moderada,Actividad Moderada / Transicion,Cropland,716,Granos Básicos,2021-11-01,11,51.30782216452031,61.75828609280718,57.57450257057911
-89.72319180630939,14.06769772637322,2024-08-01,269.09695,5.331994628906273,,,,,,,,,,,Cropland,716,Granos Básicos,2024-08-01,8,,46.938184313026014,43.628666364496965
-89.72319180630939,14.06769772637322,2024-10-01,81.02628,0.1559997558593977,,,,,,,,,,,Cropland,716,Granos Básicos,2024-10-01,10,,35.50430430977005,34.34644767666958
-89.72319180630939,14.06769772637322,2024-11-01,66.92994,1.6140075683593975,-0.0005636978579481,-0.2922740524781341,1.0011280315848845,0.2794515605267905,0.4191395327861459,0.1939393939393939,0.4812030075187969,Baja Humedad / Estres,Vegetacion Escasa / Suelo,Clorofila Degradada / Estres Severo,Cropland,716,Granos Básicos,2024-11-01,11,35.50430430977005,51.06679171023979,52.52763797397952
-89.72287123542216,14.040602667846631,2016-05-01,0.0,4.003991699218773,,,,,,,,,,,Cropland,640,Granos Básicos,2016-05-01,5,,51.641025827124174,49.89972107700921
-89.71362003825764,14.040706702556268,2025-08-01,0.0,2.3640075683593977,,,,,,,,,,,Cropland,623,Granos Básicos,2025-08-01,8,,52.552264399855495,50.64394637329687
-89.71362003825764,14.040706702556268,2025-09-01,0.0,34.31600341796877,0.1963720734022358,-0.1677990529133209,0.6717207334273625,0.2108015796776603,0.3161854954906878,0.1479457599676178,0.3472684085510689,Humedad Moderada,Vegetacion Escasa / Suelo,Clorofila Degradada / Estres Severo,Cropland,623,Granos Básicos,2025-09-01,9,52.552264399855495,27.510833662850864,42.234925156326625
-89.71362003825764,14.040706702556268,2025-10-01,0.0,0.0599914550781477,0.0784032165422171,-0.3647101580955842,0.8545938748335553,0.3652063261225232,0.547759701899482,0.2516666666666666,0.6726057906458798,Baja Humedad / Estres,Vegetacion Moderada,Actividad Moderada / Transicion,Cropland,623,Granos Básicos,2025-10-01,10,27.510833662850864,46.931576376768874,47.1629857603329
-89.71362003825764,14.040706702556268,2025-11-01,0.0,13.671990966796898,0.0088344257623254,-0.3506295307134681,0.9824858757062148,0.3260910282824499,0.4890907388332241,0.2102564102564102,0.5324675324675325,Baja Humedad / Estres,Vegetacion Moderada,Actividad Moderada / Transicion,Cropland,623,Granos Básicos,2025-11-01,11,46.931576376768874,56.417783094528794,55.67063302708623
-89.69543473106765,14.0680093954187,2017-01-01,5.91745,14.155999755859398,-0.0694189170083415,-0.2936320754716981,1.149194773625038,0.2367531003382187,0.3550962893377172,0.1571729957805907,0.3729662077596996,Baja Humedad / Estres,Vegetacion Escasa / Suelo,Clorofila Degradada / Estres Severo,Cropland,659,Granos Básicos,2017-01-01,1,53.78514892886792,64.83362379017457,62.856688781304165
-89.69543473106765,14.0680093954187,2017-02-01,5.7799463,21.490014648437523,-0.1140921034435071,-0.2497073741708934,1.2575710271620355,0.1817007932115845,0.2725260536751821,0.1244514656836931,0.2842822774659181,Suelo Desnudo / Muy Seco,Vegetacion Escasa / Suelo,Clorofila Degradada / Estres Severo,Cropland,659,Granos Básicos,2017-02-01,2,64.83362379017457,52.94167972224583,53.80618485246059
-89.69543473106765,14.0680093954187,2017-08-01,200.31006,,,,,,,,,Suelo Desnudo / Muy Seco,Suelo Desnudo / Agua / Nubes,Clorofila Degradada / Estres Severo,Cropland,659,Granos Básicos,2017-08-01,8,,55.938852733600044,51.38858497644525
-89.69543473106765,14.0680093954187,2017-11-01,13.534895,37.5880065917969,,,,,,,,Suelo Desnudo / Muy Seco,Suelo Desnudo / Agua / Nubes,Clorofila Degradada / Estres Severo,Cropland,659,Granos Básicos,2017-11-01,11,,43.25976781873769,42.4480571166933
-89.69543473106765,14.0680093954187,2024-08-01,267.46024,5.331994628906273,,,,,,,,,,,Cropland,659,Granos Básicos,2024-08-01,8,,57.24130400338614,46.53344295576851
-89.69543473106765,14.0680093954187,2024-10-01,87.5706,0.1559997558593977,,,,,,,,,,,Cropland,659,Granos Básicos,2024-10-01,10,,35.46061432570431,36.66408664906936
-89.69543473106765,14.0680093954187,2024-11-01,78.25053,2.1660095214843977,0.006836063459306,-0.2551857211770381,0.986420702024084,0.2238946378174976,0.3358156306341616,0.1591921591921592,0.3786647827622749,Baja Humedad / Estres,Vegetacion Escasa / Suelo,Clorofila Degradada / Estres Severo,Cropland,659,Granos Básicos,2024-11-01,11,35.46061432570431,56.29747727284775,55.1098617680857
-89.69543473106765,14.0680093954187,2025-08-01,303.1471,9.741998291015648,,,,,,,,,,,Cropland,659,Granos Básicos,2025-08-01,8,,46.61421733825178,39.12943351817621
-89.69543473106765,14.0680093954187,2025-09-01,301.2295,26.235986328125023,0.1689337428696797,-0.14175506268081,0.710960960960961,0.1828171828171828,0.2742105555247239,0.1235765499789118,0.2820019249278152,Humedad Moderada,Vegetacion Escasa / Suelo,Clorofila Degradada / Estres Severo,Cropland,659,Granos Básicos,2025-09-01,9,46.61421733825178,19.651271461871076,24.895650589955498
-89.69543473106765,14.0680093954187,2025-10-01,263.0553,0.0599914550781477,0.1750433275563258,-0.2804532577903683,0.7020648967551623,0.3101449275362319,0.4651424891321848,0.2594427244582043,0.7006688963210703,Humedad Moderada,Vegetacion Moderada,Actividad Moderada / Transicion,Cropland,659,Granos Básicos,2025-10-01,10,19.651271461871076,51.25534835549092,45.83920808039666
-89.69543473106765,14.0680093954187,2025-11-01,27.779865,15.261987304687525,-0.0245630609352857,-0.2147058823529411,1.050363196125908,0.1716312056737588,0.2574102964118565,0.138996138996139,0.3228699551569507,Baja Humedad / Estres,Vegetacion Escasa / Suelo,Clorofila Degradada / Estres Severo,Cropland,659,Granos Básicos,2025-11-01,11,51.25534835549092,55.80861818557128,57.019322849205174
-89.69490625039145,14.0228498867913,2017-01-01,6.710621,14.155999755859398,0.0187958883994126,-0.3498054474708171,0.9631017584318248,0.3268311340600497,0.4901998278994167,0.2227705322523792,0.5732426303854876,Baja Humedad / Estres,Vegetacion Moderada,Actividad Moderada / Transicion,Cropland,699,Granos Básicos,2017-01-01,1,46.61080131198293,60.52249370148132,61.116751337618645
-89.69490625039145,14.0228498867913,2017-02-01,6.61675,21.490014648437523,-0.0610830324909747,-0.3024839743589743,1.1301138111350353,0.2427370030581039,0.3640707118967988,0.1561166429587482,0.3699957859249894,Baja Humedad / Estres,Vegetacion Escasa / Suelo,Clorofila Degradada / Estres Severo,Cropland,699,Granos Básicos,2017-02-01,2,60.52249370148132,42.17482649258369,56.09402661295221
-89.69490625039145,14.0228498867913,2017-08-01,219.67267,,,,,,,,,Suelo Desnudo / Muy Seco,Suelo Desnudo / Agua / Nubes,Clorofila Degradada / Estres Severo,Cropland,699,Granos Básicos,2017-08-01,8,,54.45672969008631,52.30266588338054
-89.69490625039145,14.0228498867913,2017-11-01,13.813194,40.1979919433594,,,,,,,,Suelo Desnudo / Muy Seco,Suelo Desnudo / Agua / Nubes,Clorofila Degradada / Estres Severo,Cropland,699,Granos Básicos,2017-11-01,11,,37.53881766292213,40.859659507224976
-89.69490625039145,14.0228498867913,2024-08-01,283.97537,5.331994628906273,,,,,,,,,,,Cropland,699,Granos Básicos,2024-08-01,8,,56.57116396674623,44.25766812607946
-89.69490625039145,14.0228498867913,2024-10-01,82.72256,0.1559997558593977,,,,,,,,,,,Cropland,699,Granos Básicos,2024-10-01,10,,43.88229529460239,38.40629212287627
-89.69490625039145,14.0228498867913,2024-11-01,78.71781,7.847985839843773,-0.0260767653091122,-0.2368372093023255,1.0535499398315282,0.1835499376891579,0.2753004005340453,0.1244925575101488,0.2843894899536321,Baja Humedad / Estres,Vegetacion Escasa / Suelo,Clorofila Degradada / Estres Severo,Cropland,699,Granos Básicos,2024-11-01,11,43.88229529460239,60.08451190745676,57.1589949259966
-89.69480077886172,14.013817962539234,2019-01-01,5.7045674,19.178002929687523,-0.092447508617988,-0.2004145077720207,1.203729281767956,0.1091535810034469,0.163714696026807,0.069423929098966,0.1492063492063491,Baja Humedad / Estres,Vegetacion Escasa / Suelo,Clorofila Degradada / Estres Severo,Cropland,689,Granos Básicos,2019-01-01,1,60.735676449877104,67.28703424689093,66.53276113062539
-89.69480077886172,14.013817962539234,2019-02-01,8.006629,25.554010009765648,-0.0937348227294803,-0.2246773134981404,1.2068595927116827,0.1457224723700368,0.2185613424741635,0.0935729634694276,0.2064655172413794,Baja Humedad / Estres,Vegetacion Escasa / Suelo,Clorofila Degradada / Estres Severo,Cropland,689,Granos Básicos,2019-02-01,2,67.28703424689093,53.59335762051691,53.98070910188844
-89.69480077886172,14.013817962539234,2019-03-01,9.334983,10.102014160156273,-0.1174603174603174,0.0967360803426377,1.266187050359712,-0.0090732339598185,-0.0136087484811664,-0.0114756748020042,-0.0226909555768616,Suelo Desnudo / Muy Seco,Suelo Desnudo / Agua / Nubes,Clorofila Degradada / Estres Severo,Cropland,689,Granos Básicos,2019-03-01,3,53.59335762051691,88.2651825105159,83.45364075348589
-89.69480077886172,14.013817962539234,2019-07-01,156.33357,12.107995605468773,,,,,,,,,,,Cropland,689,Granos Básicos,2019-07-01,7,,32.37814017483556,42.49774757409616
-89.69480077886172,14.013817962539234,2019-08-01,279.79044,22.412011718750023,0.2964385012577784,-0.487919769032062,0.542687908496732,0.5481422924901186,0.8221484467631017,0.4328358208955223,1.526315789473684,Humedad Moderada,Vegetacion Moderada,Alta Actividad Fotosintetica,Cropland,689,Granos Básicos,2019-08-01,8,32.37814017483556,39.55415078046477,39.67827607632145
-89.69480077886172,14.013817962539234,2019-11-01,28.025913,0.1799865722656477,,,,,,,,,,,Cropland,689,Granos Básicos,2019-11-01,11,,54.80920547652253,56.134315855551925
-89.68618222247268,14.068112577528948,2016-05-01,82.30399,0.9980102539062728,,,,,,,,,,,Cropland,719,Granos Básicos,2016-05-01,5,,51.89257169526821,39.57696207398862
-89.68618222247268,14.068112577528948,2016-12-01,46.315113,27.07198486328128,,,,,,,,,,,Cropland,719,Granos Básicos,2016-12-01,12,,61.991224844019285,57.65731732249794
-89.68618222247268,14.068112577528948,2018-02-01,5.2096834,32.80800781250002,,,,,,,,,,,Cropland,719,Granos Básicos,2018-02-01,2,,28.86389445353058,30.294647983390355
-89.68618222247268,14.068112577528948,2018-06-01,306.0522,11.170007324218773,0.1998872286439244,-0.4493444576877234,0.6668233082706767,0.4870719776380153,0.7305441523277143,0.3860934701188731,1.2578249336870029,Humedad Moderada,Vegetacion Moderada,Actividad Moderada / Transicion,Cropland,719,Granos Básicos,2018-06-01,6,28.86389445353058,12.32914335002194,19.831437257883927
-89.68618222247268,14.068112577528948,2018-07-01,122.580475,0.6979919433593977,0.2730069213022302,-0.5050765267464767,0.5710833668948853,0.5547902316844082,0.8321202160131487,0.4503504672897196,1.6386822529224228,Humedad Moderada,Vegetacion Moderada,Alta Actividad Fotosintetica,Cropland,719,Granos Básicos,2018-07-01,7,12.32914335002194,45.40330879322846,42.64247416134631
-89.68618222247268,14.068112577528948,2018-08-01,214.95804,22.835992431640648,0.1415537738457285,-0.4027518260574146,0.7519980624848631,0.441438296386804,0.6620996596561655,0.3029346797096875,0.8691715708465368,Humedad Moderada,Vegetacion Moderada,Actividad Moderada / Transicion,Cropland,719,Granos Básicos,2018-08-01,8,45.40330879322846,38.9573623979407,41.01513632358244
-89.68618222247268,14.068112577528948,2018-09-01,283.55908,0.1060119628906477,-0.0617696160267111,-0.3019305019305019,1.1316725978647686,0.2419889502762431,0.3629500046036276,0.1601582659556167,0.3814010651372388,Baja Humedad / Estres,Vegetacion Escasa / Suelo,Clorofila Degradada / Estres Severo,Cropland,719,Granos Básicos,2018-09-01,9,38.9573623979407,59.261107964360384,51.67179537292444
-89.68618222247268,14.068112577528948,2018-10-01,151.52992,20.2600036621094,-0.0608648502101125,-0.2971353679086313,1.1296189376443415,0.229022529714387,0.3435033259423503,0.1510217644126931,0.3557729941291585,Baja Humedad / Estres,Vegetacion Escasa / Suelo,Clorofila Degradada / Estres Severo,Cropland,719,Granos Básicos,2018-10-01,10,59.261107964360384,58.25124418036407,56.94532992369479
-89.68618222247268,14.068112577528948,2018-11-01,36.725216,21.57198486328128,-0.0321369927281257,-0.2174682797285335,1.0664081434803685,0.1279387643521049,0.1918819188191881,0.0990942994139584,0.2199881726788881,Baja Humedad / Estres,Vegetacion Escasa / Suelo,Clorofila Degradada / Estres Severo,Cropland,719,Granos Básicos,2018-11-01,11,58.25124418036407,59.242637466066626,56.753020754281444
-89.68565555056345,14.022952724560795,2016-05-01,80.837845,1.5559936523437727,,,,,,,,,,,Cropland,737,Granos Básicos,2016-05-01,5,,59.140317529679876,51.556657268247505
-89.68565555056345,14.022952724560795,2025-08-01,328.9239,2.3640075683593977,,,,,,,,,,,Cropland,737,Granos Básicos,2025-08-01,8,,56.62729752431399,52.145055607318
-89.68565555056345,14.022952724560795,2025-09-01,290.8061,31.558007812500023,0.1119782829996606,-0.1581551510867644,0.7985962770826975,0.2074428887251289,0.3111356728378005,0.1546863988724454,0.3659858274280949,Humedad Moderada,Vegetacion Escasa / Suelo,Clorofila Degradada / Estres Severo,Cropland,737,Granos Básicos,2025-09-01,9,56.62729752431399,18.342112790359106,23.734570766366414
-89.68565555056345,14.022952724560795,2025-10-01,276.4463,0.0599914550781477,0.1911405650505755,-0.3562351072279587,0.6790629575402636,0.362457610213445,0.5436321930786875,0.2768741820901103,0.7657704239917269,Humedad Moderada,Vegetacion Moderada,Actividad Moderada / Transicion,Cropland,737,Granos Básicos,2025-10-01,10,18.342112790359106,50.63380443933872,45.68293807453471
-89.68565555056345,14.022952724560795,2025-11-01,22.361649,10.606011962890648,-0.0748042910988692,-0.2647641696393182,1.1617047947351928,0.1996240601503759,0.2994079503806033,0.1380171184022824,0.3202316921803889,Baja Humedad / Estres,Vegetacion Escasa / Suelo,Clorofila Degradada / Estres Severo,Cropland,737,Granos Básicos,2025-11-01,11,50.63380443933872,40.98683694182547,65.35036434811379
-89.65748733733103,13.987130284220628,2016-05-01,81.121895,4.155999755859398,,,,,,,,,,,Cropland,707,Granos Básicos,2016-05-01,5,,58.76043305432973,50.506196172865515
-89.64958831834464,14.104650607614596,2017-01-01,5.086726,14.155999755859398,-0.1001100110011001,-0.213049925852694,1.2224938875305624,0.1379550197078599,0.2069085429465631,0.1064021641118124,0.2381432896064581,Suelo Desnudo / Muy Seco,Vegetacion Escasa / Suelo,Clorofila Degradada / Estres Severo,Cropland,679,Granos Básicos,2017-01-01,1,56.281199064996045,57.77680400944697,60.263767324651965
-89.64958831834464,14.104650607614596,2017-02-01,4.8938212,21.490014648437523,-0.0273224043715847,-0.1696535244922341,1.0561797752808988,0.1392994297684161,0.2089369872578111,0.0852455381886708,0.1863790596219099,Baja Humedad / Estres,Vegetacion Escasa / Suelo,Clorofila Degradada / Estres Severo,Cropland,679,Granos Básicos,2017-02-01,2,57.77680400944697,49.00070207872822,52.01945993238539
-89.64958831834464,14.104650607614596,2017-08-01,214.45084,,,,,,,,,Suelo Desnudo / Muy Seco,Suelo Desnudo / Agua / Nubes,Clorofila Degradada / Estres Severo,Cropland,679,Granos Básicos,2017-08-01,8,,45.88830486409662,50.63605202216996
-89.64958831834464,14.104650607614596,2017-11-01,18.838993,37.54799804687502,,,,,,,,Suelo Desnudo / Muy Seco,Suelo Desnudo / Agua / Nubes,Clorofila Degradada / Estres Severo,Cropland,679,Granos Básicos,2017-11-01,11,,37.83646305290793,39.453163714280976
-89.64958831834464,14.104650607614596,2025-08-01,307.65445,9.741998291015648,,,,,,,,,,,Cropland,679,Granos Básicos,2025-08-01,8,,58.209394974877114,43.59671722494841
-89.64958831834464,14.104650607614596,2025-09-01,325.33917,35.9320007324219,0.1469030375094584,-0.1522589052997393,0.7438265786993402,0.1585499017252675,0.2378118687558006,0.0985711327396976,0.2186997473007121,Humedad Moderada,Vegetacion Escasa / Suelo,Clorofila Degradada / Estres Severo,Cropland,679,Granos Básicos,2025-09-01,9,58.209394974877114,31.96086176027692,30.63304146140493
-89.64958831834464,14.104650607614596,2025-10-01,256.35684,0.0599914550781477,0.0236862745098039,-0.3226591001216052,0.953723567269384,0.3293949887960888,0.4940421631530706,0.2027276078142278,0.5085529357374017,Baja Humedad / Estres,Vegetacion Moderada,Actividad Moderada / Transicion,Cropland,679,Granos Básicos,2025-10-01,10,31.96086176027692,49.3451408152682,44.81495587562809
-89.64958831834464,14.104650607614596,2025-11-01,26.1549,15.158013916015648,-0.0023680178297813,-0.3541312157307619,1.0047472772968444,0.3359447864204439,0.5038701855823929,0.219063829787234,0.5610287707061901,Baja Humedad / Estres,Vegetacion Moderada,Actividad Moderada / Transicion,Cropland,679,Granos Básicos,2025-11-01,11,49.3451408152682,57.54384073055744,56.92774467358407
-89.64012612906444,14.086687751058044,2017-01-01,5.9273357,14.155999755859398,-0.1291979454760964,-0.2606291706387035,1.296733212341198,0.1744227353463588,0.2616108693721694,0.1237253569000679,0.2823894491854151,Suelo Desnudo / Muy Seco,Vegetacion Escasa / Suelo,Clorofila Degradada / Estres Severo,Cropland,661,Granos Básicos,2017-01-01,1,58.646867190841654,65.8158875216907,64.4795774421093
-89.64012612906444,14.086687751058044,2017-02-01,4.85075,21.490014648437523,-0.1261698850847056,-0.2604237867395762,1.2887744034707158,0.1745222929936305,0.2617625985192262,0.1108433734939759,0.2493224932249322,Suelo Desnudo / Muy Seco,Vegetacion Escasa / Suelo,Clorofila Degradada / Estres Severo,Cropland,661,Granos Básicos,2017-02-01,2,65.8158875216907,51.134596017193864,53.12880176587968
-89.64012612906444,14.086687751058044,2017-08-01,202.97614,,,,,,,,,Suelo Desnudo / Muy Seco,Suelo Desnudo / Agua / Nubes,Clorofila Degradada / Estres Severo,Cropland,661,Granos Básicos,2017-08-01,8,,47.45426863798803,50.02680002291952
-89.64012612906444,14.086687751058044,2017-11-01,15.339075,41.93001708984377,,,,,,,,Suelo Desnudo / Muy Seco,Suelo Desnudo / Agua / Nubes,Clorofila Degradada / Estres Severo,Cropland,661,Granos Básicos,2017-11-01,11,,47.44966279893802,44.641804179981655
-89.64012612906444,14.086687751058044,2023-08-01,191.47865,5.700006103515648,,,,,,,,,,,Cropland,661,Granos Básicos,2023-08-01,8,,40.023231566337145,40.334254862652976
-89.64012612906444,14.086687751058044,2023-09-01,280.56625,0.1780029296875227,-0.0739803983559911,-0.2768090671316477,1.1597814953909185,0.2194004995836802,0.3290665001561036,0.1538310025605672,0.3635940409683427,Baja Humedad / Estres,Vegetacion Escasa / Suelo,Clorofila Degradada / Estres Severo,Cropland,661,Granos Básicos,2023-09-01,9,40.023231566337145,25.2774637160875,48.83734859431337
-89.64012612906444,14.086687751058044,2023-10-01,206.08376,1.1100097656250227,0.1189183854732063,-0.2222940922811556,0.787440465690598,0.2144387317909168,0.3216408718470519,0.1515336177127767,0.3571941584869524,Humedad Moderada,Vegetacion Escasa / Suelo,Clorofila Degradada / Estres Severo,Cropland,661,Granos Básicos,2023-10-01,10,25.2774637160875,28.975675032784903,34.58913598859545
-89.64012612906444,14.086687751058044,2023-11-01,38.237503,0.2740112304687727,0.0630524454920447,-0.3900982469659025,0.8813747228381374,0.4030721368850865,0.6045494313210849,0.2823884840945441,0.7870232788509164,Baja Humedad / Estres,Vegetacion Moderada,Actividad Moderada / Transicion,Cropland,661,Granos Básicos,2023-11-01,11,28.975675032784903,44.19103597862877,53.335558911505004
-89.63929763222465,14.014429289911687,2025-08-01,341.7744,2.4540039062500227,,,,,,,,,,,Cropland,692,Granos Básicos,2025-08-01,8,,55.25123743088606,53.83232180285793
-89.63929763222465,14.014429289911687,2025-09-01,307.8023,32.48800048828127,0.1404599129894344,-0.0591630591630591,0.7536784741144414,0.1183341797866937,0.1774922553450815,0.0715328467153284,0.1540880503144654,Humedad Moderada,Vegetacion Escasa / Suelo,Clorofila Degradada / Estres Severo,Cropland,692,Granos Básicos,2025-09-01,9,55.25123743088606,32.603491464201554,29.93003803881376
-89.63929763222465,14.014429289911687,2025-10-01,249.24173,0.0599914550781477,0.0157845868152274,-0.2574712643678161,0.9689213893967094,0.2825322391559203,0.4237486812800375,0.1855223233636757,0.4555614688664182,Baja Humedad / Estres,Vegetacion Escasa / Suelo,Clorofila Degradada / Estres Severo,Cropland,692,Granos Básicos,2025-10-01,10,32.603491464201554,43.807856320097606,49.96034150241125
-89.63929763222465,14.014429289911687,2025-11-01,27.515835,12.790002441406273,0.0362782757148954,-0.3574357062989191,0.92998352553542,0.3832130649449297,0.5747650242096269,0.2434277910549675,0.6435018050541517,Baja Humedad / Estres,Vegetacion Moderada,Actividad Moderada / Transicion,Cropland,692,Granos Básicos,2025-11-01,11,43.807856320097606,57.73418685268281,54.4241528151401
-89.63025281148921,14.03259473934602,2017-01-01,6.6597986,14.155999755859398,-0.1898964201344721,-0.1856382978723404,1.468820098698968,0.1291793313069908,0.1937444599214891,0.0921117099461048,0.2029141932002158,Suelo Desnudo / Muy Seco,Vegetacion Escasa / Suelo,Clorofila Degradada / Estres Severo,Cropland,698,Granos Básicos,2017-01-01,1,63.58336231771968,62.849034080916766,79.21251368048227
-89.63025281148921,14.03259473934602,2017-02-01,4.750815,21.490014648437523,-0.0896898575020955,-0.0898143502257902,1.1970534069981584,0.0862715678919729,0.1293911738967371,0.0602880156211862,0.1283116883116883,Baja Humedad / Estres,Suelo Desnudo / Agua / Nubes,Clorofila Degradada / Estres Severo,Cropland,698,Granos Básicos,2017-02-01,2,62.849034080916766,56.39414131542111,53.07701275622259
-89.63025281148921,14.03259473934602,2017-08-01,220.22151,,,,,,,,,Suelo Desnudo / Muy Seco,Suelo Desnudo / Agua / Nubes,Clorofila Degradada / Estres Severo,Cropland,698,Granos Básicos,2017-08-01,8,,31.048334251247567,52.20200270835971
-89.63025281148921,14.03259473934602,2017-11-01,14.171813,37.37801513671877,,,,,,,,Suelo Desnudo / Muy Seco,Suelo Desnudo / Agua / Nubes,Clorofila Degradada / Estres Severo,Cropland,698,Granos Básicos,2017-11-01,11,,46.850596189686264,42.66484276099611
-89.63025281148921,14.03259473934602,2021-05-01,172.6835,20.38399658203128,,,,,,,,,,,Cropland,698,Granos Básicos,2021-05-01,5,,32.62060255974134,41.49342652290135
-89.63025281148921,14.03259473934602,2021-07-01,158.89642,1.5540100097656475,,,,,,,,,,,Cropland,698,Granos Básicos,2021-07-01,7,,14.122590005373697,40.572974613288764
-89.63025281148921,14.03259473934602,2021-08-01,353.4588,0.4779907226562727,0.2482198625858838,-0.4595384165936313,0.6022818254603683,0.5089096949562066,0.7633069082672705,0.3299614002395847,0.9849026618990862,Humedad Moderada,Vegetacion Moderada,Actividad Moderada / Transicion,Cropland,698,Granos Básicos,2021-08-01,8,14.122590005373697,31.06999521854271,31.86707013624066
-89.63025281148921,14.03259473934602,2021-09-01,238.50273,0.4599853515625227,0.0396130213099751,-0.3436971949983102,0.9237927565392354,0.3630442235173123,0.5445196674950724,0.2265926268702761,0.5859593139210211,Baja Humedad / Estres,Vegetacion Moderada,Actividad Moderada / Transicion,Cropland,698,Granos Básicos,2021-09-01,9,31.06999521854271,55.75938482119056,52.31014131981904
-89.63025281148921,14.03259473934602,2021-10-01,176.64574,31.787988281250023,0.1255091649694501,-0.3983868416890716,0.776973535399231,0.4726848767488341,0.708968273794654,0.2874199184624345,0.8067020841847159,Humedad Moderada,Vegetacion Moderada,Actividad Moderada / Transicion,Cropland,698,Granos Básicos,2021-10-01,10,55.75938482119056,28.761620183670072,37.64920285491552
-89.63025281148921,14.03259473934602,2021-11-01,3.7420914,7.938012695312523,0.160964230171073,-0.4029757243539545,0.7227059611520429,0.4816407542176645,0.7224013892334409,0.2722624627183638,0.7482435597189696,Humedad Moderada,Vegetacion Moderada,Actividad Moderada / Transicion,Cropland,698,Granos Básicos,2021-11-01,11,28.761620183670072,66.54286594504501,60.234896275074604
-89.63025281148921,14.03259473934602,2025-08-01,341.7744,2.3640075683593977,,,,,,,,,,,Cropland,698,Granos Básicos,2025-08-01,8,,54.59050000145531,53.37517137578731
-89.63025281148921,14.03259473934602,2025-09-01,307.8023,32.48000488281252,0.1484848484848485,-0.0264917477782479,0.741424802110818,0.0646067415730337,0.0969058591178406,0.0251035415434029,0.0514999132998093,Humedad Moderada,Suelo Desnudo / Agua / Nubes,Clorofila Degradada / Estres Severo,Cropland,698,Granos Básicos,2025-09-01,9,54.59050000145531,24.0081822746808,25.954473441164982
-89.63025281148921,14.03259473934602,2025-10-01,249.24173,0.0599914550781477,0.1214713430282292,-0.3848591549295774,0.7833714721586575,0.4137311286843997,0.6205409291041424,0.2750851029340249,0.7589445438282647,Humedad Moderada,Vegetacion Moderada,Actividad Moderada / Transicion,Cropland,698,Granos Básicos,2025-10-01,10,24.0081822746808,41.825237041907734,42.83305135852477
-89.63025281148921,14.03259473934602,2025-11-01,27.515835,13.666009521484398,0.0715469197168248,-0.3560808234845596,0.8664605004217036,0.3784150358457663,0.5675675675675675,0.2548950432174987,0.684185606060606,Baja Humedad / Estres,Vegetacion Moderada,Actividad Moderada / Transicion,Cropland,698,Granos Básicos,2025-11-01,11,41.825237041907734,45.39551820340502,54.462883020041474
-89.62994397844113,14.00549753556071,2025-08-01,341.7744,2.4540039062500227,,,,,,,,,,,Cropland,697,Granos Básicos,2025-08-01,8,,58.20759318038999,53.920921491282606
-89.62994397844113,14.00549753556071,2025-09-01,307.8023,35.21599731445315,0.138023750840242,-0.1081051598123704,0.7574325654656429,0.130173564753004,0.1952494854536352,0.0824808184143222,0.1797909407665505,Humedad Moderada,Vegetacion Escasa / Suelo,Clorofila Degradada / Estres Severo,Cropland,697,Granos Básicos,2025-09-01,9,58.20759318038999,24.619967126700995,27.47981874483888
-89.62994397844113,14.00549753556071,2025-10-01,249.24173,0.0599914550781477,0.1139489194499017,-0.4259026405604454,0.7954144620811288,0.4477475834397227,0.6715601349503055,0.3234411470490163,0.9561360275998028,Humedad Moderada,Vegetacion Moderada,Actividad Moderada / Transicion,Cropland,697,Granos Básicos,2025-10-01,10,24.619967126700995,39.97456645184588,42.88090334187437
-89.62994397844113,14.00549753556071,2025-11-01,27.515835,10.852014160156273,0.0593185828695534,-0.405113431760893,0.8880061506919529,0.4058728157088813,0.6087543907052149,0.292909211398277,0.8284910965323335,Baja Humedad / Estres,Vegetacion Moderada,Actividad Moderada / Transicion,Cropland,697,Granos Básicos,2025-11-01,11,39.97456645184588,46.08811946331741,51.24353843070189
-89.62182510453398,14.104954594499484,2017-01-01,5.086726,14.155999755859398,-0.1224209078404401,-0.2653708845696152,1.2789968652037618,0.176036866359447,0.2640309648880287,0.1155796467913971,0.2613681296955319,Suelo Desnudo / Muy Seco,Vegetacion Escasa / Suelo,Clorofila Degradada / Estres Severo,Cropland,655,Granos Básicos,2017-01-01,1,58.09570320440909,59.44716286389428,61.63976091060996
-89.62182510453398,14.104954594499484,2017-02-01,4.8938212,21.490014648437523,-0.0478609103340496,-0.2742483660130719,1.1005334427574889,0.2094292803970223,0.3141049497580945,0.1435945565462224,0.3353424657534247,Baja Humedad / Estres,Vegetacion Escasa / Suelo,Clorofila Degradada / Estres Severo,Cropland,655,Granos Básicos,2017-02-01,2,59.44716286389428,52.34894809935773,54.18559353433447
-89.62182510453398,14.104954594499484,2017-08-01,214.45084,,,,,,,,,Suelo Desnudo / Muy Seco,Suelo Desnudo / Agua / Nubes,Clorofila Degradada / Estres Severo,Cropland,655,Granos Básicos,2017-08-01,8,,50.676762314651356,51.75003024244447
-89.62182510453398,14.104954594499484,2017-11-01,18.838993,37.54799804687502,,,,,,,,Suelo Desnudo / Muy Seco,Suelo Desnudo / Agua / Nubes,Clorofila Degradada / Estres Severo,Cropland,655,Granos Básicos,2017-11-01,11,,39.00107505710759,39.483395384488084
-89.62182510453398,14.104954594499484,2017-12-01,9.373375,6.495996093750023,0.0171339563862928,-0.3810363059569968,0.9663093415007658,0.3105870546914199,0.4658416255539761,0.2188520765282314,0.5603345280764636,Baja Humedad / Estres,Vegetacion Moderada,Actividad Moderada / Transicion,Cropland,655,Granos Básicos,2017-12-01,12,39.00107505710759,62.23360846181977,61.514266944587135
-89.62182510453398,14.104954594499484,2019-01-01,4.519299,22.110009765625023,-0.0744148130895539,-0.3211436170212766,1.1607951685958733,0.2020568663036902,0.3030623818525519,0.1554004942578863,0.3679862306368331,Baja Humedad / Estres,Vegetacion Escasa / Suelo,Clorofila Degradada / Estres Severo,Cropland,655,Granos Básicos,2019-01-01,1,62.23360846181977,69.09048682723125,68.07757498135969
-89.62182510453398,14.104954594499484,2019-02-01,6.003499,27.490014648437523,-0.0918411867364746,-0.3064490820649616,1.2022579870285852,0.1826704545454545,0.2739862225694198,0.1301751051988597,0.2993133583021223,Baja Humedad / Estres,Vegetacion Escasa / Suelo,Clorofila Degradada / Estres Severo,Cropland,655,Granos Básicos,2019-02-01,2,69.09048682723125,59.77253258612967,58.08867993182331
-89.62182510453398,14.104954594499484,2019-03-01,7.368001,11.757989501953148,-0.172851328704812,-0.2495479204339963,1.41794500723589,0.1545530492898914,0.2318102080026731,0.1127214170692431,0.2540834845735027,Suelo Desnudo / Muy Seco,Vegetacion Escasa / Suelo,Clorofila Degradada / Estres Severo,Cropland,655,Granos Básicos,2019-03-01,3,59.77253258612967,86.9938431965453,86.07914709762639
-89.62182510453398,14.104954594499484,2019-07-01,157.5002,0.3219848632812727,,,,,,,,,,,Cropland,655,Granos Básicos,2019-07-01,7,,52.40634741132466,45.81704846091354
-89.62182510453398,14.104954594499484,2019-08-01,260.56747,23.129998779296898,0.0591004832114979,-0.3775987107171635,0.8883949461862424,0.3804909560723514,0.5706903512313282,0.2630023640661938,0.7137129109863674,Baja Humedad / Estres,Vegetacion Moderada,Actividad Moderada / Transicion,Cropland,655,Granos Básicos,2019-08-01,8,52.40634741132466,61.89395607203403,49.41371560537652
-89.62182510453398,14.104954594499484,2019-11-01,35.17901,0.3940063476562727,,,,,,,,,,,Cropland,655,Granos Básicos,2019-11-01,11,,65.45670427863568,61.68589208365834
-89.60219227627164,14.005797182943828,2021-05-01,172.6835,1.9699951171875227,,,,,,,,,,,Cropland,728,Granos Básicos,2021-05-01,5,,38.14853057705173,42.39591921505708
-89.60219227627164,14.005797182943828,2021-07-01,158.89642,0.2940002441406477,,,,,,,,,,,Cropland,728,Granos Básicos,2021-07-01,7,,13.119100857776772,22.525156658488207
-89.60219227627164,14.005797182943828,2021-08-01,353.4588,0.4779907226562727,0.2605586290649035,-0.5165584415584416,0.5865981588524941,0.5640381717729784,0.845986440110488,0.469329977980497,1.7688203912270302,Humedad Moderada,Vegetacion Moderada,Alta Actividad Fotosintetica,Cropland,728,Granos Básicos,2021-08-01,8,13.119100857776772,23.356991324667153,27.09737541697817
-89.60219227627164,14.005797182943828,2021-09-01,238.50273,0.2799926757812727,0.1322133804892425,-0.0101498816723639,0.7664514785506039,0.0248092621245264,0.0372129004721636,-0.0119341563786008,-0.0235868239121593,Humedad Moderada,Suelo Desnudo / Agua / Nubes,Clorofila Degradada / Estres Severo,Cropland,728,Granos Básicos,2021-09-01,9,23.356991324667153,39.52076358574644,37.14993266163701
-89.60219227627164,14.005797182943828,2021-10-01,176.64574,21.887994384765648,0.2020991253644314,-0.4960812772133527,0.6637563057819169,0.5484452456061288,0.8226060833646264,0.4334584897788903,1.5301914580265097,Humedad Moderada,Vegetacion Moderada,Alta Actividad Fotosintetica,Cropland,728,Granos Básicos,2021-10-01,10,39.52076358574644,28.511653393297237,34.845607704511025
-89.60219227627164,14.005797182943828,2021-11-01,3.7420914,7.908013916015648,0.1636648394675019,-0.4640394088669951,0.7187079407806191,0.4864954984994998,0.7296824206051513,0.3693749040086008,1.1714564052605945,Humedad Moderada,Vegetacion Moderada,Actividad Moderada / Transicion,Cropland,728,Granos Básicos,2021-11-01,11,28.511653393297237,52.35750667376217,55.72299513744517
-89.60219227627164,14.005797182943828,2024-08-01,291.65466,5.331994628906273,,,,,,,,,,,Cropland,728,Granos Básicos,2024-08-01,8,,34.209436494073756,34.07525447256526
-89.60219227627164,14.005797182943828,2024-10-01,77.27616,0.1559997558593977,,,,,,,,,,,Cropland,728,Granos Básicos,2024-10-01,10,,32.54122332884977,34.40017417514461
-89.60219227627164,14.005797182943828,2024-11-01,90.38654,1.7959838867187727,0.0381322957198443,-0.3236753324072237,0.9265367316341828,0.3106700727058361,0.4659593280282935,0.2326741822214008,0.6064547206165702,Baja Humedad / Estres,Vegetacion Moderada,Actividad Moderada / Transicion,Cropland,728,Granos Básicos,2024-11-01,11,32.54122332884977,43.320860903154845,47.50804940612085
-89.54559573544641,13.907023422977725,2024-08-01,306.17938,5.331994628906273,,,,,,,,,,,Cropland,971,Granos Básicos,2024-08-01,8,,19.868439477153192,28.850296934674162
-89.54559573544641,13.907023422977725,2024-10-01,83.73399,0.1559997558593977,,,,,,,,,,,Cropland,971,Granos Básicos,2024-10-01,10,,31.447025257356113,32.814144607577084
-89.54559573544641,13.907023422977725,2024-11-01,114.18791,0.3820129394531477,0.034007748600947,-0.3686609686609686,0.9342214820982516,0.3702224757558471,0.5552809202395664,0.2186707255200405,0.5597402597402596,Baja Humedad / Estres,Vegetacion Moderada,Actividad Moderada / Transicion,Cropland,971,Granos Básicos,2024-11-01,11,31.447025257356113,55.200933956040956,52.53781657487536
-89.5407487347606,14.30457140343538,2017-01-01,4.7239504,14.155999755859398,-0.0738889639335404,-0.271513353115727,1.159568261376896,0.1869806094182825,0.2804466372370813,0.1239344262295081,0.282934131736527,Baja Humedad / Estres,Vegetacion Escasa / Suelo,Clorofila Degradada / Estres Severo,Cropland,438,Granos Básicos,2017-01-01,1,54.148689610694845,56.72629173312973,58.92453839179022
-89.5407487347606,14.30457140343538,2017-02-01,4.274966,21.490014648437523,-0.0144054478784704,-0.2982577195100914,1.0292319957480731,0.2408903544929926,0.3613057456104195,0.1741029641185647,0.421609369097091,Baja Humedad / Estres,Vegetacion Escasa / Suelo,Clorofila Degradada / Estres Severo,Cropland,438,Granos Básicos,2017-02-01,2,56.72629173312973,45.527787406132234,48.9441571385064
-89.5407487347606,14.30457140343538,2017-08-01,183.33054,,,,,,,,,Suelo Desnudo / Muy Seco,Suelo Desnudo / Agua / Nubes,Clorofila Degradada / Estres Severo,Cropland,438,Granos Básicos,2017-08-01,8,,49.79711864483377,50.79187434554369
-89.5407487347606,14.30457140343538,2017-11-01,19.81238,36.53798828125002,,,,,,,,Suelo Desnudo / Muy Seco,Suelo Desnudo / Agua / Nubes,Clorofila Degradada / Estres Severo,Cropland,438,Granos Básicos,2017-11-01,11,,40.6881441849338,42.15625592464485
-89.5407487347606,14.30457140343538,2017-12-01,5.5439963,8.334008789062523,0.0192403798100949,-0.375716694772344,0.962245648443246,0.3417763157894737,0.5126223172436477,0.2481640146878825,0.6601546601546602,Baja Humedad / Estres,Vegetacion Moderada,Actividad Moderada / Transicion,Cropland,438,Granos Básicos,2017-12-01,12,40.6881441849338,62.04631642394581,61.1165410413134
-89.5407487347606,14.30457140343538,2019-01-01,5.2990103,24.267999267578148,-0.0452835084987673,-0.2675279931093884,1.094862734438706,0.1888835029891743,0.2833023669117053,0.1306084818684695,0.3004595263343939,Baja Humedad / Estres,Vegetacion Escasa / Suelo,Clorofila Degradada / Estres Severo,Cropland,438,Granos Básicos,2019-01-01,1,62.04631642394581,64.15195180612959,65.25843700911697
-89.5407487347606,14.30457140343538,2019-02-01,5.658967,36.47799072265627,0.0806219783091598,-0.34493413563181,0.8507859733978235,0.297458424850957,0.4461526394226998,0.2389513108614232,0.6279527559055118,Baja Humedad / Estres,Vegetacion Escasa / Suelo,Actividad Moderada / Transicion,Cropland,438,Granos Básicos,2019-02-01,2,64.15195180612959,36.877354796761516,39.85336876185388
-89.5407487347606,14.30457140343538,2019-03-01,5.6538825,9.887994384765648,0.0854166666666666,-0.3887161261661483,0.8426103646833013,0.3672547018515819,0.5508418980975289,0.2813225850526028,0.7828897338403042,Baja Humedad / Estres,Vegetacion Moderada,Actividad Moderada / Transicion,Cropland,438,Granos Básicos,2019-03-01,3,36.877354796761516,73.49512710718665,64.55797289286217
-89.5407487347606,14.30457140343538,2019-07-01,131.4818,12.696008300781273,,,,,,,,,,,Cropland,438,Granos Básicos,2019-07-01,7,,58.071532079297974,49.04105974868974
-89.5407487347606,14.30457140343538,2019-08-01,210.14777,25.924005126953148,0.0241775663892191,-0.3441997572394659,0.9527863777089784,0.3321876611101564,0.4982386802989947,0.2293054234062797,0.5950617283950617,Baja Humedad / Estres,Vegetacion Moderada,Actividad Moderada / Transicion,Cropland,438,Granos Básicos,2019-08-01,8,58.071532079297974,66.41736944619466,64.71812575327111
-89.5407487347606,14.30457140343538,2019-11-01,36.223557,0.3940063476562727,,,,,,,,,,,Cropland,438,Granos Básicos,2019-11-01,11,,61.04639976231848,60.84983986136207
-89.53148547669198,14.30467025723571,2017-01-01,4.7239504,14.155999755859398,-0.0357835740461306,-0.2933352609512794,1.0742231164766376,0.1974300629099183,0.2961252760489861,0.1265583679637325,0.2897923875432526,Baja Humedad / Estres,Vegetacion Escasa / Suelo,Clorofila Degradada / Estres Severo,Cropland,430,Granos Básicos,2017-01-01,1,51.04964844787002,58.63341914226962,56.98632964623042
-89.53148547669198,14.30467025723571,2017-02-01,4.274966,21.490014648437523,-0.0378552278820375,-0.2755189081603639,1.0786892554614356,0.1844224422442244,0.2766154049237674,0.1199600549244788,0.2726241134751772,Baja Humedad / Estres,Vegetacion Escasa / Suelo,Clorofila Degradada / Estres Severo,Cropland,430,Granos Básicos,2017-02-01,2,58.63341914226962,48.37537254993317,48.59940935784484
-89.53148547669198,14.30467025723571,2017-08-01,183.33054,,,,,,,,,Suelo Desnudo / Muy Seco,Suelo Desnudo / Agua / Nubes,Clorofila Degradada / Estres Severo,Cropland,430,Granos Básicos,2017-08-01,8,,48.54784715832996,48.48756247779421
-89.53148547669198,14.30467025723571,2017-11-01,19.81238,36.53798828125002,,,,,,,,Suelo Desnudo / Muy Seco,Suelo Desnudo / Agua / Nubes,Clorofila Degradada / Estres Severo,Cropland,430,Granos Básicos,2017-11-01,11,,46.44250242740572,43.321236564692796
-89.53148547669198,14.30467025723571,2017-12-01,5.5439963,8.334008789062523,-0.0515144288099213,-0.2305074257425742,1.1086245914005532,0.1752364066193853,0.262835192435547,0.1113595081738158,0.2506289308176102,Baja Humedad / Estres,Vegetacion Escasa / Suelo,Clorofila Degradada / Estres Severo,Cropland,430,Granos Básicos,2017-12-01,12,46.44250242740572,59.61826849666977,63.70938760524969
-89.53148547669198,14.30467025723571,2019-01-01,5.2990103,24.835992431640648,-0.0083672005737508,-0.356885835786719,1.0168756027000965,0.2920105902507398,0.4379817799579538,0.1907564231376489,0.4714437743880808,Baja Humedad / Estres,Vegetacion Escasa / Suelo,Clorofila Degradada / Estres Severo,Cropland,430,Granos Básicos,2019-01-01,1,59.61826849666977,72.0104134426664,69.07278071862262
-89.53148547669198,14.30467025723571,2019-02-01,5.658967,35.68001708984377,-0.0259251052514956,-0.0891972249752229,1.0532302092811647,0.0785083415112855,0.1177480681957561,0.0454221165279429,0.0951669157947185,Baja Humedad / Estres,Suelo Desnudo / Agua / Nubes,Clorofila Degradada / Estres Severo,Cropland,430,Granos Básicos,2019-02-01,2,72.0104134426664,47.048506208918376,48.023813027386105
-89.53148547669198,14.30467025723571,2019-03-01,5.6538825,9.887994384765648,-0.0396464318211361,-0.1976009077646296,1.0825663237682728,0.1084771192798199,0.1627034731077938,0.0671674129712552,0.1440074326416847,Baja Humedad / Estres,Vegetacion Escasa / Suelo,Clorofila Degradada / Estres Severo,Cropland,430,Granos Básicos,2019-03-01,3,47.048506208918376,80.90799139568252,74.31665059206395
-89.53148547669198,14.30467025723571,2019-07-01,131.4818,12.696008300781273,,,,,,,,,,,Cropland,430,Granos Básicos,2019-07-01,7,,56.690547867910944,46.437448916512565
-89.53148547669198,14.30467025723571,2019-08-01,210.14777,25.924005126953148,0.0411579609817495,-0.3446033810143042,0.9209381044487428,0.3211946973326944,0.4817535734248982,0.2227642276422764,0.5732217573221758,Baja Humedad / Estres,Vegetacion Moderada,Actividad Moderada / Transicion,Cropland,430,Granos Básicos,2019-08-01,8,56.690547867910944,73.91491036079698,66.15100820784978
-89.53148547669198,14.30467025723571,2019-11-01,36.223557,0.3940063476562727,,,,,,,,,,,Cropland,430,Granos Básicos,2019-11-01,11,,58.38378719780788,60.584785018844734
-89.53148547669198,14.30467025723571,2025-08-01,243.69443,14.640008544921898,,,,,,,,,,,Cropland,430,Granos Básicos,2025-08-01,8,,68.28357210883051,44.01175214160533
-89.53148547669198,14.30467025723571,2025-09-01,408.46118,33.1559997558594,-0.0114792590660057,-0.3081305023303987,1.0232251253628926,0.246996873457298,0.3704648292883586,0.159602142310635,0.3798252002913329,Baja Humedad / Estres,Vegetacion Escasa / Suelo,Clorofila Degradada / Estres Severo,Cropland,430,Granos Básicos,2025-09-01,9,68.28357210883051,30.78552049846231,39.6528789560187
-89.53148547669198,14.30467025723571,2025-10-01,206.26247,1.5100036621093975,0.0561648388168826,-0.0947295900792283,0.893643801132788,0.0947295900792283,0.1420699156190804,0.0298120544394037,0.0614562458249832,Baja Humedad / Estres,Suelo Desnudo / Agua / Nubes,Clorofila Degradada / Estres Severo,Cropland,430,Granos Básicos,2025-10-01,10,30.78552049846231,55.868135926327376,49.88761818404243
-89.53148547669198,14.30467025723571,2025-11-01,24.41898,19.028009033203148,-0.0344616327155766,-0.2805200081251269,1.0713832487309645,0.2610522104420884,0.3915391539153915,0.1708766716196136,0.4121863799283154,Baja Humedad / Estres,Vegetacion Escasa / Suelo,Clorofila Degradada / Estres Severo,Cropland,430,Granos Básicos,2025-11-01,11,55.868135926327376,45.26469612142303,52.137811557849744
-89.5313843214325,14.295637361623378,2017-01-01,4.8216305,14.155999755859398,-0.0009527698380291,-0.2838901521777155,1.0019073569482289,0.2346509671993271,0.3519468505592464,0.1623119556611243,0.3875236294896029,Baja Humedad / Estres,Vegetacion Escasa / Suelo,Clorofila Degradada / Estres Severo,Cropland,430,Granos Básicos,2017-01-01,1,48.216923305990214,53.87741057934656,56.44144971143288
-89.5313843214325,14.295637361623378,2017-02-01,4.3678875,21.490014648437523,0.0206240084611316,-0.2909698996655518,0.9595854922279792,0.2554886973491624,0.3832018863322221,0.171649719229018,0.4144375229021619,Baja Humedad / Estres,Vegetacion Escasa / Suelo,Clorofila Degradada / Estres Severo,Cropland,430,Granos Básicos,2017-02-01,2,53.87741057934656,43.162438636639585,48.62403450567848
-89.5313843214325,14.295637361623378,2017-08-01,184.27753,,,,,,,,,Suelo Desnudo / Muy Seco,Suelo Desnudo / Agua / Nubes,Clorofila Degradada / Estres Severo,Cropland,430,Granos Básicos,2017-08-01,8,,47.32574751273715,48.29216046213966
-89.5313843214325,14.295637361623378,2017-11-01,18.258457,39.70598754882815,,,,,,,,Suelo Desnudo / Muy Seco,Suelo Desnudo / Agua / Nubes,Clorofila Degradada / Estres Severo,Cropland,430,Granos Básicos,2017-11-01,11,,42.12950821443159,43.96278886533848
-89.5313843214325,14.295637361623378,2017-12-01,4.4362903,8.346002197265648,0.0016666666666666,0.1053219203572757,0.9966722129783694,-0.0638629283489096,-0.0957757445980144,-0.099625468164794,-0.1811989100817438,Baja Humedad / Estres,Suelo Desnudo / Agua / Nubes,Clorofila Degradada / Estres Severo,Cropland,430,Granos Básicos,2017-12-01,12,42.12950821443159,59.98034187231601,62.775486026956216
-89.5313843214325,14.295637361623378,2018-02-01,4.180214,31.188012695312523,,,,,,,,,,,Cropland,430,Granos Básicos,2018-02-01,2,,28.11306844035819,30.220514253462138
-89.5313843214325,14.295637361623378,2018-06-01,280.75687,11.170007324218773,0.209119283484869,-0.4322456196752933,0.6540965207631875,0.4967243406685704,0.745023935500126,0.3611365719523373,1.1305595408895264,Humedad Moderada,Vegetacion Moderada,Actividad Moderada / Transicion,Cropland,430,Granos Básicos,2018-06-01,6,28.11306844035819,23.098875665367864,28.00458220642042
-89.5313843214325,14.295637361623378,2018-07-01,104.89226,6.021997070312523,0.206772430342621,-0.4181419395268682,0.6573133009279717,0.4761904761904761,0.7142274765593152,0.3476254280184606,1.0657234139662255,Humedad Moderada,Vegetacion Moderada,Actividad Moderada / Transicion,Cropland,430,Granos Básicos,2018-07-01,7,23.098875665367864,44.041506939935225,45.06627937208141
-89.5313843214325,14.295637361623378,2018-08-01,169.17853,23.141992187500023,0.1621025308241401,-0.4400128658732711,0.7210185392003574,0.499581309663373,0.7493092187892489,0.3464661654135338,1.0602853198343305,Humedad Moderada,Vegetacion Moderada,Actividad Moderada / Transicion,Cropland,430,Granos Básicos,2018-08-01,8,44.041506939935225,11.68214147881544,30.361290288372953
-89.5313843214325,14.295637361623378,2018-09-01,250.42035,0.1060119628906477,0.2736028016926893,-0.4469496021220159,0.5703483043079743,0.5139635732870772,0.7708785014309254,0.3464979944461586,1.060434372049103,Humedad Moderada,Vegetacion Moderada,Actividad Moderada / Transicion,Cropland,430,Granos Básicos,2018-09-01,9,11.68214147881544,50.22129171917391,37.7635455395053
-89.5313843214325,14.295637361623378,2018-10-01,97.32764,23.4999938964844,0.0905674558436678,0.0291067246570759,0.833907649896623,0.037169406719085,0.055744148651063,0.0290780141843971,0.0598977355734111,Baja Humedad / Estres,Suelo Desnudo / Agua / Nubes,Clorofila Degradada / Estres Severo,Cropland,430,Granos Básicos,2018-10-01,10,50.22129171917391,51.940896471029376,41.07370303168319
-89.5313843214325,14.295637361623378,2018-11-01,28.266195,24.908013916015648,0.0869281045751634,-0.0947992100065832,0.8400481058328322,0.125169147496617,0.1877219685438863,0.1002315580549123,0.2227941176470589,Baja Humedad / Estres,Vegetacion Escasa / Suelo,Clorofila Degradada / Estres Severo,Cropland,430,Granos Básicos,2018-11-01,11,51.940896471029376,64.46043676466935,60.11633386293871
-89.5313843214325,14.295637361623378,2018-12-01,4.451186,28.827996826171898,-0.0182767624020887,-0.1091445427728613,1.0372340425531914,0.1145243869576933,0.1717634379630877,0.0476190476190476,0.1,Baja Humedad / Estres,Vegetacion Escasa / Suelo,Clorofila Degradada / Estres Severo,Cropland,430,Granos Básicos,2018-12-01,12,64.46043676466935,59.06758820632645,57.17139247449076
-89.5313843214325,14.295637361623378,2019-01-01,5.138755,25.296014404296898,0.0041229385307346,-0.2291810048176187,0.9917879805897724,0.2263675898374914,0.3395125300377618,0.1409710391822828,0.3282102131879028,Baja Humedad / Estres,Vegetacion Escasa / Suelo,Clorofila Degradada / Estres Severo,Cropland,430,Granos Básicos,2019-01-01,1,59.06758820632645,69.34622011386044,64.22451815837728
-89.5313843214325,14.295637361623378,2019-02-01,5.6966243,29.731988525390648,-0.0671131575275568,-0.1969208736126029,1.1438827400538438,0.140760962293124,0.2111234325684551,0.0832793259883344,0.1816896429833863,Baja Humedad / Estres,Vegetacion Escasa / Suelo,Clorofila Degradada / Estres Severo,Cropland,430,Granos Básicos,2019-02-01,2,69.34622011386044,46.05727165861545,49.34387890652031
-89.5313843214325,14.295637361623378,2019-03-01,9.592283,9.300012207031273,-0.0347682119205298,-0.2448398576512455,1.072041166380789,0.206831119544592,0.3102199223803363,0.1594298972489227,0.3793375394321767,Baja Humedad / Estres,Vegetacion Escasa / Suelo,Clorofila Degradada / Estres Severo,Cropland,430,Granos Básicos,2019-03-01,3,46.05727165861545,60.7933651115262,64.39255853852629
-89.5313843214325,14.295637361623378,2019-07-01,135.74512,12.696008300781273,,,,,,,,,,,Cropland,430,Granos Básicos,2019-07-01,7,,48.381423510102174,46.036832573707095
-89.5313843214325,14.295637361623378,2019-08-01,205.74536,26.313989257812523,0.1481741573033707,-0.4424349360388178,0.7418960244648318,0.4933779875171259,0.7400106553010123,0.3334239499796113,1.0004078303425774,Humedad Moderada,Vegetacion Moderada,Actividad Moderada / Transicion,Cropland,430,Granos Básicos,2019-08-01,8,48.381423510102174,70.25810286583717,55.081020029939594
-89.5313843214325,14.295637361623378,2019-11-01,31.9154,0.3940063476562727,,,,,,,,,,,Cropland,430,Granos Básicos,2019-11-01,11,,56.98900435872177,59.658330135246395
-89.5313843214325,14.295637361623378,2020-06-01,193.9845,4.122003173828148,,,,,,,,,,,Cropland,430,Granos Básicos,2020-06-01,6,,60.49531336017105,50.03411463108668
-89.5313843214325,14.295637361623378,2020-07-01,245.67148,25.350000000000023,-0.0127610208816705,0.0376024879841673,1.0258519388954173,-0.0078694258233751,-0.0118024187673029,-0.0184544405997693,-0.0362400906002264,Baja Humedad / Estres,Suelo Desnudo / Agua / Nubes,Clorofila Degradada / Estres Severo,Cropland,430,Granos Básicos,2020-07-01,7,60.49531336017105,56.9405725679639,57.05932477437857
-89.5313843214325,14.295637361623378,2020-08-01,185.28934,20.455987548828148,-0.0298953662182361,-0.0067218200620475,1.061633281972265,0.0188383045525902,0.0282537606278613,-0.0111731843575419,-0.0220994475138122,Baja Humedad / Estres,Suelo Desnudo / Agua / Nubes,Clorofila Degradada / Estres Severo,Cropland,430,Granos Básicos,2020-08-01,8,56.9405725679639,54.992582602765005,56.34281280053776
-89.5313843214325,14.295637361623378,2020-09-01,246.8637,25.046014404296898,0.0511206245278267,0.0765486725663716,0.9027311931001436,-0.0326767091541135,-0.0490093847758081,-0.0753212228622064,-0.1400906468891636,Baja Humedad / Estres,Suelo Desnudo / Agua / Nubes,Clorofila Degradada / Estres Severo,Cropland,430,Granos Básicos,2020-09-01,9,54.992582602765005,35.20208736706031,43.83251632429653
-89.5313843214325,14.295637361623378,2020-10-01,206.39862,0.1220031738281477,-0.0153964588144726,0.1352265043948614,1.0312744331508992,-0.0851216022889842,-0.1276595744680851,-0.0831541218637992,-0.1535407015221707,Baja Humedad / Estres,Suelo Desnudo / Agua / Nubes,Clorofila Degradada / Estres Severo,Cropland,430,Granos Básicos,2020-10-01,10,35.20208736706031,60.3722021866674,52.776495359715
-89.5313843214325,14.295637361623378,2020-11-01,175.21878,28.30001220703128,0.02542764678687,0.1797337278106509,0.9504057709648333,-0.1120896717373899,-0.1681008605163098,-0.1194918618499404,-0.2134751773049645,Baja Humedad / Estres,Suelo Desnudo / Agua / Nubes,Clorofila Degradada / Estres Severo,Cropland,430,Granos Básicos,2020-11-01,11,60.3722021866674,60.84268351194315,58.28044673877817
-89.5313843214325,14.295637361623378,2021-05-01,170.48837,17.481988525390648,,,,,,,,,,,Cropland,430,Granos Básicos,2021-05-01,5,,60.03579298979975,50.79400229083496
-89.5313843214325,14.295637361623378,2021-07-01,143.27065,3.7440124511718977,,,,,,,,,,,Cropland,430,Granos Básicos,2021-07-01,7,,14.53584770751572,33.916507899586904
-89.5313843214325,14.295637361623378,2021-08-01,252.8329,0.5079895019531477,0.2435114503816794,-0.4553305539011316,0.6083486801718846,0.5477434679334917,0.8215501543820759,0.3550533758491612,1.1010318142734308,Humedad Moderada,Vegetacion Moderada,Actividad Moderada / Transicion,Cropland,430,Granos Básicos,2021-08-01,8,14.53584770751572,37.12348884313544,38.53201825425167
-89.5313843214325,14.295637361623378,2021-09-01,238.7824,4.570001220703148,0.0162763001190948,0.1271735424480054,0.96796875,-0.0486807878112225,-0.0730076165706855,-0.0801293568091987,-0.1483699268130406,Baja Humedad / Estres,Suelo Desnudo / Agua / Nubes,Clorofila Degradada / Estres Severo,Cropland,430,Granos Básicos,2021-09-01,9,37.12348884313544,53.41441919340277,55.81825332364168
-89.5313843214325,14.295637361623378,2021-10-01,144.14488,32.5880065917969,0.1642884689548785,-0.2317421460628315,0.7177873468035774,0.2264879138736542,0.3396973697572865,0.1613771879207539,0.3848623853211008,Humedad Moderada,Vegetacion Escasa / Suelo,Clorofila Degradada / Estres Severo,Cropland,430,Granos Básicos,2021-10-01,10,53.41441919340277,51.00313724109711,41.982631626152205
-89.5313843214325,14.295637361623378,2021-11-01,3.8899052,21.309991455078148,0.0537276134943773,-0.0218093699515347,0.8980237154150198,0.0515378221113881,0.0772906710991065,0.036036036036036,0.0747663551401869,Baja Humedad / Estres,Suelo Desnudo / Agua / Nubes,Clorofila Degradada / Estres Severo,Cropland,430,Granos Básicos,2021-11-01,11,51.00313724109711,59.39984323768126,57.43329606538639
-89.5313843214325,14.295637361623378,2022-06-01,340.16025,4.529992675781273,,,,,,,,,,,Cropland,430,Granos Básicos,2022-06-01,6,,43.47338210309393,52.487981300054706
-89.5313843214325,14.295637361623378,2022-08-01,257.09634,,,,,,,,,,,,Cropland,430,Granos Básicos,2022-08-01,8,,42.59263973937251,44.13494558766543
-89.5313843214325,14.295637361623378,2022-09-01,319.92197,12.969995117187525,0.0534581047649779,-0.0983514634966917,0.8985092914028997,0.1205949656750572,0.1808821005663291,0.0530050532200838,0.1119436875567665,Baja Humedad / Estres,Vegetacion Escasa / Suelo,Clorofila Degradada / Estres Severo,Cropland,430,Granos Básicos,2022-09-01,9,42.59263973937251,54.280930162521,49.22478115955434
-89.5313843214325,14.295637361623378,2022-10-01,93.536606,20.338006591796898,0.0013404825737265,0.2190277051751176,0.997322623828648,-0.1827133479212253,-0.2740325447832626,-0.17,-0.2905982905982905,Baja Humedad / Estres,Suelo Desnudo / Agua / Nubes,Clorofila Degradada / Estres Severo,Cropland,430,Granos Básicos,2022-10-01,10,54.280930162521,53.700688372796755,53.369021052624376
-89.5313843214325,14.295637361623378,2022-11-01,91.42406,24.240014648437523,0.056985294117647,0.2996345919610231,0.8921739130434783,-0.2618741976893453,-0.39274827530884,-0.2441669405192244,-0.3924986793449551,Baja Humedad / Estres,Suelo Desnudo / Agua / Nubes,Clorofila Degradada / Estres Severo,Cropland,430,Granos Básicos,2022-11-01,11,53.700688372796755,31.819197682979823,37.399538334487026
-89.52838244961002,14.024647004158192,2021-05-01,216.59421,2.9699951171875227,,,,,,,,,,,Cropland,540,Granos Básicos,2021-05-01,5,,31.24540997542285,45.256225845847105
-89.52838244961002,14.024647004158192,2021-07-01,197.53343,0.2940002441406477,,,,,,,,,,,Cropland,540,Granos Básicos,2021-07-01,7,,27.993016804788805,29.85189146869583
-89.52838244961002,14.024647004158192,2021-08-01,408.73773,0.4779907226562727,0.0776709755828085,-0.1750391519094085,0.8558540086118516,0.2033061929434986,0.3049404798618392,0.1101752788527202,0.2476336658992068,Baja Humedad / Estres,Vegetacion Escasa / Suelo,Clorofila Degradada / Estres Severo,Cropland,540,Granos Básicos,2021-08-01,8,27.993016804788805,37.15380863379485,36.97774279782053
-89.52838244961002,14.024647004158192,2021-09-01,252.123,6.331994628906273,0.0378088077336197,-0.2039875389408099,0.9271372386669426,0.1850852446952042,0.2776108419697062,0.2045879566138885,0.5144200626959248,Baja Humedad / Estres,Vegetacion Escasa / Suelo,Actividad Moderada / Transicion,Cropland,540,Granos Básicos,2021-09-01,9,37.15380863379485,61.124650111584344,54.38317820588435
-89.52838244961002,14.024647004158192,2021-10-01,202.11694,33.1660095214844,0.076670317634173,-0.2030351242198017,0.8575788402848423,0.2221807783165485,0.3332504506744576,0.1730310262529833,0.4184704184704184,Baja Humedad / Estres,Vegetacion Escasa / Suelo,Clorofila Degradada / Estres Severo,Cropland,540,Granos Básicos,2021-10-01,10,61.124650111584344,41.7093637195004,45.20929374001986
-89.52838244961002,14.024647004158192,2021-11-01,3.097583,9.413995361328148,0.0201101268853243,-0.1860821155184412,0.9605726355315654,0.1694798957046795,0.2542024013722126,0.1472805600430802,0.3454373223871172,Baja Humedad / Estres,Vegetacion Escasa / Suelo,Clorofila Degradada / Estres Severo,Cropland,540,Granos Básicos,2021-11-01,11,41.7093637195004,56.11768921212209,62.09492043261617
-89.52838244961002,14.024647004158192,2022-06-01,406.06418,4.924005126953148,,,,,,,,,,,Cropland,540,Granos Básicos,2022-06-01,6,,45.35612854610412,46.57111732340527
-89.52838244961002,14.024647004158192,2022-08-01,352.52844,,,,,,,,,,,,Cropland,540,Granos Básicos,2022-08-01,8,,31.075272795818343,34.97167354158439
-89.52838244961002,14.024647004158192,2022-09-01,291.88913,0.5859924316406477,0.0411146642302421,-0.1196266273642839,0.9210179903466432,0.1236287439911253,0.1854316879275282,0.0931766398848782,0.205501190161333,Baja Humedad / Estres,Vegetacion Escasa / Suelo,Clorofila Degradada / Estres Severo,Cropland,540,Granos Básicos,2022-09-01,9,31.075272795818343,49.44378922160097,46.71393910397816
-89.52838244961002,14.024647004158192,2022-10-01,146.60757,20.226007080078148,0.0594249201277955,-0.1375643224699828,0.887816646562123,0.1162477558348294,0.1743618513323983,0.2049418604651162,0.5155393053016453,Baja Humedad / Estres,Vegetacion Escasa / Suelo,Actividad Moderada / Transicion,Cropland,540,Granos Básicos,2022-10-01,10,49.44378922160097,51.52467608513448,47.8079338891624
-89.52838244961002,14.024647004158192,2022-11-01,79.58504,20.387994384765648,0.0358524632447768,-0.125245166713365,0.9307768924302788,0.1263497405693451,0.1895113230035757,0.0971178800710285,0.2151285930408473,Baja Humedad / Estres,Vegetacion Escasa / Suelo,Clorofila Degradada / Estres Severo,Cropland,540,Granos Básicos,2022-11-01,11,51.52467608513448,36.133621339887725,44.26075714029889
-89.52838244961002,14.024647004158192,2023-08-01,232.33432,6.149987792968773,,,,,,,,,,,Cropland,540,Granos Básicos,2023-08-01,8,,26.948324833322168,38.896147263904474
-89.52838244961002,14.024647004158192,2023-09-01,357.79248,0.1780029296875227,0.0867868817884635,-0.1795810919079775,0.8402872113332039,0.1950371057513914,0.2925386978955302,0.2273430987257353,0.5884710234278667,Baja Humedad / Estres,Vegetacion Escasa / Suelo,Actividad Moderada / Transicion,Cropland,540,Granos Básicos,2023-09-01,9,26.948324833322168,31.074186718828894,33.528070535595724
-89.52838244961002,14.024647004158192,2023-10-01,244.70856,0.2600036621093977,0.0370752865847361,-0.1380326382592928,0.9285002987452698,0.1521340064249655,0.2281879194630872,0.2154442023723069,0.5492132058006789,Baja Humedad / Estres,Vegetacion Escasa / Suelo,Actividad Moderada / Transicion,Cropland,540,Granos Básicos,2023-10-01,10,31.074186718828894,30.132770506397122,46.21542402730821
-89.52838244961002,14.024647004158192,2023-11-01,34.77777,0.8860107421875227,0.0564334085778781,-0.1684535174034366,0.8931623931623932,0.1609514081424193,0.2414094987962355,0.1641791044776119,0.3928571428571428,Baja Humedad / Estres,Vegetacion Escasa / Suelo,Clorofila Degradada / Estres Severo,Cropland,540,Granos Básicos,2023-11-01,11,30.132770506397122,50.46875798827711,53.5031248344978
-89.52838244961002,14.024647004158192,2024-08-01,325.57068,5.331994628906273,,,,,,,,,,,Cropland,540,Granos Básicos,2024-08-01,8,,36.20117363612164,41.894423809197036
-89.52838244961002,14.024647004158192,2024-10-01,86.12256,0.1559997558593977,,,,,,,,,,,Cropland,540,Granos Básicos,2024-10-01,10,,29.144782494493253,31.808031297163737
-89.52838244961002,14.024647004158192,2024-11-01,106.953125,0.8739868164062727,0.0684320922915574,-0.2316759860964183,0.8719018404907976,0.2307459981878586,0.3460928652321631,0.2031296132270446,0.5098184512782511,Baja Humedad / Estres,Vegetacion Escasa / Suelo,Actividad Moderada / Transicion,Cropland,540,Granos Básicos,2024-11-01,11,29.144782494493253,42.658693166168895,42.6619483327936
-89.52838244961002,14.024647004158192,2025-08-01,396.22284,2.3640075683593977,,,,,,,,,,,Cropland,540,Granos Básicos,2025-08-01,8,,45.52987530148746,47.51966721161824
-89.52838244961002,14.024647004158192,2025-09-01,353.967,24.428002929687523,0.1597895967270602,-0.2899115964638585,0.724450715581536,0.2670157068062827,0.400497988891017,0.1729518855656697,0.4182389937106918,Humedad Moderada,Vegetacion Escasa / Suelo,Clorofila Degradada / Estres Severo,Cropland,540,Granos Básicos,2025-09-01,9,45.52987530148746,32.807110452382965,32.129657302526454
-89.52838244961002,14.024647004158192,2025-10-01,267.25476,1.5440002441406475,0.0317302925136341,-0.1867693185058454,0.9384911100432484,0.1782024062278839,0.2672846932276554,0.161758548499651,0.3859473859473858,Baja Humedad / Estres,Vegetacion Escasa / Suelo,Clorofila Degradada / Estres Severo,Cropland,540,Granos Básicos,2025-10-01,10,32.807110452382965,45.45331375610513,47.97109297529746
-89.52838244961002,14.024647004158192,2025-11-01,20.031136,13.417993164062525,0.0238532110091743,-0.2185306504445484,0.953405017921147,0.2049976862563628,0.3074728156088532,0.1392737348694764,0.3236191121653677,Baja Humedad / Estres,Vegetacion Escasa / Suelo,Clorofila Degradada / Estres Severo,Cropland,540,Granos Básicos,2025-11-01,11,45.45331375610513,52.069721797193644,55.610330946240055
-89.5259291946881,13.798816605175173,2022-06-01,0.0,3.1780029296875227,,,,,,,,,,,Cropland,652,Granos Básicos,2022-06-01,6,,38.68305784629234,44.98273143492115
-89.5259291946881,13.798816605175173,2022-08-01,0.0,,,,,,,,,,,,Cropland,652,Granos Básicos,2022-08-01,8,,37.63023701122255,47.171522604609564
-89.5259291946881,13.798816605175173,2022-09-01,0.0,0.5859924316406477,-0.0394842868654311,-0.2912077992417404,1.082214765100671,0.2337415904778333,0.3505821474773609,0.1524331292297776,0.3596958174904943,Baja Humedad / Estres,Vegetacion Escasa / Suelo,Clorofila Degradada / Estres Severo,Cropland,652,Granos Básicos,2022-09-01,9,37.63023701122255,39.98946979557792,47.02341073183962
-89.5259291946881,13.798816605175173,2022-10-01,0.0,20.765985107421898,0.1823870220162224,-0.4529403388865157,0.6914935319482556,0.5085748078060319,0.7628058245250944,0.3483086680761099,1.0689375506893757,Humedad Moderada,Vegetacion Moderada,Actividad Moderada / Transicion,Cropland,652,Granos Básicos,2022-10-01,10,39.98946979557792,61.387451313317484,54.83511464647401
-89.5259291946881,13.798816605175173,2022-11-01,0.0,22.230004882812523,-0.0625187856928163,-0.3238539898132427,1.1333760820775889,0.2827472753444376,0.4240773105788012,0.1692596063730084,0.4074909747292419,Baja Humedad / Estres,Vegetacion Escasa / Suelo,Clorofila Degradada / Estres Severo,Cropland,652,Granos Básicos,2022-11-01,11,61.387451313317484,45.799844754711806,51.90041415761205
-89.5193278772178,14.04280985461171,2017-01-01,5.167241,14.155999755859398,-0.1400821815465072,-0.2027168234064786,1.325803649000869,0.130648330058939,0.1959484346224677,0.1030186871106852,0.2297008547008547,Suelo Desnudo / Muy Seco,Vegetacion Escasa / Suelo,Clorofila Degradada / Estres Severo,Cropland,546,Granos Básicos,2017-01-01,1,59.53206205980298,66.41825513283723,67.22847450112879
-89.5193278772178,14.04280985461171,2017-02-01,3.8574843,21.490014648437523,-0.1335765155462914,-0.2030873130728412,1.3083400160384924,0.1344098248806004,0.201591813530415,0.107952021323856,0.2420318725099601,Suelo Desnudo / Muy Seco,Vegetacion Escasa / Suelo,Clorofila Degradada / Estres Severo,Cropland,546,Granos Básicos,2017-02-01,2,66.41825513283723,50.850746222243274,54.712113144327695
-89.5193278772178,14.04280985461171,2017-08-01,262.80518,,,,,,,,,Suelo Desnudo / Muy Seco,Suelo Desnudo / Agua / Nubes,Clorofila Degradada / Estres Severo,Cropland,546,Granos Básicos,2017-08-01,8,,59.710888974072915,50.240192589823465
-89.5193278772178,14.04280985461171,2017-11-01,14.659859,40.89998779296877,,,,,,,,Suelo Desnudo / Muy Seco,Suelo Desnudo / Agua / Nubes,Clorofila Degradada / Estres Severo,Cropland,546,Granos Básicos,2017-11-01,11,,37.574234049910146,45.25954265493565
-89.5193278772178,14.04280985461171,2017-12-01,5.40935,0.3139892578125227,-0.0421772584781989,-0.2994393968683549,1.0880690270752753,0.2671065032987747,0.4006219960418433,0.1950222222222222,0.4845406360424027,Baja Humedad / Estres,Vegetacion Escasa / Suelo,Clorofila Degradada / Estres Severo,Cropland,546,Granos Básicos,2017-12-01,12,37.574234049910146,51.559763894749786,57.078100029909855
-89.5193278772178,14.04280985461171,2019-01-01,4.4056587,19.83199462890628,0.0285087719298245,-0.3340444444444444,0.9445628997867804,0.3378498841148155,0.5067296550494697,0.2142394822006472,0.5453047775947282,Baja Humedad / Estres,Vegetacion Moderada,Actividad Moderada / Transicion,Cropland,546,Granos Básicos,2019-01-01,1,51.559763894749786,75.58814488494265,68.71779023884994
-89.5193278772178,14.04280985461171,2019-02-01,4.7406406,31.714013671875023,-0.1192222411734606,-0.2225378787878787,1.2707203718048026,0.1488320355951056,0.2232232232232232,0.1038905515177426,0.2318702290076335,Suelo Desnudo / Muy Seco,Vegetacion Escasa / Suelo,Clorofila Degradada / Estres Severo,Cropland,546,Granos Básicos,2019-02-01,2,75.58814488494265,51.576062481555674,51.74511780620962
-89.5193278772178,14.04280985461171,2019-03-01,7.1089535,8.133996582031273,-0.1171225630950581,-0.2374496928616818,1.265320095857583,0.1698037645174209,0.2546801481629792,0.1243264049268668,0.283956043956044,Suelo Desnudo / Muy Seco,Vegetacion Escasa / Suelo,Clorofila Degradada / Estres Severo,Cropland,546,Granos Básicos,2019-03-01,3,51.576062481555674,88.62078567123852,81.48755061745783
-89.5193278772178,14.04280985461171,2019-07-01,193.70003,0.3219848632812727,,,,,,,,,,,Cropland,546,Granos Básicos,2019-07-01,7,,63.85988638881015,53.88724204145817
-89.5193278772178,14.04280985461171,2019-08-01,312.76392,22.909997558593773,-0.0844657607247535,-0.2620752984389348,1.1845168800931316,0.1930555555555555,0.2895581980730839,0.1400132714001327,0.3256172839506173,Baja Humedad / Estres,Vegetacion Escasa / Suelo,Clorofila Degradada / Estres Severo,Cropland,546,Granos Básicos,2019-08-01,8,63.85988638881015,64.18107378963288,56.57596826288566
-89.5193278772178,14.04280985461171,2019-11-01,30.432796,1.5519958496093975,,,,,,,,,,,Cropland,546,Granos Básicos,2019-11-01,11,,69.70877042117748,63.34910992375856
-89.51903183579141,14.015710300596036,2025-08-01,396.22284,2.4540039062500227,,,,,,,,,,,Cropland,529,Granos Básicos,2025-08-01,8,,50.92733077985008,48.85797125138164
-89.51903183579141,14.015710300596036,2025-09-01,353.967,28.872003173828148,0.148671565856416,-0.009009009009009,0.7411417322834646,0.0447300771208226,0.0670926517571885,0.0022547914317925,0.0045197740112994,Humedad Moderada,Suelo Desnudo / Agua / Nubes,Clorofila Degradada / Estres Severo,Cropland,529,Granos Básicos,2025-09-01,9,50.92733077985008,20.176823210910243,24.35412372150722
-89.51903183579141,14.015710300596036,2025-10-01,267.25476,1.5440002441406475,0.1870305916834585,-0.3974552512400259,0.6848765432098766,0.4493401923507045,0.6739349211673935,0.2983370066119014,0.8503712164477442,Humedad Moderada,Vegetacion Moderada,Actividad Moderada / Transicion,Cropland,529,Granos Básicos,2025-10-01,10,20.176823210910243,55.666711891507845,47.20761700079648
-89.51903183579141,14.015710300596036,2025-11-01,20.031136,12.942010498046898,-0.1076468216637548,-0.182546749777382,1.2412650602409638,0.1015262110152621,0.152276685742722,0.0524647329212236,0.1107393777183003,Suelo Desnudo / Muy Seco,Vegetacion Escasa / Suelo,Clorofila Degradada / Estres Severo,Cropland,529,Granos Básicos,2025-11-01,11,55.666711891507845,60.63559415194284,63.46959357071906
-89.51893329527329,14.006677101112189,2025-08-01,396.22284,2.4540039062500227,,,,,,,,,,,Cropland,554,Granos Básicos,2025-08-01,8,,55.090906870733555,49.9359477625658
-89.51893329527329,14.006677101112189,2025-09-01,353.967,34.1299987792969,0.1628448376207659,-0.1007051564565888,0.7199199199199199,0.1962639204885642,0.2943782554032209,0.1658303185902672,0.3975937325125909,Humedad Moderada,Vegetacion Escasa / Suelo,Clorofila Degradada / Estres Severo,Cropland,554,Granos Básicos,2025-09-01,9,55.090906870733555,32.99668147449009,30.436171207361625
-89.51893329527329,14.006677101112189,2025-10-01,267.25476,1.5440002441406475,0.0293993529329019,-0.3474498250782544,0.9428805684613284,0.2961388593694651,0.4441689542194279,0.1847175004047272,0.4531374106433676,Baja Humedad / Estres,Vegetacion Escasa / Suelo,Clorofila Degradada / Estres Severo,Cropland,554,Granos Básicos,2025-10-01,10,32.99668147449009,49.46318567773662,47.89701462269711
-89.51893329527329,14.006677101112189,2025-11-01,20.031136,14.128015136718773,-0.0166245511371192,-0.3063604240282686,1.0338111982688667,0.2187242459205538,0.3280593325092707,0.1422833307585354,0.331772334293948,Baja Humedad / Estres,Vegetacion Escasa / Suelo,Clorofila Degradada / Estres Severo,Cropland,554,Granos Básicos,2025-11-01,11,49.46318567773662,59.14632139033227,58.77893517235706
-89.51697715865576,13.826011563715571,2023-08-01,239.81964,0.7380004882812727,,,,,,,,,,,Cropland,684,Granos Básicos,2023-08-01,8,,34.841487069269995,36.527873602639964
-89.51697715865576,13.826011563715571,2023-09-01,368.133,0.1780029296875227,-0.010266370699223,-0.3460377358490566,1.0207457246986262,0.3213558066308575,0.4819890730623206,0.2268271711092003,0.5867437722419928,Baja Humedad / Estres,Vegetacion Moderada,Actividad Moderada / Transicion,Cropland,684,Granos Básicos,2023-09-01,9,34.841487069269995,26.004784379024148,40.21415726195084
-89.51697715865576,13.826011563715571,2023-10-01,284.7188,0.2600036621093977,0.0994079703101528,-0.1976128597555106,0.8191609066066549,0.2116077514850521,0.3173961731340377,0.1465167711021009,0.3433383718419347,Baja Humedad / Estres,Vegetacion Escasa / Suelo,Clorofila Degradada / Estres Severo,Cropland,684,Granos Básicos,2023-10-01,10,26.004784379024148,35.62471091713144,38.49029018349413
-89.51697715865576,13.826011563715571,2023-11-01,36.076584,1.1140075683593975,-0.0082602617867581,-0.3674434904503241,1.0166581240389545,0.3166863505989539,0.4749894559257697,0.2276230926537675,0.5894093686354378,Baja Humedad / Estres,Vegetacion Moderada,Actividad Moderada / Transicion,Cropland,684,Granos Básicos,2023-11-01,11,35.62471091713144,56.89175960457258,57.14474108130938
-89.51697715865576,13.826011563715571,2024-08-01,314.11383,5.331994628906273,,,,,,,,,,,Cropland,684,Granos Básicos,2024-08-01,8,,26.138134894420485,38.390748063563734
-89.51697715865576,13.826011563715571,2024-10-01,63.980865,0.1559997558593977,,,,,,,,,,,Cropland,684,Granos Básicos,2024-10-01,10,,38.31494147767348,38.101033132697495
-89.51697715865576,13.826011563715571,2024-11-01,154.88878,0.3820129394531477,-0.050439217908756,-0.2950724637681159,1.1062369441957625,0.2404219877845641,0.3605996113630054,0.182010582010582,0.4450194049159119,Baja Humedad / Estres,Vegetacion Escasa / Suelo,Clorofila Degradada / Estres Severo,Cropland,684,Granos Básicos,2024-11-01,11,38.31494147767348,55.296669337245106,56.292781349993604
-89.51697715865576,13.826011563715571,2025-08-01,399.46594,0.2059875488281477,,,,,,,,,,,Cropland,684,Granos Básicos,2025-08-01,8,,43.51585326328534,45.866215054555234
-89.51697715865576,13.826011563715571,2025-09-01,314.35553,20.1459899902344,0.1313192346424974,-0.1555235548241102,0.7678476054833541,0.1900423728813559,0.2850484614162386,0.1408550827663247,0.3278959810874704,Humedad Moderada,Vegetacion Escasa / Suelo,Clorofila Degradada / Estres Severo,Cropland,684,Granos Básicos,2025-09-01,9,43.51585326328534,23.59213765091631,28.37479168032864
-89.51697715865576,13.826011563715571,2025-10-01,284.28577,1.5440002441406475,0.1450363484685973,-0.2927879440258342,0.7466694421315571,0.3138246957472993,0.4707048608737266,0.2442372442372442,0.6463331048663468,Humedad Moderada,Vegetacion Moderada,Actividad Moderada / Transicion,Cropland,684,Granos Básicos,2025-10-01,10,23.59213765091631,51.48443526421897,50.053958155740204
-89.51697715865576,13.826011563715571,2025-11-01,21.779558,17.420007324218773,-0.00055111600992,-0.3767318276712849,1.0011028398125172,0.349079412311698,0.5235704323570433,0.257628294036061,0.6940681924334424,Baja Humedad / Estres,Vegetacion Moderada,Actividad Moderada / Transicion,Cropland,684,Granos Básicos,2025-11-01,11,51.48443526421897,53.22839833607731,56.135091010028326
-89.51356272329917,14.35906487509302,2016-05-01,90.17172,39.82399902343752,,,,,,,,,,,Cropland,570,Granos Básicos,2016-05-01,5,,39.90032261088954,42.72357773324434
-89.51356272329917,14.35906487509302,2016-12-01,27.901886,27.07198486328128,,,,,,,,,,,Cropland,570,Granos Básicos,2016-12-01,12,,46.68281256795446,53.72924312016815
-89.51356272329917,14.35906487509302,2017-01-01,4.305578,14.155999755859398,0.017910447761194,-0.3128007699711261,0.9648093841642228,0.2388737511353315,0.3582780855508128,0.146218487394958,0.3425196850393701,Baja Humedad / Estres,Vegetacion Escasa / Suelo,Clorofila Degradada / Estres Severo,Cropland,570,Granos Básicos,2017-01-01,1,46.68281256795446,55.90247757517446,59.205260103527145
-89.51356272329917,14.35906487509302,2017-02-01,4.1625443,21.490014648437523,-0.0042759407069555,-0.2757487216946676,1.0085886057829945,0.1884994896223205,0.2827251849961725,0.105379746835443,0.2355854262469048,Baja Humedad / Estres,Vegetacion Escasa / Suelo,Clorofila Degradada / Estres Severo,Cropland,570,Granos Básicos,2017-02-01,2,55.90247757517446,55.64866891466035,55.035360212106426
-89.51356272329917,14.35906487509302,2017-03-01,21.432732,21.357995605468773,-0.0027964205816554,-0.2875970391767467,1.005608524957936,0.1780640898579451,0.2670740771327112,0.1105574587355963,0.2485994397759103,Baja Humedad / Estres,Vegetacion Escasa / Suelo,Clorofila Degradada / Estres Severo,Cropland,570,Granos Básicos,2017-03-01,3,55.64866891466035,73.10416375547469,67.49285674566059
-89.51356272329917,14.35906487509302,2017-08-01,165.18692,,0.1472478345906678,-0.3956492182188987,0.7433024841695081,0.3799361451856831,0.5698563387381332,0.2587369711833231,0.6980976013234077,Humedad Moderada,Vegetacion Moderada,Actividad Moderada / Transicion,Cropland,570,Granos Básicos,2017-08-01,8,,46.7021624464385,48.48009171220941
-89.51356272329917,14.35906487509302,2017-11-01,22.96185,30.514001464843773,,,,,,,,Suelo Desnudo / Muy Seco,Suelo Desnudo / Agua / Nubes,Clorofila Degradada / Estres Severo,Cropland,570,Granos Básicos,2017-11-01,11,,35.158496785639684,39.16810668079487
-89.51356272329917,14.35906487509302,2017-12-01,7.120489,7.726007080078148,0.0796734234234234,-0.373567335243553,0.8524119947848762,0.3309040430331424,0.4963130042508892,0.2193958664546899,0.5621181262729125,Baja Humedad / Estres,Vegetacion Moderada,Actividad Moderada / Transicion,Cropland,570,Granos Básicos,2017-12-01,12,35.158496785639684,59.992112884910796,58.577108753046694
-89.51356272329917,14.35906487509302,2018-02-01,4.2780128,34.07601318359377,,,,,,,,,,,Cropland,570,Granos Básicos,2018-02-01,2,,34.2243754188644,28.841859533072615
-89.51356272329917,14.35906487509302,2018-06-01,264.09286,11.170007324218773,0.1339754816112084,-0.3791267305644302,0.7637065637065638,0.3810878066121578,0.5715809117568649,0.2718939269929612,0.7468525179856116,Humedad Moderada,Vegetacion Moderada,Actividad Moderada / Transicion,Cropland,570,Granos Básicos,2018-06-01,6,34.2243754188644,34.38715914434787,33.699336509697716
-89.51356272329917,14.35906487509302,2018-07-01,105.443214,10.413995361328148,0.1225750826268142,-0.366211962224554,0.7816180235535074,0.3524930747922438,0.5286938457543495,0.263055780113177,0.7139096094778412,Humedad Moderada,Vegetacion Moderada,Actividad Moderada / Transicion,Cropland,570,Granos Básicos,2018-07-01,7,34.38715914434787,51.638485835318136,47.41285751913169
-89.51356272329917,14.35906487509302,2018-08-01,178.58247,24.136010742187523,0.0810488676996424,-0.3464464650213397,0.8500551267916208,0.3178350889938249,0.4767093435031326,0.2254686708326296,0.5822067160924553,Baja Humedad / Estres,Vegetacion Moderada,Actividad Moderada / Transicion,Cropland,570,Granos Básicos,2018-08-01,8,51.638485835318136,22.408543237438717,47.64125286546231
-89.51356272329917,14.35906487509302,2018-09-01,229.07379,0.1060119628906477,0.1417124202403917,-0.3940931328139155,0.7517546139849233,0.4035023713973003,0.6051983584131326,0.2913729439409198,0.8223590715300806,Humedad Moderada,Vegetacion Moderada,Actividad Moderada / Transicion,Cropland,570,Granos Básicos,2018-09-01,9,22.408543237438717,40.21644656050897,37.83800338624405
-89.51356272329917,14.35906487509302,2018-10-01,93.65785,19.48800048828128,0.1637080867850098,-0.4222139810865937,0.7186440677966102,0.4406461307287753,0.6609071274298056,0.3274489442713741,0.9737519300051468,Humedad Moderada,Vegetacion Moderada,Actividad Moderada / Transicion,Cropland,570,Granos Básicos,2018-10-01,10,40.21644656050897,38.73814973138704,40.3898666189592
-89.51356272329917,14.35906487509302,2018-11-01,34.678474,12.719995117187525,0.0977443609022556,-0.2792197057364853,0.821917808219178,0.2676933158584534,0.4015070849373413,0.1853553921568627,0.4550582925911997,Baja Humedad / Estres,Vegetacion Escasa / Suelo,Clorofila Degradada / Estres Severo,Cropland,570,Granos Básicos,2018-11-01,11,38.73814973138704,58.21506784162837,57.87155260685407
-89.51356272329917,14.35906487509302,2018-12-01,6.282134,24.110009765625023,-0.0001391401140948,-0.273210489014883,1.0002783189535207,0.2085435586949209,0.3127890355671403,0.1321884354813297,0.3046477850399418,Baja Humedad / Estres,Vegetacion Escasa / Suelo,Clorofila Degradada / Estres Severo,Cropland,570,Granos Básicos,2018-12-01,12,58.21506784162837,59.51015716357596,59.06174493789168
-89.51356272329917,14.35906487509302,2019-01-01,5.0458245,24.240014648437523,-0.0144471463309969,-0.3083934675275351,1.029317851959361,0.2030731622140736,0.3045831514622436,0.1362137203166226,0.3153875525009546,Baja Humedad / Estres,Vegetacion Escasa / Suelo,Clorofila Degradada / Estres Severo,Cropland,570,Granos Básicos,2019-01-01,1,59.51015716357596,68.25682101635468,66.68055293381799
-89.51356272329917,14.35906487509302,2019-02-01,5.6594315,33.1979919433594,-0.0106282792950356,-0.3050576752440107,1.021484906173511,0.1903528650048559,0.2855061908230153,0.1289530242554498,0.2960874162848079,Baja Humedad / Estres,Vegetacion Escasa / Suelo,Clorofila Degradada / Estres Severo,Cropland,570,Granos Básicos,2019-02-01,2,68.25682101635468,49.80744389366779,51.46253264186337
-89.51356272329917,14.35906487509302,2019-03-01,4.6913557,15.051995849609398,-0.0093704632440279,-0.3065274151436031,1.018918198774314,0.2282768777614138,0.3423873026261965,0.1590487955528103,0.3782592728608152,Baja Humedad / Estres,Vegetacion Escasa / Suelo,Clorofila Degradada / Estres Severo,Cropland,570,Granos Básicos,2019-03-01,3,49.80744389366779,74.31376883571828,71.27985491860301
-89.51356272329917,14.35906487509302,2019-07-01,126.37085,12.696008300781273,,,,,,,,,,,Cropland,570,Granos Básicos,2019-07-01,7,,52.33973150220943,47.61378184190172
-89.51356272329917,14.35906487509302,2019-08-01,209.41524,26.0200134277344,0.0958485958485958,-0.3460817397825272,0.8250696378830084,0.3073561544064093,0.4609922621756941,0.2159187129551227,0.550755939524838,Baja Humedad / Estres,Vegetacion Moderada,Actividad Moderada / Transicion,Cropland,570,Granos Básicos,2019-08-01,8,52.33973150220943,53.66913564397643,53.43306361844189
-89.51356272329917,14.35906487509302,2019-11-01,30.793175,1.5519958496093975,,,,,,,,,,,Cropland,570,Granos Básicos,2019-11-01,11,,52.95630483854586,59.53491440200107
-89.51356272329917,14.35906487509302,2021-05-01,158.30637,17.510003662109398,,,,,,,,,,,Cropland,570,Granos Básicos,2021-05-01,5,,48.146920985912026,46.325324856894284
-89.51356272329917,14.35906487509302,2021-07-01,150.90878,3.7440124511718977,,,,,,,,,,,Cropland,570,Granos Básicos,2021-07-01,7,,20.800465239950995,31.418481639423025
-89.51356272329917,14.35906487509302,2021-08-01,257.84686,0.5079895019531477,0.1664825627268423,-0.3868667917448405,0.7145562770562771,0.4088050314465409,0.613149118627918,0.2866840731070496,0.8038067349926794,Humedad Moderada,Vegetacion Moderada,Actividad Moderada / Transicion,Cropland,570,Granos Básicos,2021-08-01,8,20.800465239950995,30.336028654590464,35.221960193598434
-89.51356272329917,14.35906487509302,2021-09-01,235.1799,8.252008056640648,0.1455091455091455,-0.3431498079385403,0.7459485224022879,0.3491961414790996,0.5237521099590066,0.2619548872180451,0.7098614506927465,Humedad Moderada,Vegetacion Moderada,Actividad Moderada / Transicion,Cropland,570,Granos Básicos,2021-09-01,9,30.336028654590464,55.32316622553303,44.351538437916325
-89.51356272329917,14.35906487509302,2021-10-01,124.35983,29.663995361328148,0.1044671122054168,-0.2406163571710786,0.810828025477707,0.2722852512155591,0.4083865086599817,0.1842353384876485,0.4516874711049468,Humedad Moderada,Vegetacion Escasa / Suelo,Clorofila Degradada / Estres Severo,Cropland,570,Granos Básicos,2021-10-01,10,55.32316622553303,49.95437526490008,47.9876243903013
-89.51356272329917,14.35906487509302,2021-11-01,5.000452,20.775994873046898,0.0599843382928739,-0.346865671641791,0.8868203309692672,0.3007880069190851,0.4511386566733929,0.2053428317008014,0.5168086060062753,Baja Humedad / Estres,Vegetacion Moderada,Actividad Moderada / Transicion,Cropland,570,Granos Básicos,2021-11-01,11,49.95437526490008,54.241519697166275,55.48317692892029
-89.51356272329917,14.35906487509302,2023-08-01,151.9245,7.761987304687523,,,,,,,,,,,Cropland,570,Granos Básicos,2023-08-01,8,,23.9165518626079,35.765825774932445
-89.51356272329917,14.35906487509302,2023-09-01,271.62695,1.7740112304687727,0.1439069197795468,-0.3880735649266208,0.7483940042826552,0.4055680963130173,0.6082949308755761,0.2862799104837321,0.8022190062711048,Humedad Moderada,Vegetacion Moderada,Actividad Moderada / Transicion,Cropland,570,Granos Básicos,2023-09-01,9,23.9165518626079,26.91877327585835,43.305217535820546
-89.51356272329917,14.35906487509302,2023-10-01,160.06264,0.8200012207031477,0.0951316443119721,-0.2570206699928724,0.8262644590610115,0.2783415482748623,0.4174820613176777,0.1896923907177549,0.4681984681984681,Baja Humedad / Estres,Vegetacion Escasa / Suelo,Clorofila Degradada / Estres Severo,Cropland,570,Granos Básicos,2023-10-01,10,26.91877327585835,30.884981024426427,36.75366769193973
-89.51356272329917,14.35906487509302,2023-11-01,52.20277,1.3539978027343975,0.0530024019215372,-0.3368570847733279,0.899330900243309,0.2831219512195121,0.424641498390401,0.2121658986175115,0.5386055217594758,Baja Humedad / Estres,Vegetacion Escasa / Suelo,Actividad Moderada / Transicion,Cropland,570,Granos Básicos,2023-11-01,11,30.884981024426427,53.29447558763844,54.54299558869652
-89.51356272329917,14.35906487509302,2024-08-01,198.69833,1.1199890136718975,,,,,,,,,,,Cropland,570,Granos Básicos,2024-08-01,8,,28.77899501456983,30.974285803538727
-89.51356272329917,14.35906487509302,2024-10-01,73.02323,0.1559997558593977,,,,,,,,,,,Cropland,570,Granos Básicos,2024-10-01,10,,33.619777255892,32.56333765703282
-89.51356272329917,14.35906487509302,2024-11-01,78.82505,2.283990478515648,0.0309375,-0.3080888183980967,0.9399818126705062,0.2676272814601345,0.4014023628854096,0.1837100825260136,0.4501098901098901,Baja Humedad / Estres,Vegetacion Escasa / Suelo,Clorofila Degradada / Estres Severo,Cropland,570,Granos Básicos,2024-11-01,11,33.619777255892,52.68270745876838,52.161653006137406
-89.51007508065456,14.042906119022446,2016-05-01,116.99715,2.7560058593750227,,,,,,,,,,,Cropland,562,Granos Básicos,2016-05-01,5,,63.30463507336853,54.10070653856295
-89.50978012371839,14.015806371893069,2025-08-01,396.22284,2.4540039062500227,,,,,,,,,,,Cropland,538,Granos Básicos,2025-08-01,8,,46.744916547151696,48.05852118894051
-89.50978012371839,14.015806371893069,2025-09-01,353.967,24.472009277343773,0.1453967065868263,-0.1024855907780979,0.746119915046561,0.1434709508686717,0.2151963760332508,0.0834587131604566,0.1821166473541908,Humedad Moderada,Vegetacion Escasa / Suelo,Clorofila Degradada / Estres Severo,Cropland,538,Granos Básicos,2025-09-01,9,46.744916547151696,26.22933343026238,27.55201691825791
-89.50978012371839,14.015806371893069,2025-10-01,267.25476,1.5440002441406475,0.112609746787123,-0.4085051546391752,0.7975754803293688,0.4087320766876107,0.6130487313733387,0.2644974692697035,0.7192292567833267,Humedad Moderada,Vegetacion Moderada,Actividad Moderada / Transicion,Cropland,538,Granos Básicos,2025-10-01,10,26.22933343026238,47.25342834878309,44.30491070761086
-89.50978012371839,14.015806371893069,2025-11-01,20.031136,14.132012939453148,0.0105960264900662,-0.3494870887866997,0.9790301441677588,0.3294999128768078,0.494206812440108,0.2147747174016876,0.5470397404703975,Baja Humedad / Estres,Vegetacion Moderada,Actividad Moderada / Transicion,Cropland,538,Granos Básicos,2025-11-01,11,47.25342834878309,54.685453329621105,57.12516345932513
-89.5076362549981,13.817072866259002,2017-01-01,6.337882,14.155999755859398,-0.1349407783417935,-0.17225566064775,1.3119804400977997,0.1042116630669546,0.1562963962748009,0.0681640114912509,0.1463004484304932,Suelo Desnudo / Muy Seco,Vegetacion Escasa / Suelo,Clorofila Degradada / Estres Severo,Cropland,638,Granos Básicos,2017-01-01,1,59.11392120851748,66.39955827249516,66.02833763687134
-89.5076362549981,13.817072866259002,2017-08-01,263.10123,,,,,,,,,Suelo Desnudo / Muy Seco,Suelo Desnudo / Agua / Nubes,Clorofila Degradada / Estres Severo,Cropland,638,Granos Básicos,2017-08-01,8,,55.69944587092276,51.47439391562716
-89.5076362549981,13.817072866259002,2017-11-01,15.434853,33.27199707031252,,,,,,,,Suelo Desnudo / Muy Seco,Suelo Desnudo / Agua / Nubes,Clorofila Degradada / Estres Severo,Cropland,638,Granos Básicos,2017-11-01,11,,43.49311353038509,42.70864080776848
-89.50349525420492,14.286898471679224,2022-06-01,340.16025,4.529992675781273,,,,,,,,,,,Cropland,435,Granos Básicos,2022-06-01,6,,56.95010409224582,52.665118106723206
-89.50349525420492,14.286898471679224,2022-08-01,257.09634,,,,,,,,,,,,Cropland,435,Granos Básicos,2022-08-01,8,,38.28935784304072,44.324126520195605
-89.50349525420492,14.286898471679224,2022-09-01,319.92197,12.080010986328148,0.0953062848050914,-0.1669774538057298,0.825973271353864,0.2477795903570781,0.371635704576348,0.1536785654432713,0.3631683168316832,Baja Humedad / Estres,Vegetacion Escasa / Suelo,Clorofila Degradada / Estres Severo,Cropland,435,Granos Básicos,2022-09-01,9,38.28935784304072,35.588076618276254,34.90420730780976
-89.50349525420492,14.286898471679224,2022-10-01,93.536606,17.581994628906273,0.1969222000569963,-0.154797910365686,0.670952380952381,0.2103746397694524,0.3155164961821063,0.1281224818694601,0.2939001848428835,Humedad Moderada,Vegetacion Escasa / Suelo,Clorofila Degradada / Estres Severo,Cropland,435,Granos Básicos,2022-10-01,10,35.588076618276254,45.25171801068937,42.430198937586454
-89.50349525420492,14.286898471679224,2022-11-01,91.42406,16.831994628906273,0.0687752850312615,-0.0192914766748509,0.8713007570543703,0.1074695121951219,0.1611735568679748,0.0766950722489811,0.166131621187801,Baja Humedad / Estres,Vegetacion Escasa / Suelo,Clorofila Degradada / Estres Severo,Cropland,435,Granos Básicos,2022-11-01,11,45.25171801068937,26.80403568369323,37.10738644143614
-89.50349525420492,14.286898471679224,2024-08-01,216.34976,1.1199890136718975,,,,,,,,,,,Cropland,435,Granos Básicos,2024-08-01,8,,14.544566078444202,27.484279140420586
-89.50349525420492,14.286898471679224,2024-10-01,71.98407,0.1559997558593977,,,,,,,,,,,Cropland,435,Granos Básicos,2024-10-01,10,,29.17479576700145,30.55019724545572
-89.50349525420492,14.286898471679224,2024-11-01,78.98517,2.070001220703148,0.082932049224184,-0.1575636259651129,0.8468379446640316,0.1972789115646258,0.2958746118586426,0.1160738902674386,0.2626325639426077,Baja Humedad / Estres,Vegetacion Escasa / Suelo,Clorofila Degradada / Estres Severo,Cropland,435,Granos Básicos,2024-11-01,11,29.17479576700145,47.871809440986326,46.32777503264135
-89.50349525420492,14.286898471679224,2025-08-01,232.80956,7.775994873046898,,,,,,,,,,,Cropland,435,Granos Básicos,2025-08-01,8,,44.12844426435293,41.34112927262674
-89.50349525420492,14.286898471679224,2025-09-01,384.96692,22.05001220703128,0.1474579337796273,-0.1894223555888972,0.7429832860296437,0.2250338033610198,0.3375181071945919,0.1602634467618002,0.3816993464052287,Humedad Moderada,Vegetacion Escasa / Suelo,Clorofila Degradada / Estres Severo,Cropland,435,Granos Básicos,2025-09-01,9,44.12844426435293,31.633159770878738,32.68589672902
-89.50349525420492,14.286898471679224,2025-10-01,179.46559,1.5440002441406475,0.0461650308978553,-0.0374909877433309,0.9117442668519804,0.086858006042296,0.1302624126864262,0.0476883873316345,0.1001529051987768,Baja Humedad / Estres,Suelo Desnudo / Agua / Nubes,Clorofila Degradada / Estres Severo,Cropland,435,Granos Básicos,2025-10-01,10,31.633159770878738,44.78626648142288,46.8630811758949
-89.50349525420492,14.286898471679224,2025-11-01,22.7785,17.320001220703148,0.0805653710247349,-0.1168736303871439,0.8508829300196207,0.154397885994715,0.2315531232307982,0.1015850144092219,0.2261427425821973,Baja Humedad / Estres,Vegetacion Escasa / Suelo,Clorofila Degradada / Estres Severo,Cropland,435,Granos Básicos,2025-11-01,11,44.78626648142288,34.86457544454,57.77907797156765
-89.50151034959927,14.106234962894735,2025-08-01,330.52795,4.435998535156273,,,,,,,,,,,Cropland,388,Granos Básicos,2025-08-01,8,,49.90238397630989,49.73236916284511
-89.50151034959927,14.106234962894735,2025-09-01,332.50778,30.764001464843773,0.1847957248750215,-0.0944267515923567,0.6880547068238033,0.1148418491484185,0.1722557884919508,0.0557603686635944,0.1181063933626158,Humedad Moderada,Vegetacion Escasa / Suelo,Clorofila Degradada / Estres Severo,Cropland,388,Granos Básicos,2025-09-01,9,49.90238397630989,30.648091443424974,29.080161113619706
-89.50151034959927,14.106234962894735,2025-10-01,236.20807,1.5440002441406475,0.058277297470381,-0.3589638157894737,0.8898638426626324,0.3404988846075846,0.510696542634087,0.2609690957649752,0.7062467733608673,Baja Humedad / Estres,Vegetacion Moderada,Actividad Moderada / Transicion,Cropland,388,Granos Básicos,2025-10-01,10,30.648091443424974,42.663275769841476,46.37506356301478
-89.50151034959927,14.106234962894735,2025-11-01,29.272564,17.576013183593773,0.1098521486803924,-0.4241134751773049,0.8020418326693227,0.4056702835141757,0.6084521830431359,0.3311236327477627,0.9900891972249752,Humedad Moderada,Vegetacion Moderada,Actividad Moderada / Transicion,Cropland,388,Granos Básicos,2025-11-01,11,42.663275769841476,51.29738569466613,55.605157335728734
-89.4985851510238,13.835234132366086,2017-01-01,7.025172,14.155999755859398,-0.1087936140079824,-0.2560333877699147,1.2441490898584224,0.15405135045015,0.2310577644411102,0.11107544141252,0.249909714698447,Suelo Desnudo / Muy Seco,Vegetacion Escasa / Suelo,Clorofila Degradada / Estres Severo,Cropland,654,Granos Básicos,2017-01-01,1,56.987420500847286,56.800212912958735,64.54204074830413
-89.4985851510238,13.835234132366086,2017-08-01,250.28452,,,,,,,,,Suelo Desnudo / Muy Seco,Suelo Desnudo / Agua / Nubes,Clorofila Degradada / Estres Severo,Cropland,654,Granos Básicos,2017-08-01,8,,62.57448415383786,55.609078592475115
-89.4985851510238,13.835234132366086,2017-11-01,14.418105,33.30999145507815,,,,,,,,Suelo Desnudo / Muy Seco,Suelo Desnudo / Agua / Nubes,Clorofila Degradada / Estres Severo,Cropland,654,Granos Básicos,2017-11-01,11,,40.46858423398264,40.527364684300444
-89.4985851510238,13.835234132366086,2017-12-01,3.932022,1.981988525390648,-0.0570290267501422,-0.322477650063857,1.1209560598744568,0.2130619417191389,0.3195695146057544,0.1324675324675324,0.3053892215568863,Baja Humedad / Estres,Vegetacion Escasa / Suelo,Clorofila Degradada / Estres Severo,Cropland,654,Granos Básicos,2017-12-01,12,40.46858423398264,60.111492578116966,69.16208557974215
-89.4985851510238,13.835234132366086,2019-01-01,5.9747667,19.356011962890648,-0.0825595984943538,-0.307114765820522,1.1799781181619255,0.2064015838970467,0.309576837416481,0.1375233354075918,0.3189033189033188,Baja Humedad / Estres,Vegetacion Escasa / Suelo,Clorofila Degradada / Estres Severo,Cropland,654,Granos Básicos,2019-01-01,1,60.111492578116966,76.2436655424522,70.6065148251079
-89.4985851510238,13.835234132366086,2019-02-01,2.2972398,33.00600585937502,-0.1112202307881168,-0.2834603793653607,1.2502762430939227,0.1701955713593017,0.2552727272727272,0.115390540748729,0.2608847091605712,Suelo Desnudo / Muy Seco,Vegetacion Escasa / Suelo,Clorofila Degradada / Estres Severo,Cropland,654,Granos Básicos,2019-02-01,2,76.2436655424522,53.62603137300256,52.95540808254741
-89.4985851510238,13.835234132366086,2019-03-01,3.3493867,20.9580017089844,0.0171008837369447,-0.2622133599202393,0.9663732791694876,0.2169733589673166,0.325437693099897,0.1536058318146316,0.3629652414641648,Baja Humedad / Estres,Vegetacion Escasa / Suelo,Clorofila Degradada / Estres Severo,Cropland,654,Granos Básicos,2019-03-01,3,53.62603137300256,80.4036381333773,73.37968619420229
-89.4985851510238,13.835234132366086,2019-07-01,146.07767,14.097985839843773,,,,,,,,,,,Cropland,654,Granos Básicos,2019-07-01,7,,37.17195060561369,43.281151602000755
-89.4985851510238,13.835234132366086,2019-08-01,284.64807,22.434014892578148,0.2377680043980209,-0.4832015810276679,0.6158116811014879,0.5264406779661017,0.7895941021947293,0.4299777707208637,1.5086350974930365,Humedad Moderada,Vegetacion Moderada,Alta Actividad Fotosintetica,Cropland,654,Granos Básicos,2019-08-01,8,37.17195060561369,70.94477392252976,51.195866814978764
-89.4985851510238,13.835234132366086,2019-11-01,27.285126,0.5280090332031477,,,,,,,,,,,Cropland,654,Granos Básicos,2019-11-01,11,,63.80420061726203,61.91947894919499
-89.4985851510238,13.835234132366086,2021-05-01,151.79,0.0920043945312727,,,,,,,,,,,Cropland,654,Granos Básicos,2021-05-01,5,,37.469506401114714,36.16103547564244
-89.4985851510238,13.835234132366086,2021-07-01,151.3206,0.2940002441406477,,,,,,,,,,,Cropland,654,Granos Básicos,2021-07-01,7,,9.03165511018788,26.91041432419569
-89.4985851510238,13.835234132366086,2021-08-01,380.6531,0.4779907226562727,0.3108173076923077,-0.5537825901125516,0.5257656335961856,0.6014684287812041,0.9021364070185742,0.5036536605542534,2.0294444444444446,Humedad Alta / Bosque,Vegetacion Densa / Sana,Alta Actividad Fotosintetica,Cropland,654,Granos Básicos,2021-08-01,8,9.03165511018788,36.118053783260294,33.69911836039029
-89.4985851510238,13.835234132366086,2021-09-01,239.47604,0.2979980468750227,-0.024471068060158,-0.3491979552265115,1.0501698458322446,0.3124142661179698,0.4685812258894127,0.2211231652839821,0.5678000819336337,Baja Humedad / Estres,Vegetacion Moderada,Actividad Moderada / Transicion,Cropland,654,Granos Básicos,2021-09-01,9,36.118053783260294,59.152990565206686,54.20002747000087
-89.4985851510238,13.835234132366086,2021-10-01,200.32977,32.3120056152344,0.0902964959568733,-0.0557419835943325,0.8343634116192831,0.0783585642197467,0.1175322511543771,0.0422379681604858,0.0882013835511146,Baja Humedad / Estres,Suelo Desnudo / Agua / Nubes,Clorofila Degradada / Estres Severo,Cropland,654,Granos Básicos,2021-10-01,10,59.152990565206686,56.47654868505375,48.46694665406452
-89.4985851510238,13.835234132366086,2021-11-01,2.4325662,18.47799072265628,-0.048780487804878,-0.3364928909952606,1.1025641025641026,0.2786885245901639,0.417996337954486,0.1831531386154591,0.4484393520347689,Baja Humedad / Estres,Vegetacion Escasa / Suelo,Clorofila Degradada / Estres Severo,Cropland,654,Granos Básicos,2021-11-01,11,56.47654868505375,61.63768465821058,62.93229503926886
-89.4985851510238,13.835234132366086,2023-08-01,227.67221,0.8640075683593977,,,,,,,,,,,Cropland,654,Granos Básicos,2023-08-01,8,,32.76138895143187,33.19003620509359
-89.4985851510238,13.835234132366086,2023-09-01,341.35553,0.1780029296875227,0.0153102336825141,-0.2688821752265861,0.9698412698412698,0.245674740484429,0.3684817530274322,0.1650485436893204,0.3953488372093023,Baja Humedad / Estres,Vegetacion Escasa / Suelo,Clorofila Degradada / Estres Severo,Cropland,654,Granos Básicos,2023-09-01,9,32.76138895143187,35.42307690995428,40.09844732727185
-89.4985851510238,13.835234132366086,2023-10-01,264.38824,0.2600036621093977,-0.0163980774667797,-0.3160582560998676,1.033342914630641,0.2894736842105263,0.4341702955619383,0.1928681638950797,0.477909940526763,Baja Humedad / Estres,Vegetacion Escasa / Suelo,Clorofila Degradada / Estres Severo,Cropland,654,Granos Básicos,2023-10-01,10,35.42307690995428,39.140042040107986,41.61960484192887
-89.4985851510238,13.835234132366086,2023-11-01,33.954086,1.1140075683593975,-0.0514842965724939,-0.3297145154804985,1.1085576050801331,0.2847707847707847,0.4271146936000777,0.1899964015833033,0.4691248334073745,Baja Humedad / Estres,Vegetacion Escasa / Suelo,Clorofila Degradada / Estres Severo,Cropland,654,Granos Básicos,2023-11-01,11,39.140042040107986,61.22653734581357,61.61274247808748
-89.4985851510238,13.835234132366086,2025-08-01,387.09515,0.2059875488281477,,,,,,,,,,,Cropland,654,Granos Básicos,2025-08-01,8,,50.368392918789496,46.5925309007535
-89.4985851510238,13.835234132366086,2025-09-01,301.6428,20.596002197265648,0.0526559425992362,-0.270923571328769,0.8999560246262093,0.2654424040066778,0.398135911525353,0.1926052183033958,0.4771029555050341,Baja Humedad / Estres,Vegetacion Escasa / Suelo,Clorofila Degradada / Estres Severo,Cropland,654,Granos Básicos,2025-09-01,9,50.368392918789496,28.85767861612515,42.597118708033825
-89.4985851510238,13.835234132366086,2025-10-01,266.8785,1.5440002441406475,0.0802919708029197,-0.419286094832179,0.8513513513513513,0.4185303514376997,0.6277398171976217,0.3039647577092511,0.8734177215189873,Baja Humedad / Estres,Vegetacion Moderada,Actividad Moderada / Transicion,Cropland,654,Granos Básicos,2025-10-01,10,28.85767861612515,57.572358955988875,45.3991635390873
-89.4985851510238,13.835234132366086,2025-11-01,14.7644825,14.533990478515648,-0.1112867114447517,-0.3027027027027027,1.2504445761707172,0.224460170567955,0.3366597115122924,0.1521256616015024,0.3588401127668144,Suelo Desnudo / Muy Seco,Vegetacion Escasa / Suelo,Clorofila Degradada / Estres Severo,Cropland,654,Granos Básicos,2025-11-01,11,57.572358955988875,64.09084653133301,64.71411983700446
-89.49829606232736,13.80813368578264,2017-01-01,7.025172,14.155999755859398,-0.0839829016846869,-0.3090190441969098,1.1833653582212462,0.2488858416181008,0.373296769217585,0.1663198335200896,0.3990015360983103,Baja Humedad / Estres,Vegetacion Escasa / Suelo,Clorofila Degradada / Estres Severo,Cropland,579,Granos Básicos,2017-01-01,1,54.96961097321659,63.924272326828444,64.25860066073786
-89.49829606232736,13.80813368578264,2017-08-01,250.28452,,,,,,,,,Suelo Desnudo / Muy Seco,Suelo Desnudo / Agua / Nubes,Clorofila Degradada / Estres Severo,Cropland,579,Granos Básicos,2017-08-01,8,,53.277425066061234,56.29962055304056
-89.49829606232736,13.80813368578264,2017-11-01,14.418105,35.84200439453127,,,,,,,,Suelo Desnudo / Muy Seco,Suelo Desnudo / Agua / Nubes,Clorofila Degradada / Estres Severo,Cropland,579,Granos Básicos,2017-11-01,11,,49.39215059029563,39.459886619385976
-89.49829606232736,13.80813368578264,2017-12-01,3.932022,10.102014160156273,-0.0658028455284552,-0.3200502602764315,1.1408757138971988,0.2511058183055461,0.3766266904822659,0.1581102362204724,0.3756079311634868,Baja Humedad / Estres,Vegetacion Escasa / Suelo,Clorofila Degradada / Estres Severo,Cropland,579,Granos Básicos,2017-12-01,12,49.39215059029563,81.22167897068677,74.82718950817436
-89.49829606232736,13.80813368578264,2018-02-01,1.7255961,39.51198730468752,,,,,,,,,,,Cropland,579,Granos Básicos,2018-02-01,2,,35.19266509665761,31.887280968526834
-89.49829606232736,13.80813368578264,2018-06-01,265.7954,11.170007324218773,0.1220695230396119,-0.3786253476360747,0.7824207492795389,0.3913392141138733,0.5869499849654205,0.2976813762154076,0.8477103301384452,Humedad Moderada,Vegetacion Moderada,Actividad Moderada / Transicion,Cropland,579,Granos Básicos,2018-06-01,6,35.19266509665761,19.12315541471691,28.988161242128886
-89.49829606232736,13.80813368578264,2018-07-01,124.54169,6.835992431640648,0.2657770364192383,-0.4964667214461791,0.5800571052053591,0.54706082229018,0.8205215323197146,0.4371843434343434,1.5535614133482896,Humedad Moderada,Vegetacion Moderada,Alta Actividad Fotosintetica,Cropland,579,Granos Básicos,2018-07-01,7,19.12315541471691,46.44790113207639,46.861855868038226
-89.49829606232736,13.80813368578264,2018-08-01,292.8676,23.115991210937523,0.1321905868680999,-0.3952738990332975,0.7664870413138312,0.4246024492780113,0.6368454719912273,0.3121212121212121,0.9074889867841408,Humedad Moderada,Vegetacion Moderada,Actividad Moderada / Transicion,Cropland,579,Granos Básicos,2018-08-01,8,46.44790113207639,38.96044995217858,36.00130966977029
-89.49829606232736,13.80813368578264,2018-09-01,347.41425,0.1060119628906477,-0.0618075801749271,-0.2910732196589769,1.131758856432567,0.2458381726674409,0.368721571663602,0.1567217828900071,0.3716965046888321,Baja Humedad / Estres,Vegetacion Escasa / Suelo,Clorofila Degradada / Estres Severo,Cropland,579,Granos Básicos,2018-09-01,9,38.96044995217858,42.5085950110561,43.915675690429396
-89.49829606232736,13.80813368578264,2018-10-01,161.90857,24.159997558593773,0.1936069742099528,-0.4828519855595667,0.6755934266585514,0.5684964200477327,0.8526767957998569,0.3826086956521739,1.23943661971831,Humedad Moderada,Vegetacion Moderada,Actividad Moderada / Transicion,Cropland,579,Granos Básicos,2018-10-01,10,42.5085950110561,45.814783187298424,43.92705361677483
-89.49829606232736,13.80813368578264,2018-11-01,40.066822,21.201989746093773,0.1161802210257863,-0.3220338983050847,0.7918253363797918,0.3538408661282007,0.5307156972248475,0.2439602084320227,0.6453634085213034,Humedad Moderada,Vegetacion Moderada,Actividad Moderada / Transicion,Cropland,579,Granos Básicos,2018-11-01,11,45.814783187298424,59.93067483712651,58.34913290676256
-89.48905244958432,13.808227583561308,2017-01-01,7.025172,14.155999755859398,-0.1188460332392599,-0.2519492091779906,1.2697508896797154,0.192952663977924,0.2893982808022923,0.1208615875548464,0.2749546279491832,Suelo Desnudo / Muy Seco,Vegetacion Escasa / Suelo,Clorofila Degradada / Estres Severo,Cropland,542,Granos Básicos,2017-01-01,1,57.80496523863236,66.8223150449524,65.49015770109338
-89.48905244958432,13.808227583561308,2017-08-01,250.28452,,,,,,,,,Suelo Desnudo / Muy Seco,Suelo Desnudo / Agua / Nubes,Clorofila Degradada / Estres Severo,Cropland,542,Granos Básicos,2017-08-01,8,,48.887776003043314,55.02171783780181
-89.48905244958432,13.808227583561308,2017-11-01,14.418105,33.27199707031252,,,,,,,,Suelo Desnudo / Muy Seco,Suelo Desnudo / Agua / Nubes,Clorofila Degradada / Estres Severo,Cropland,542,Granos Básicos,2017-11-01,11,,47.46840741606805,44.56923281719917
-89.48905244958432,13.808227583561308,2017-12-01,3.932022,10.102014160156273,-0.0421487603305785,-0.3311638591117917,1.088006902502157,0.2778390297684674,0.4167202572347267,0.1792436832287604,0.4367768595041321,Baja Humedad / Estres,Vegetacion Escasa / Suelo,Clorofila Degradada / Estres Severo,Cropland,542,Granos Básicos,2017-12-01,12,47.46840741606805,79.39023811888863,73.83664357201968
-89.48905244958432,13.808227583561308,2018-02-01,1.7255961,39.96401367187502,,,,,,,,,,,Cropland,542,Granos Básicos,2018-02-01,2,,33.42196803035266,32.20827305331268
-89.48905244958432,13.808227583561308,2018-06-01,265.7954,11.170007324218773,0.1438417740485466,-0.3779783393501805,0.7484935813466073,0.3925574607807369,0.5887824897400821,0.28475260854931,0.7962352941176472,Humedad Moderada,Vegetacion Moderada,Actividad Moderada / Transicion,Cropland,542,Granos Básicos,2018-06-01,6,33.42196803035266,26.065891907634363,30.70681906013221
-89.48905244958432,13.808227583561308,2018-07-01,124.54169,6.835992431640648,0.1804100899837734,-0.4018920812894183,0.6943264183954011,0.4233368907861971,0.634948866162739,0.3060225232577118,0.8819379115710253,Humedad Moderada,Vegetacion Moderada,Actividad Moderada / Transicion,Cropland,542,Granos Básicos,2018-07-01,7,26.065891907634363,46.9779027484241,47.793583428193955
-89.48905244958432,13.808227583561308,2018-08-01,292.8676,23.115991210937523,0.1256737588652482,-0.3722981151651392,0.7767137096774194,0.3895990194361758,0.5843473693425545,0.2485840151038389,0.6616415410385259,Humedad Moderada,Vegetacion Moderada,Actividad Moderada / Transicion,Cropland,542,Granos Básicos,2018-08-01,8,46.9779027484241,30.046574622722716,35.59699884981037
-89.48905244958432,13.808227583561308,2018-09-01,347.41425,0.1060119628906477,0.04779622209502,-0.3269300471185212,0.9087680961485932,0.3103078024337867,0.4654200590498345,0.187094682230869,0.46031112883925,Baja Humedad / Estres,Vegetacion Moderada,Clorofila Degradada / Estres Severo,Cropland,542,Granos Básicos,2018-09-01,9,30.046574622722716,48.83840388353977,44.19548900961253
-89.48905244958432,13.808227583561308,2018-10-01,161.90857,23.484002685546898,0.1073724524688825,-0.4033628011787138,0.8060770750988142,0.4188573431475639,0.6282309646893893,0.2887615409105381,0.8119964189794091,Humedad Moderada,Vegetacion Moderada,Actividad Moderada / Transicion,Cropland,542,Granos Básicos,2018-10-01,10,48.83840388353977,51.31178533993076,46.830418574150286
-89.48905244958432,13.808227583561308,2018-11-01,40.066822,21.640008544921898,0.0540353307932109,-0.3323117338003503,0.8974696023660861,0.3110728134424816,0.4665589660743134,0.2053872053872054,0.5169491525423728,Baja Humedad / Estres,Vegetacion Moderada,Actividad Moderada / Transicion,Cropland,542,Granos Básicos,2018-11-01,11,51.31178533993076,57.4344493575323,55.56817015672149
-89.48009572275096,13.83542196272364,2017-01-01,7.025172,14.155999755859398,-0.1258405379442843,-0.279887482419128,1.287912087912088,0.1853368068477856,0.2779793469159922,0.1304347826086956,0.3,Suelo Desnudo / Muy Seco,Vegetacion Escasa / Suelo,Clorofila Degradada / Estres Severo,Cropland,598,Granos Básicos,2017-01-01,1,58.37381542120469,64.72593204545434,64.96196555084987
-89.48009572275096,13.83542196272364,2017-08-01,250.28452,,,,,,,,,Suelo Desnudo / Muy Seco,Suelo Desnudo / Agua / Nubes,Clorofila Degradada / Estres Severo,Cropland,598,Granos Básicos,2017-08-01,8,,63.53083670551008,58.04004865368062
-89.48009572275096,13.83542196272364,2017-11-01,14.418105,33.31600341796877,,,,,,,,Suelo Desnudo / Muy Seco,Suelo Desnudo / Agua / Nubes,Clorofila Degradada / Estres Severo,Cropland,598,Granos Básicos,2017-11-01,11,,35.69186973061409,38.3341150920879
-89.48009572275096,13.83542196272364,2024-08-01,298.7417,5.331994628906273,,,,,,,,,,,Cropland,598,Granos Básicos,2024-08-01,8,,32.79492573398361,35.90318611640283
-89.48009572275096,13.83542196272364,2024-10-01,61.834206,0.2199951171875227,,,,,,,,,,,Cropland,598,Granos Básicos,2024-10-01,10,,33.64623057132049,32.518746936693276
-89.48009572275096,13.83542196272364,2024-11-01,143.36676,0.3820129394531477,0.006966618287373,-0.3706045041485579,0.9861631594119342,0.3404173106646059,0.5105766444508838,0.2458251032501346,0.651904761904762,Baja Humedad / Estres,Vegetacion Moderada,Actividad Moderada / Transicion,Cropland,598,Granos Básicos,2024-11-01,11,33.64623057132049,52.54115415200842,53.95143688986907
-89.48000000247117,13.82638836047493,2017-01-01,7.025172,14.155999755859398,-0.1009825327510917,-0.2674105425163524,1.2246508803885854,0.1687067589143161,0.2530376940133038,0.0989157631359466,0.2195483154387263,Suelo Desnudo / Muy Seco,Vegetacion Escasa / Suelo,Clorofila Degradada / Estres Severo,Cropland,602,Granos Básicos,2017-01-01,1,56.35215965158691,63.36995197332733,64.11503452955438
-89.48000000247117,13.82638836047493,2017-08-01,250.28452,,,,,,,,,Suelo Desnudo / Muy Seco,Suelo Desnudo / Agua / Nubes,Clorofila Degradada / Estres Severo,Cropland,602,Granos Básicos,2017-08-01,8,,65.5395553557042,58.05257008319247
-89.48000000247117,13.82638836047493,2017-11-01,14.418105,33.30999145507815,,,,,,,,Suelo Desnudo / Muy Seco,Suelo Desnudo / Agua / Nubes,Clorofila Degradada / Estres Severo,Cropland,602,Granos Básicos,2017-11-01,11,,39.41331850462298,39.522131907219666
-89.48000000247117,13.82638836047493,2017-12-01,3.932022,1.8219848632812727,-0.0460428073668491,-0.3167296461697011,1.0965301330550483,0.2185662056906692,0.3278232535961217,0.1377263282873256,0.3194492254733219,Baja Humedad / Estres,Vegetacion Escasa / Suelo,Clorofila Degradada / Estres Severo,Cropland,602,Granos Básicos,2017-12-01,12,39.41331850462298,74.32164530573667,69.57705390469773
-89.48000000247117,13.82638836047493,2018-02-01,1.7255961,38.93999633789065,,,,,,,,,,,Cropland,602,Granos Básicos,2018-02-01,2,,27.28460805053907,29.085193680035694
-89.48000000247117,13.82638836047493,2018-06-01,265.7954,11.170007324218773,0.2193059200933216,-0.4542608695652174,0.6402774455871801,0.4876356520192136,0.731388419460998,0.3858137222406363,1.2563410685375067,Humedad Moderada,Vegetacion Moderada,Actividad Moderada / Transicion,Cropland,602,Granos Básicos,2018-06-01,6,27.28460805053907,17.642064053288543,27.157693139130043
-89.48000000247117,13.82638836047493,2018-07-01,124.54169,6.835992431640648,0.2839883349534787,-0.5041483650561249,0.5576465498593987,0.5482250502344274,0.8222687316868983,0.447401377582968,1.6192634560906516,Humedad Moderada,Vegetacion Moderada,Alta Actividad Fotosintetica,Cropland,602,Granos Básicos,2018-07-01,7,17.642064053288543,51.88522481740833,47.30500529486416
-89.48000000247117,13.82638836047493,2018-08-01,292.8676,22.597985839843773,0.0588940866018951,-0.3343409915356711,0.8887630267331219,0.2970908022333235,0.4456034672739293,0.2201796821008984,0.564693371144984,Baja Humedad / Estres,Vegetacion Escasa / Suelo,Actividad Moderada / Transicion,Cropland,602,Granos Básicos,2018-08-01,8,51.88522481740833,30.17488887941859,38.05911165182289
-89.48000000247117,13.82638836047493,2018-09-01,347.41425,0.1060119628906477,0.0462184873949579,-0.1191011235955056,0.9116465863453816,0.1216216216216216,0.1823981985363107,0.093304061470911,0.2058111380145277,Baja Humedad / Estres,Vegetacion Escasa / Suelo,Clorofila Degradada / Estres Severo,Cropland,602,Granos Básicos,2018-09-01,9,30.17488887941859,40.27481291457682,44.1611201019143
-89.48000000247117,13.82638836047493,2018-10-01,161.90857,23.928002929687523,0.2181890706023135,-0.4863724853990915,0.641781270464964,0.5411269974768713,0.8116222353040115,0.3898665048543689,1.2779711586275484,Humedad Moderada,Vegetacion Moderada,Actividad Moderada / Transicion,Cropland,602,Granos Básicos,2018-10-01,10,40.27481291457682,44.63559627493274,44.00987993227471
-89.48000000247117,13.82638836047493,2018-11-01,40.066822,20.286004638671898,0.119291705498602,-0.3265832106038291,0.7868442964196503,0.3309937199852235,0.4964447317388494,0.2443446727680884,0.6467093235831809,Humedad Moderada,Vegetacion Moderada,Actividad Moderada / Transicion,Cropland,602,Granos Básicos,2018-11-01,11,44.63559627493274,54.43680067019393,56.885420376065284
-89.48000000247117,13.82638836047493,2018-12-01,3.5454845,19.632012939453148,-0.0093530787217459,-0.3191489361702128,1.018882769472856,0.2404033832140533,0.3605757501829714,0.1656985631305411,0.3972150971051666,Baja Humedad / Estres,Vegetacion Escasa / Suelo,Clorofila Degradada / Estres Severo,Cropland,602,Granos Básicos,2018-12-01,12,54.43680067019393,58.414682707115176,61.79277832734804
-89.48000000247117,13.82638836047493,2019-01-01,5.9747667,20.08199462890628,-0.0526703499079189,-0.318974358974359,1.1111975116640749,0.2018691588785046,0.3027801573086208,0.1292258158934582,0.2968067226890756,Baja Humedad / Estres,Vegetacion Escasa / Suelo,Clorofila Degradada / Estres Severo,Cropland,602,Granos Básicos,2019-01-01,1,58.414682707115176,64.66578752379372,66.79256482742416
-89.48000000247117,13.82638836047493,2019-02-01,2.2972398,24.8640075683594,-0.0700825224781377,-0.3089459084604715,1.150728476821192,0.189913317572892,0.2848475297454889,0.1196796678036482,0.2719002695417789,Baja Humedad / Estres,Vegetacion Escasa / Suelo,Clorofila Degradada / Estres Severo,Cropland,602,Granos Básicos,2019-02-01,2,64.66578752379372,60.092624554175615,59.57331414576739
-89.48000000247117,13.82638836047493,2019-03-01,3.3493867,18.296014404296898,-0.095505617977528,-0.2686246418338109,1.2111801242236024,0.1660905349794238,0.2491152991523331,0.1049758228045546,0.2345765074939003,Baja Humedad / Estres,Vegetacion Escasa / Suelo,Clorofila Degradada / Estres Severo,Cropland,602,Granos Básicos,2019-03-01,3,60.092624554175615,75.13965586198981,72.32149927200771
-89.48000000247117,13.82638836047493,2019-07-01,146.07767,14.097985839843773,,,,,,,,,,,Cropland,602,Granos Básicos,2019-07-01,7,,44.60386571492687,44.06204140146104
-89.48000000247117,13.82638836047493,2019-08-01,284.64807,22.126000976562523,0.1425569176882662,-0.2417205938332698,0.7504598405885959,0.2809738857255056,0.4214194561696279,0.224015009380863,0.5773694390715667,Humedad Moderada,Vegetacion Escasa / Suelo,Actividad Moderada / Transicion,Cropland,602,Granos Básicos,2019-08-01,8,44.60386571492687,69.35344632215273,56.618581644543845
-89.48000000247117,13.82638836047493,2019-11-01,27.285126,0.5280090332031477,,,,,,,,,,,Cropland,602,Granos Básicos,2019-11-01,11,,65.87366684533328,62.33445352313428
-89.48000000247117,13.82638836047493,2021-05-01,151.79,0.0920043945312727,,,,,,,,,,,Cropland,602,Granos Básicos,2021-05-01,5,,30.91875602225858,31.943492388483822
-89.48000000247117,13.82638836047493,2021-07-01,151.3206,0.2940002441406477,,,,,,,,,,,Cropland,602,Granos Básicos,2021-07-01,7,,13.977814708804603,23.026711676962474
-89.48000000247117,13.82638836047493,2021-08-01,380.6531,0.4779907226562727,0.25,-0.4414414414414414,0.6,0.4799919565654534,0.7199155524278678,0.38763197586727,1.2660098522167489,Humedad Moderada,Vegetacion Moderada,Actividad Moderada / Transicion,Cropland,602,Granos Básicos,2021-08-01,8,13.977814708804603,32.3497927272251,33.49465418139973
-89.48000000247117,13.82638836047493,2021-09-01,239.47604,6.947991943359398,0.1045364891518737,-0.2364760432766615,0.8107142857142857,0.2441679626749611,0.3662316023326853,0.181060845723927,0.4421838784445016,Humedad Moderada,Vegetacion Escasa / Suelo,Clorofila Degradada / Estres Severo,Cropland,602,Granos Básicos,2021-09-01,9,32.3497927272251,58.21880130591133,49.61615591167836
-89.48000000247117,13.82638836047493,2021-10-01,200.32977,31.684014892578148,0.0939759036144578,-0.3863840488593497,0.8281938325991189,0.3821633237822349,0.5731936610260542,0.2761243386243386,0.7629054362722705,Baja Humedad / Estres,Vegetacion Moderada,Actividad Moderada / Transicion,Cropland,602,Granos Básicos,2021-10-01,10,58.21880130591133,39.92043772548466,47.68710237337746
-89.48000000247117,13.82638836047493,2021-11-01,2.4325662,16.421990966796898,0.1292307692307692,-0.4323221571758027,0.771117166212534,0.4282681761896338,0.6423454497214115,0.2871034592698868,0.8054561717352415,Humedad Moderada,Vegetacion Moderada,Actividad Moderada / Transicion,Cropland,602,Granos Básicos,2021-11-01,11,39.92043772548466,58.00079957444184,57.15022912956553
-89.48000000247117,13.82638836047493,2022-06-01,344.26715,0.4819885253906477,,,,,,,,,,,Cropland,602,Granos Básicos,2022-06-01,6,,47.41339465325271,45.406035259176996
-89.48000000247117,13.82638836047493,2022-08-01,297.5212,,,,,,,,,,,,Cropland,602,Granos Básicos,2022-08-01,8,,21.572860790819767,33.191100383199554
-89.48000000247117,13.82638836047493,2022-09-01,281.7428,0.5859924316406477,0.1579550336531576,-0.4357244318181818,0.7271827850605985,0.4635294117647058,0.6952312007963081,0.3394069902269339,1.0275827482447344,Humedad Moderada,Vegetacion Moderada,Actividad Moderada / Transicion,Cropland,602,Granos Básicos,2022-09-01,9,21.572860790819767,42.160580842059844,38.05414381866378
-89.48000000247117,13.82638836047493,2022-10-01,140.93373,7.782006835937523,-0.0057270568515155,-0.2825225225225225,1.0115200899128969,0.2336221837088388,0.3504029113595009,0.1615535248041775,0.3853639548462437,Baja Humedad / Estres,Vegetacion Escasa / Suelo,Clorofila Degradada / Estres Severo,Cropland,602,Granos Básicos,2022-10-01,10,42.160580842059844,57.992900892568414,55.45560048326858
-89.48000000247117,13.82638836047493,2022-11-01,62.021675,21.629998779296898,-0.0282392026578073,-0.3384175405147759,1.058119658119658,0.2817235712981559,0.4225467822911912,0.1936745451453834,0.4803880219316743,Baja Humedad / Estres,Vegetacion Escasa / Suelo,Clorofila Degradada / Estres Severo,Cropland,602,Granos Básicos,2022-11-01,11,57.992900892568414,45.07062526758716,57.623017349553876
-89.48000000247117,13.82638836047493,2023-08-01,227.67221,0.8640075683593977,,,,,,,,,,,Cropland,602,Granos Básicos,2023-08-01,8,,26.570117606241293,32.087540425713776
-89.48000000247117,13.82638836047493,2023-09-01,341.35553,0.1780029296875227,0.0914372665652234,-0.383725008768853,0.832446134347275,0.3757628596338274,0.5635951529945079,0.2370649106302916,0.621454993834772,Baja Humedad / Estres,Vegetacion Moderada,Actividad Moderada / Transicion,Cropland,602,Granos Básicos,2023-09-01,9,26.570117606241293,24.198411267439585,30.116746061215125
-89.48000000247117,13.82638836047493,2023-10-01,264.38824,0.9259887695312728,0.1298984967236284,-0.4025518341307815,0.7700705026154196,0.4074903969270166,0.611186684804353,0.2564652093156165,0.6898539584934666,Humedad Moderada,Vegetacion Moderada,Actividad Moderada / Transicion,Cropland,602,Granos Básicos,2023-10-01,10,24.198411267439585,26.69733952654089,32.67502268724534
-89.48000000247117,13.82638836047493,2023-11-01,33.954086,1.1140075683593975,0.101509486220745,-0.4226435342514756,0.8156902187578576,0.3986284508528222,0.5978901098901099,0.2639440648339424,0.7171848013816926,Humedad Moderada,Vegetacion Moderada,Actividad Moderada / Transicion,Cropland,602,Granos Básicos,2023-11-01,11,26.69733952654089,58.183002149192596,57.34024975625348
-89.48000000247117,13.82638836047493,2024-08-01,298.7417,5.331994628906273,,,,,,,,,,,Cropland,602,Granos Básicos,2024-08-01,8,,30.14560848501861,35.646698223061335
-89.48000000247117,13.82638836047493,2024-10-01,61.834206,0.2199951171875227,,,,,,,,,,,Cropland,602,Granos Básicos,2024-10-01,10,,28.319468032840195,31.96184793570011
-89.48000000247117,13.82638836047493,2024-11-01,143.36676,0.3820129394531477,0.072463768115942,-0.3588591521781598,0.8648648648648649,0.3305279265493496,0.4957444773835707,0.2116356035533879,0.5368979231109148,Baja Humedad / Estres,Vegetacion Moderada,Actividad Moderada / Transicion,Cropland,602,Granos Básicos,2024-11-01,11,28.319468032840195,48.338402564469305,46.36335029195081
-89.47491816213709,14.214922672313,2017-01-01,3.780714,14.155999755859398,-0.1440457618304732,-0.2904743237945903,1.336573511543135,0.2185822691097538,0.3278430646802998,0.1472381948074577,0.3453208009807929,Suelo Desnudo / Muy Seco,Vegetacion Escasa / Suelo,Clorofila Degradada / Estres Severo,Cropland,444,Granos Básicos,2017-01-01,1,59.85441274269758,54.564641273127165,69.42368453731306
-89.47491816213709,14.214922672313,2017-02-01,4.531956,21.490014648437523,0.0121739130434782,0.0249296340973059,0.9759450171821306,-0.0128231223285161,-0.0192340310051222,-0.0463393852002359,-0.088574292157354,Baja Humedad / Estres,Suelo Desnudo / Agua / Nubes,Clorofila Degradada / Estres Severo,Cropland,444,Granos Básicos,2017-02-01,2,54.564641273127165,56.32461038132996,54.996576642877734
-89.47491816213709,14.214922672313,2017-08-01,182.6939,,,,,,,,,Suelo Desnudo / Muy Seco,Suelo Desnudo / Agua / Nubes,Clorofila Degradada / Estres Severo,Cropland,444,Granos Básicos,2017-08-01,8,,59.45022994541392,53.034770105551964
-89.47491816213709,14.214922672313,2017-11-01,15.981254,34.52199707031252,,,,,,,,Suelo Desnudo / Muy Seco,Suelo Desnudo / Agua / Nubes,Clorofila Degradada / Estres Severo,Cropland,444,Granos Básicos,2017-11-01,11,,40.737748126702954,42.10117343074976
-89.47384120727502,14.115555350877592,2016-05-01,100.049484,39.87600097656252,,,,,,,,,,,Cropland,362,Granos Básicos,2016-05-01,5,,55.64195517615966,42.232051190026915
-89.47384120727502,14.115555350877592,2016-12-01,30.083569,27.07198486328128,,,,,,,,,,,Cropland,362,Granos Básicos,2016-12-01,12,,74.70998495918913,65.0354776959751
-89.47384120727502,14.115555350877592,2018-02-01,5.072507,40.96999511718752,,,,,,,,,,,Cropland,362,Granos Básicos,2018-02-01,2,,26.189418267976468,33.918324840575885
-89.47384120727502,14.115555350877592,2018-06-01,329.08652,11.170007324218773,0.2327722251446607,-0.4891183478951549,0.6223597183699595,0.5384867881175119,0.8076639041601708,0.4287456180460295,1.501067235859125,Humedad Moderada,Vegetacion Moderada,Alta Actividad Fotosintetica,Cropland,362,Granos Básicos,2018-06-01,6,26.189418267976468,11.507968642877845,20.832592997466485
-89.47384120727502,14.115555350877592,2018-07-01,160.31297,0.9720092773437728,0.2865105908584169,-0.5201990632318502,0.5545927209705372,0.5719691236567277,0.8578887627695801,0.4655002116551432,1.7418162618796198,Humedad Moderada,Vegetacion Moderada,Alta Actividad Fotosintetica,Cropland,362,Granos Básicos,2018-07-01,7,11.507968642877845,55.92366390402566,47.92236911938966
-89.47384120727502,14.115555350877592,2018-08-01,258.69058,22.835992431640648,0.0121969140337986,-0.3437378072571205,0.9759001161440186,0.3238516240630406,0.4857307581435572,0.2219265566790846,0.5704514363885089,Baja Humedad / Estres,Vegetacion Moderada,Actividad Moderada / Transicion,Cropland,362,Granos Básicos,2018-08-01,8,55.92366390402566,36.128383063189645,49.07448672304029
-89.47384120727502,14.115555350877592,2018-09-01,271.97873,0.1060119628906477,-0.0269848697551084,-0.3400644468313641,1.0554664956716897,0.3369052721817402,0.5053037608486017,0.2421346077260055,0.6389910667367316,Baja Humedad / Estres,Vegetacion Moderada,Actividad Moderada / Transicion,Cropland,362,Granos Básicos,2018-09-01,9,36.128383063189645,28.231118821861322,32.52536155324308
-89.47384120727502,14.115555350877592,2018-10-01,140.56863,19.909997558593773,0.3163243701037476,-0.5630421118793212,0.5193823387485925,0.6532376013827949,0.979791265040218,0.5320354854608181,2.273828330700369,Humedad Alta / Bosque,Vegetacion Densa / Sana,Alta Actividad Fotosintetica,Cropland,362,Granos Básicos,2018-10-01,10,28.231118821861322,28.862180292890706,34.579086041471186
-89.47384120727502,14.115555350877592,2018-11-01,45.021484,19.778009033203148,0.3069240264841207,-0.5550807851515556,0.530310836338657,0.6183991106170095,0.92753421802265,0.5069875776397516,2.056692913385827,Humedad Alta / Bosque,Vegetacion Densa / Sana,Alta Actividad Fotosintetica,Cropland,362,Granos Básicos,2018-11-01,11,28.862180292890706,50.52079217577698,54.71218632527839
-89.47364629259333,14.097488468423302,2018-02-01,5.0268993,42.28200683593752,,,,,,,,,,,Cropland,351,Granos Básicos,2018-02-01,2,,35.03165897554523,33.777268014784326
-89.47364629259333,14.097488468423302,2018-06-01,339.30038,11.170007324218773,0.1240492324713041,-0.42296918767507,0.7792814960629921,0.4411347517730496,0.6616434713234642,0.3377221856484529,1.0198807157057654,Humedad Moderada,Vegetacion Moderada,Actividad Moderada / Transicion,Cropland,351,Granos Básicos,2018-06-01,6,35.03165897554523,23.897516046092566,26.519595559177937
-89.47364629259333,14.097488468423302,2018-07-01,154.05475,5.619989013671898,0.1919546436285097,-0.4556544675239037,0.6779161947904869,0.490295358649789,0.7353809805079741,0.3945041061276058,1.3030777256129369,Humedad Moderada,Vegetacion Moderada,Actividad Moderada / Transicion,Cropland,351,Granos Básicos,2018-07-01,7,23.897516046092566,45.92024507531487,45.14310324780993
-89.47364629259333,14.097488468423302,2018-08-01,282.0068,23.391992187500023,0.1421098517872711,-0.4157060518731988,0.751145038167939,0.455286058137382,0.6828658705915024,0.3392400749701823,1.0268179473955643,Humedad Moderada,Vegetacion Moderada,Actividad Moderada / Transicion,Cropland,351,Granos Básicos,2018-08-01,8,45.92024507531487,32.62902351209144,36.563358469278775
-89.47364629259333,14.097488468423302,2018-09-01,304.5576,0.1060119628906477,0.0160427807486631,-0.3503649635036496,0.968421052631579,0.3291737568538476,0.4937139616220815,0.2337662337662337,0.6101694915254237,Baja Humedad / Estres,Vegetacion Moderada,Actividad Moderada / Transicion,Cropland,351,Granos Básicos,2018-09-01,9,32.62902351209144,33.07245153342353,33.37740336391637
-89.47364629259333,14.097488468423302,2018-10-01,139.70026,18.38399658203128,0.2378245704689316,-0.5080264400377715,0.6157378417866833,0.573657415010675,0.860415469250349,0.4626774538238437,1.722159090909091,Humedad Moderada,Vegetacion Moderada,Alta Actividad Fotosintetica,Cropland,351,Granos Básicos,2018-10-01,10,33.07245153342353,38.62556144122601,37.70393707019528
-89.47364629259333,14.097488468423302,2018-11-01,44.036434,13.455987548828148,0.1082786783813884,-0.3729878890081251,0.8046002679767753,0.3786945812807882,0.5679981528515354,0.2506633151794442,0.6690272083488633,Humedad Moderada,Vegetacion Moderada,Actividad Moderada / Transicion,Cropland,351,Granos Básicos,2018-11-01,11,38.62556144122601,60.80882924120809,59.405339524113785
-89.46546239898709,14.196951526348988,2017-01-01,4.24068,14.155999755859398,-0.1332095613831515,-0.2993564098104018,1.307362784471218,0.2001928020565552,0.3002650815326532,0.1337076946425861,0.3086895585143658,Suelo Desnudo / Muy Seco,Vegetacion Escasa / Suelo,Clorofila Degradada / Estres Severo,Cropland,458,Granos Básicos,2017-01-01,1,58.97312452247216,62.92606975231961,63.060216169605354
-89.46546239898709,14.196951526348988,2017-02-01,4.566717,21.490014648437523,-0.0906370776711133,-0.0788344919390622,1.199341924869756,0.0726470588235294,0.1089625762811558,0.0400684443176957,0.0834818775995247,Baja Humedad / Estres,Suelo Desnudo / Agua / Nubes,Clorofila Degradada / Estres Severo,Cropland,458,Granos Básicos,2017-02-01,2,62.92606975231961,52.37005043880553,54.270142101598374
-89.46546239898709,14.196951526348988,2017-08-01,207.71613,,,,,,,,,Suelo Desnudo / Muy Seco,Suelo Desnudo / Agua / Nubes,Clorofila Degradada / Estres Severo,Cropland,458,Granos Básicos,2017-08-01,8,,59.24017622265517,52.90144329165673
-89.46546239898709,14.196951526348988,2017-11-01,15.504625,31.7919860839844,,,,,,,,Suelo Desnudo / Muy Seco,Suelo Desnudo / Agua / Nubes,Clorofila Degradada / Estres Severo,Cropland,458,Granos Básicos,2017-11-01,11,,45.63866130940081,44.29810146545673
-89.46546239898709,14.196951526348988,2017-12-01,6.4439306,4.193994140625023,-0.0930996714129244,-0.2913287585776669,1.2053140096618358,0.2041884816753926,0.3062604522649603,0.1493614658523042,0.3511749347258486,Baja Humedad / Estres,Vegetacion Escasa / Suelo,Clorofila Degradada / Estres Severo,Cropland,458,Granos Básicos,2017-12-01,12,45.63866130940081,72.75864521605038,70.38905341062964
-89.46546239898709,14.196951526348988,2018-02-01,4.2823014,38.5519958496094,,,,,,,,,,,Cropland,458,Granos Básicos,2018-02-01,2,,21.067024737708522,27.391570933720136
-89.46546239898709,14.196951526348988,2018-06-01,289.76352,11.170007324218773,0.2957564813620534,-0.5223518714956812,0.5434999004578936,0.5640666355285692,0.8460340935626994,0.4652858809801634,1.7403164211674849,Humedad Moderada,Vegetacion Moderada,Alta Actividad Fotosintetica,Cropland,458,Granos Básicos,2018-06-01,6,21.067024737708522,21.792709636026146,23.53280348485524
-89.46546239898709,14.196951526348988,2018-07-01,144.84879,4.761987304687523,0.2071682765632943,-0.452960073428178,0.656769846283428,0.4969267139479905,0.7453313371680719,0.3959435626102293,1.310948905109489,Humedad Moderada,Vegetacion Moderada,Actividad Moderada / Transicion,Cropland,458,Granos Básicos,2018-07-01,7,21.792709636026146,66.83022052347157,53.73532047084636
-89.46546239898709,14.196951526348988,2018-08-01,209.88135,24.766015625000023,-0.0979143448495462,-0.2741173825050595,1.2170843628662196,0.2349607672188317,0.3524027459954233,0.1577441765427053,0.3745754488112567,Baja Humedad / Estres,Vegetacion Escasa / Suelo,Clorofila Degradada / Estres Severo,Cropland,458,Granos Básicos,2018-08-01,8,66.83022052347157,35.320241647137394,62.66580684000162
-89.46546239898709,14.196951526348988,2018-09-01,260.73236,0.1060119628906477,-0.0170480724927046,-0.3372335979941496,1.0346875,0.3400335008375209,0.5099968596252487,0.2446518864255153,0.6477857878475799,Baja Humedad / Estres,Vegetacion Moderada,Actividad Moderada / Transicion,Cropland,458,Granos Básicos,2018-09-01,9,35.320241647137394,28.015629101952268,34.10134166450118
-89.46546239898709,14.196951526348988,2018-10-01,124.31176,18.007989501953148,0.2953280077463084,-0.546308336945528,0.5440104653335825,0.6274330900243309,0.9410780810461492,0.5026677899466442,2.0214568040655,Humedad Moderada,Vegetacion Densa / Sana,Alta Actividad Fotosintetica,Cropland,458,Granos Básicos,2018-10-01,10,28.015629101952268,36.69254792988307,39.355263508719766
-89.46546239898709,14.196951526348988,2018-11-01,39.207047,22.73800048828128,0.2474418604651163,-0.5208392401474341,0.6032811334824758,0.594293357111012,0.8913738019169328,0.4570148037484721,1.683341670835418,Humedad Moderada,Vegetacion Moderada,Alta Actividad Fotosintetica,Cropland,458,Granos Básicos,2018-11-01,11,36.69254792988307,65.66168551779536,60.05411326461203
-89.46546239898709,14.196951526348988,2018-12-01,6.03082,23.077996826171898,-0.1045318512184694,-0.3011337164155925,1.233468608259728,0.2032170041648714,0.3048036188698212,0.1407952069716775,0.3277337559429476,Suelo Desnudo / Muy Seco,Vegetacion Escasa / Suelo,Clorofila Degradada / Estres Severo,Cropland,458,Granos Básicos,2018-12-01,12,65.66168551779536,66.00307092019801,63.867452200397544
-89.46546239898709,14.196951526348988,2019-01-01,4.1799254,25.007989501953148,-0.0847355769230769,-0.2870422535211268,1.18516086671044,0.1728917982287254,0.2593210549958288,0.110597958191541,0.2487018311013937,Baja Humedad / Estres,Vegetacion Escasa / Suelo,Clorofila Degradada / Estres Severo,Cropland,458,Granos Básicos,2019-01-01,1,66.00307092019801,78.45904737855747,71.53352902330742
-89.46546239898709,14.196951526348988,2019-02-01,5.833497,38.10799560546877,-0.0750317104107717,-0.2838569880823402,1.1622362869198313,0.1729769858945805,0.2594494277760594,0.1067009105766985,0.2388917929952954,Baja Humedad / Estres,Vegetacion Escasa / Suelo,Clorofila Degradada / Estres Severo,Cropland,458,Granos Básicos,2019-02-01,2,78.45904737855747,59.3367012448724,56.518945400189644
-89.46546239898709,14.196951526348988,2019-03-01,9.42873,13.189996337890648,-0.1496895230545646,-0.2145687865635025,1.3520820385332504,0.142552813775963,0.2138102423005236,0.09511655606602,0.2102294095524632,Suelo Desnudo / Muy Seco,Vegetacion Escasa / Suelo,Clorofila Degradada / Estres Severo,Cropland,458,Granos Básicos,2019-03-01,3,59.3367012448724,94.81958259431596,77.92683493128885
-89.46546239898709,14.196951526348988,2019-07-01,171.68683,0.3219848632812727,,,,,,,,,,,Cropland,458,Granos Básicos,2019-07-01,7,,55.42848378289953,53.33235401962919
-89.46546239898709,14.196951526348988,2019-08-01,235.88348,25.387994384765648,0.0500123793018073,-0.3800846078750406,0.9047394482433389,0.3978246539222149,0.5966878141221059,0.2671048700328652,0.7289033836119039,Baja Humedad / Estres,Vegetacion Moderada,Actividad Moderada / Transicion,Cropland,458,Granos Básicos,2019-08-01,8,55.42848378289953,70.48016109961462,56.355404761979436
-89.46546239898709,14.196951526348988,2019-11-01,33.85162,1.5519958496093975,,,,,,,,,,,Cropland,458,Granos Básicos,2019-11-01,11,,65.18735160715286,63.46385682918984
-89.46536465348599,14.187918092570586,2019-01-01,4.1799254,25.007989501953148,-0.1462721893491124,-0.2763623496107572,1.34266703631827,0.1728174280604779,0.2592050719336747,0.1221029709130502,0.2781715095676824,Suelo Desnudo / Muy Seco,Vegetacion Escasa / Suelo,Clorofila Degradada / Estres Severo,Cropland,485,Granos Básicos,2019-01-01,1,71.0077302477251,82.81133023895298,79.1395021681015
-89.46536465348599,14.187918092570586,2019-02-01,5.833497,36.87398681640627,-0.1438881371222372,-0.2613390928725702,1.3361433087460484,0.1580231848688224,0.2370167009837565,0.1091307523739956,0.2449983601180714,Suelo Desnudo / Muy Seco,Vegetacion Escasa / Suelo,Clorofila Degradada / Estres Severo,Cropland,485,Granos Básicos,2019-02-01,2,82.81133023895298,57.56611668639265,59.04414021796076
-89.46536465348599,14.187918092570586,2019-03-01,9.42873,10.137994384765648,-0.1658615136876006,-0.2066555740432612,1.3976833976833978,0.1542256883654305,0.2313201241346383,0.1068376068376068,0.2392344497607654,Suelo Desnudo / Muy Seco,Vegetacion Escasa / Suelo,Clorofila Degradada / Estres Severo,Cropland,485,Granos Básicos,2019-03-01,3,57.56611668639265,96.99508002445333,88.40905540100869
-89.46536465348599,14.187918092570586,2019-07-01,171.68683,0.3219848632812727,,,,,,,,,,,Cropland,485,Granos Básicos,2019-07-01,7,,57.90539795835936,53.65732091726263
-89.46536465348599,14.187918092570586,2019-08-01,235.88348,26.100000000000023,0.0284083186081283,-0.3897869213813372,0.944752841660058,0.402929723715928,0.6043385556688606,0.2821555668530757,0.7861189801699717,Baja Humedad / Estres,Vegetacion Moderada,Actividad Moderada / Transicion,Cropland,485,Granos Básicos,2019-08-01,8,57.90539795835936,61.133008872025066,62.069495034349586
-89.46536465348599,14.187918092570586,2019-11-01,33.85162,1.5519958496093975,,,,,,,,,,,Cropland,485,Granos Básicos,2019-11-01,11,,67.84814048164849,63.77391503143782
-89.46160601971533,13.835608401294078,2019-01-01,5.9747667,19.700006103515648,0.0165760165760165,-0.3515840220385675,0.9673885350318472,0.2807962147169195,0.4211599641080022,0.1971938386457221,0.4912613981762919,Baja Humedad / Estres,Vegetacion Escasa / Suelo,Clorofila Degradada / Estres Severo,Cropland,518,Granos Básicos,2019-01-01,1,52.396781746979734,68.46454891810797,67.76514854556117
-89.46160601971533,13.835608401294078,2019-02-01,2.2972398,30.55001220703128,-0.0461024784897906,-0.3219434063000534,1.096661281637049,0.2404809619238476,0.3606913250396593,0.1719785421268539,0.4153963414634145,Baja Humedad / Estres,Vegetacion Escasa / Suelo,Clorofila Degradada / Estres Severo,Cropland,518,Granos Básicos,2019-02-01,2,68.46454891810797,58.376334298360156,52.21465786860208
-89.46160601971533,13.835608401294078,2019-03-01,3.3493867,17.890008544921898,-0.079449859794365,-0.3007547169811321,1.1726138671308384,0.2370357078772653,0.355521665021979,0.1728479074515141,0.4179350061703002,Baja Humedad / Estres,Vegetacion Escasa / Suelo,Clorofila Degradada / Estres Severo,Cropland,518,Granos Básicos,2019-03-01,3,58.376334298360156,76.66319238651202,72.9669247550209
-89.46160601971533,13.835608401294078,2019-07-01,146.07767,14.097985839843773,,,,,,,,,,,Cropland,518,Granos Básicos,2019-07-01,7,,38.59708076393032,46.419149964765566
-89.46160601971533,13.835608401294078,2019-08-01,284.64807,22.693994140625023,0.2234768907563025,-0.4687894073139975,0.6346855548400945,0.5203132648066568,0.780406232155967,0.4024683925346177,1.3471032745591938,Humedad Moderada,Vegetacion Moderada,Alta Actividad Fotosintetica,Cropland,518,Granos Básicos,2019-08-01,8,38.59708076393032,73.09879544460587,57.23949016992262
-89.46160601971533,13.835608401294078,2019-11-01,27.285126,0.5280090332031477,,,,,,,,,,,Cropland,518,Granos Básicos,2019-11-01,11,,60.60609115497392,61.63864975672089
-89.4610369914227,13.781405920233976,2017-01-01,0.0,14.155999755859398,0.1244769874476987,-0.3488080301129234,0.7786046511627907,0.3862024500322372,0.5792414311808316,0.274703557312253,0.7574931880108993,Humedad Moderada,Vegetacion Moderada,Actividad Moderada / Transicion,Cropland,458,Granos Básicos,2017-01-01,1,38.01595220924702,44.17014452130758,50.04658364652234
-89.4610369914227,13.781405920233976,2017-08-01,0.0,,,,,,,,,Suelo Desnudo / Muy Seco,Suelo Desnudo / Agua / Nubes,Clorofila Degradada / Estres Severo,Cropland,458,Granos Básicos,2017-08-01,8,,44.70902041843868,49.4094179864267
-89.4610369914227,13.781405920233976,2017-11-01,0.0,38.8699890136719,,,,,,,,Suelo Desnudo / Muy Seco,Suelo Desnudo / Agua / Nubes,Clorofila Degradada / Estres Severo,Cropland,458,Granos Básicos,2017-11-01,11,,52.178526193727116,46.028638075318355
-89.4610369914227,13.781405920233976,2017-12-01,0.0,12.278009033203148,-0.0730115100498196,-0.2109515260323159,1.1575240919199408,0.1439474242103031,0.2158982511923688,0.0963023161316538,0.2131294964028776,Baja Humedad / Estres,Vegetacion Escasa / Suelo,Clorofila Degradada / Estres Severo,Cropland,458,Granos Básicos,2017-12-01,12,52.178526193727116,57.64614749631567,60.91905018281502
-89.4610369914227,13.781405920233976,2019-01-01,0.0,20.365991210937523,-0.0396898652390622,-0.2219873150105708,1.0826605151864668,0.1621983914209115,0.2432704121523511,0.1274382314694408,0.2921013412816691,Baja Humedad / Estres,Vegetacion Escasa / Suelo,Clorofila Degradada / Estres Severo,Cropland,458,Granos Básicos,2019-01-01,1,57.64614749631567,61.57993596189119,62.87364449164533
-89.4610369914227,13.781405920233976,2019-02-01,0.0,32.13201293945315,0.0582174137042761,-0.3175112251443233,0.8899707887049659,0.3257314974182444,0.4885446918360762,0.2304313099041533,0.5988583290088221,Baja Humedad / Estres,Vegetacion Moderada,Actividad Moderada / Transicion,Cropland,458,Granos Básicos,2019-02-01,2,61.57993596189119,31.865752723536534,42.15481855454945
-89.4610369914227,13.781405920233976,2019-03-01,0.0,10.856011962890648,0.1590731580317625,-0.2752792896018333,0.7255166217430369,0.3006134969325153,0.4508543887834088,0.2569169960474308,0.6914893617021276,Humedad Moderada,Vegetacion Moderada,Actividad Moderada / Transicion,Cropland,458,Granos Básicos,2019-03-01,3,31.865752723536534,70.55124001779912,61.006027022216294
-89.4610369914227,13.781405920233976,2019-07-01,0.0,14.097985839843773,,,,,,,,,,,Cropland,458,Granos Básicos,2019-07-01,7,,53.47051845282008,51.66780357746618
-89.4610369914227,13.781405920233976,2019-08-01,0.0,24.219995117187523,0.0595665470017285,-0.0397286189575314,0.887564311707868,0.0518049231175344,0.0777048206684924,0.013029937074938,0.0264039155074704,Baja Humedad / Estres,Suelo Desnudo / Agua / Nubes,Clorofila Degradada / Estres Severo,Cropland,458,Granos Básicos,2019-08-01,8,53.47051845282008,64.35505221251236,59.64444016731532
-89.4610369914227,13.781405920233976,2019-11-01,0.0,0.5280090332031477,,,,,,,,,,,Cropland,458,Granos Básicos,2019-11-01,11,,52.93107354802862,55.86701553454671
-89.45727868907275,14.296414713315224,2017-01-01,3.3352723,14.155999755859398,-0.1065309802911245,-0.2808864265927978,1.238465974625144,0.1948320413436692,0.2922228920850917,0.1533089457931493,0.3621366849960723,Suelo Desnudo / Muy Seco,Vegetacion Escasa / Suelo,Clorofila Degradada / Estres Severo,Cropland,540,Granos Básicos,2017-01-01,1,56.803404668817834,63.17779771824215,63.8193661906442
-89.45727868907275,14.296414713315224,2017-02-01,4.0727177,21.490014648437523,-0.0937322906041029,-0.2978412595357896,1.2068534267133566,0.193610986714435,0.2903948055825061,0.1231914594746453,0.280999679589875,Baja Humedad / Estres,Vegetacion Escasa / Suelo,Clorofila Degradada / Estres Severo,Cropland,540,Granos Básicos,2017-02-01,2,63.17779771824215,53.887031234545816,56.46340207400803
-89.45727868907275,14.296414713315224,2017-08-01,190.432,,,,,,,,,Suelo Desnudo / Muy Seco,Suelo Desnudo / Agua / Nubes,Clorofila Degradada / Estres Severo,Cropland,540,Granos Básicos,2017-08-01,8,,52.58221706803216,52.12017955801808
-89.45727868907275,14.296414713315224,2017-11-01,13.886203,38.43599853515627,,,,,,,,Suelo Desnudo / Muy Seco,Suelo Desnudo / Agua / Nubes,Clorofila Degradada / Estres Severo,Cropland,540,Granos Básicos,2017-11-01,11,,46.84960469967267,45.42327295525345
-89.45727868907275,14.296414713315224,2017-12-01,3.8920686,10.951989746093773,-0.0239730465206686,-0.3423632151131706,1.049123738714817,0.2746657640886782,0.41196378712243,0.1985996180776575,0.4956314535345512,Baja Humedad / Estres,Vegetacion Escasa / Suelo,Clorofila Degradada / Estres Severo,Cropland,540,Granos Básicos,2017-12-01,12,46.84960469967267,61.07553547958793,61.426173131937915
-89.45727868907275,14.296414713315224,2019-01-01,3.6580546,23.365991210937523,-0.0445607911576498,-0.3446864254134599,1.0932781295664882,0.2461305007587253,0.3691677414460207,0.1704675028506271,0.4109965635738832,Baja Humedad / Estres,Vegetacion Escasa / Suelo,Clorofila Degradada / Estres Severo,Cropland,540,Granos Básicos,2019-01-01,1,61.07553547958793,69.0296998234372,67.63566033798287
-89.45727868907275,14.296414713315224,2019-02-01,5.440234,27.674005126953148,-0.0888063660477453,-0.3194039022891381,1.1949231485794132,0.2006151265203411,0.3009016565317677,0.1282186022070415,0.2941531042796865,Baja Humedad / Estres,Vegetacion Escasa / Suelo,Clorofila Degradada / Estres Severo,Cropland,540,Granos Básicos,2019-02-01,2,69.0296998234372,58.56308524108087,58.95429798069062
-89.45727868907275,14.296414713315224,2019-03-01,10.845707,14.476007080078148,-0.1241894041355683,-0.2729859505601992,1.2835987706063146,0.2064722737232428,0.3096823122945984,0.1450967845144777,0.3394461077844311,Suelo Desnudo / Muy Seco,Vegetacion Escasa / Suelo,Clorofila Degradada / Estres Severo,Cropland,540,Granos Básicos,2019-03-01,3,58.56308524108087,78.209190164752,73.52697643465231
-89.45727868907275,14.296414713315224,2019-07-01,148.88432,0.3219848632812727,,,,,,,,,,,Cropland,540,Granos Básicos,2019-07-01,7,,49.17904131414063,47.96211174132638
-89.45727868907275,14.296414713315224,2019-08-01,212.91461,20.070001220703148,0.0607407407407407,-0.401672895533013,0.8854748603351955,0.370692655760529,0.5559906029757243,0.2858775510204082,0.8006401463191586,Baja Humedad / Estres,Vegetacion Moderada,Actividad Moderada / Transicion,Cropland,540,Granos Básicos,2019-08-01,8,49.17904131414063,68.60509157957347,58.336427727171156
-89.45727868907275,14.296414713315224,2019-11-01,26.822895,1.5519958496093975,,,,,,,,,,,Cropland,540,Granos Básicos,2019-11-01,11,,61.19288174215277,61.8551782248979
-89.45727868907275,14.296414713315224,2024-08-01,228.35782,1.1199890136718975,,,,,,,,,,,Cropland,540,Granos Básicos,2024-08-01,8,,27.094489557225355,31.9932126511317
-89.45727868907275,14.296414713315224,2024-10-01,69.557434,0.7319885253906477,,,,,,,,,,,Cropland,540,Granos Básicos,2024-10-01,10,,37.35248725148052,39.63165493017394
-89.45727868907275,14.296414713315224,2024-11-01,69.174835,2.283990478515648,-0.0149593959253454,-0.3144486692015209,1.0303731559155338,0.2742351640250645,0.4113148438219847,0.1957800069180214,0.4868817204301074,Baja Humedad / Estres,Vegetacion Escasa / Suelo,Clorofila Degradada / Estres Severo,Cropland,540,Granos Básicos,2024-11-01,11,37.35248725148052,59.29178928645631,57.12289421645366
-89.45727868907275,14.296414713315224,2025-08-01,255.07857,0.5219970703125227,,,,,,,,,,,Cropland,540,Granos Básicos,2025-08-01,8,,48.9907754483764,42.225392105059484
-89.45727868907275,14.296414713315224,2025-09-01,396.359,23.350000000000023,0.103832974739023,-0.1088696765930195,0.811868322263933,0.1481143804392872,0.2221623637644523,0.1071856766045879,0.240107430617726,Humedad Moderada,Vegetacion Escasa / Suelo,Clorofila Degradada / Estres Severo,Cropland,540,Granos Básicos,2025-09-01,9,48.9907754483764,25.920148898335395,28.321096404310257
-89.45727868907275,14.296414713315224,2025-10-01,167.14966,1.5440002441406475,0.1164114378642092,-0.3859353970390309,0.7914542364651614,0.3889731917046029,0.5834106044002361,0.3170263788968825,0.928370786516854,Humedad Moderada,Vegetacion Moderada,Actividad Moderada / Transicion,Cropland,540,Granos Básicos,2025-10-01,10,25.920148898335395,39.90047858840943,44.67466972705396
-89.45727868907275,14.296414713315224,2025-11-01,19.137428,16.132012939453148,0.1258711420850519,-0.4047914818101153,0.7764022233451238,0.4118066702336365,0.6176549264378065,0.2981305346015087,0.8495327102803738,Humedad Moderada,Vegetacion Moderada,Actividad Moderada / Transicion,Cropland,540,Granos Básicos,2025-11-01,11,39.90047858840943,54.98977279273096,55.843978272673304
-89.41659863757985,13.953510272743271,2016-05-01,103.186195,23.1459899902344,,,,,,,,,,,Cropland,603,Granos Básicos,2016-05-01,5,,34.63565552336328,48.99758890235427
-89.40150480782854,14.278915022221492,2018-02-01,3.1951396,37.30999145507815,,,,,,,,,,,Cropland,565,Granos Básicos,2018-02-01,2,,30.332417222929166,29.71987847160434
-89.40150480782854,14.278915022221492,2018-06-01,264.54254,11.170007324218773,0.1818304718128971,-0.4447198810114031,0.6922900938000458,0.4816949152542373,0.7224811456656215,0.3608343711083437,1.129079396005845,Humedad Moderada,Vegetacion Moderada,Actividad Moderada / Transicion,Cropland,565,Granos Básicos,2018-06-01,6,30.332417222929166,38.69542136608069,34.53668417290379
-89.40150480782854,14.278915022221492,2018-07-01,121.43104,16.663995361328148,0.147302032235459,-0.3997948016415868,0.7432201319325678,0.4353848851481676,0.653020075392303,0.3173479240424847,0.9297501178689298,Humedad Moderada,Vegetacion Moderada,Actividad Moderada / Transicion,Cropland,565,Granos Básicos,2018-07-01,7,38.69542136608069,46.8155688268291,46.133011198411396
-89.40150480782854,14.278915022221492,2018-08-01,191.43854,23.597985839843773,0.1336620104081073,-0.420871953312736,0.7641942498187968,0.4711213790652213,0.7066192803198579,0.334085414987913,1.0033881897386254,Humedad Moderada,Vegetacion Moderada,Actividad Moderada / Transicion,Cropland,565,Granos Básicos,2018-08-01,8,46.8155688268291,24.989624101620343,37.601829454192455
-89.40150480782854,14.278915022221492,2018-09-01,250.64574,0.1060119628906477,0.1099757999462221,-0.4045593739367131,0.8018410852713178,0.4350773509473318,0.6525593117232988,0.2914124824026278,0.8225165562913908,Humedad Moderada,Vegetacion Moderada,Actividad Moderada / Transicion,Cropland,565,Granos Básicos,2018-09-01,9,24.989624101620343,41.43105509831615,38.41143182968622
-89.40150480782854,14.278915022221492,2018-10-01,105.01131,21.264001464843773,0.1708528843499862,-0.4453151618398637,0.7081565299387081,0.5101459594161624,0.7651508409717898,0.3624538300947487,1.1370277078085644,Humedad Moderada,Vegetacion Moderada,Actividad Moderada / Transicion,Cropland,565,Granos Básicos,2018-10-01,10,41.43105509831615,50.38661048162745,41.49721099145907
-89.40150480782854,14.278915022221492,2018-11-01,32.86621,22.42598876953128,0.0751825568240255,-0.1925621720282911,0.8601492251769658,0.2117769792511881,0.3176470588235294,0.1306510923642656,0.300572281662105,Baja Humedad / Estres,Vegetacion Escasa / Suelo,Clorofila Degradada / Estres Severo,Cropland,565,Granos Básicos,2018-11-01,11,50.38661048162745,53.872746841105226,55.88444742137579
-89.40150480782854,14.278915022221492,2018-12-01,3.351399,13.076013183593773,-0.0839225330464187,-0.2688950393868426,1.183221476510067,0.2121212121212121,0.3181494661921708,0.1494696239151398,0.3514739229024943,Baja Humedad / Estres,Vegetacion Escasa / Suelo,Clorofila Degradada / Estres Severo,Cropland,565,Granos Básicos,2018-12-01,12,53.872746841105226,66.18107777103516,66.20021412545347
-89.40150480782854,14.278915022221492,2019-01-01,4.4849257,22.5939880371094,-0.1169354838709677,-0.2609500308451573,1.264840182648402,0.1682225185749666,0.2523097437851224,0.1149090909090909,0.2596548890714873,Suelo Desnudo / Muy Seco,Vegetacion Escasa / Suelo,Clorofila Degradada / Estres Severo,Cropland,565,Granos Básicos,2019-01-01,1,66.18107777103516,80.11896557885959,65.32214488350134
-89.40150480782854,14.278915022221492,2019-02-01,4.365653,36.29000244140627,-0.1180433509080257,-0.2350287120590648,1.2676851544337429,0.149236641221374,0.2238336036637725,0.1031324418391646,0.229983660130719,Suelo Desnudo / Muy Seco,Vegetacion Escasa / Suelo,Clorofila Degradada / Estres Severo,Cropland,565,Granos Básicos,2019-02-01,2,80.11896557885959,48.558748281009656,52.18428611673485
-89.40150480782854,14.278915022221492,2019-03-01,7.7614503,15.950006103515648,0.0171475010158472,-0.1151104775481111,0.9662831575583254,0.106631299734748,0.159939878873613,0.0506169730546461,0.106631299734748,Baja Humedad / Estres,Vegetacion Escasa / Suelo,Clorofila Degradada / Estres Severo,Cropland,565,Granos Básicos,2019-03-01,3,48.558748281009656,83.19661135555691,74.66288629195323
-89.40150480782854,14.278915022221492,2019-07-01,153.26463,0.3219848632812727,,,,,,,,,,,Cropland,565,Granos Básicos,2019-07-01,7,,46.48496095473751,44.85477861403251
-89.40150480782854,14.278915022221492,2019-08-01,220.65436,23.174005126953148,0.1324561403508772,-0.4052975326560232,0.7660728117738187,0.4473094170403587,0.670901447921532,0.3410664819944598,1.0352075669994747,Humedad Moderada,Vegetacion Moderada,Actividad Moderada / Transicion,Cropland,565,Granos Básicos,2019-08-01,8,46.48496095473751,67.11137829650427,54.840060930271875
-89.40150480782854,14.278915022221492,2019-11-01,24.941034,0.8160034179687727,,,,,,,,,,,Cropland,565,Granos Básicos,2019-11-01,11,,62.855954211183814,61.932519744991595
-89.71372645784373,14.04973846584179,2023-08-01,0.0,0.4079833984375227,,,,,,,,,,,Cropland,662,Caña de Azúcar,2023-08-01,8,,22.679592203015595,20.221176147791763
-89.71372645784373,14.04973846584179,2023-09-01,0.0,0.1780029296875227,0.139274639342052,-0.430506179109531,0.7555029585798817,0.4353660608119585,0.6529936305732484,0.3548180214846881,1.0999005964214712,Humedad Moderada,Vegetacion Moderada,Actividad Moderada / Transicion,Cropland,662,Caña de Azúcar,2023-09-01,9,22.679592203015595,21.04623557218626,24.3500250291272
-89.71372645784373,14.04973846584179,2023-10-01,0.0,1.1100097656250227,0.1709449929478138,-0.3672595520421607,0.7080221633341364,0.3862080480881616,0.5792637114951165,0.3100836357898059,0.8989021043000915,Humedad Moderada,Vegetacion Moderada,Actividad Moderada / Transicion,Cropland,662,Caña de Azúcar,2023-10-01,10,21.04623557218626,9.326730367729498,26.253656754528617
-89.71372645784373,14.04973846584179,2023-11-01,0.0,0.2740112304687727,0.3046532045654082,-0.5330876934414149,0.5329744279946165,0.5910064239828694,0.8864418444597385,0.4866371301986565,1.895879732739421,Humedad Alta / Bosque,Vegetacion Moderada,Alta Actividad Fotosintetica,Cropland,662,Caña de Azúcar,2023-11-01,11,9.326730367729498,38.333798640089036,35.030795096741734
-89.71362003825764,14.040706702556268,2021-05-01,0.0,23.688012695312523,,,,,,,,,,,Cropland,623,Caña de Azúcar,2021-05-01,5,,50.14086834682831,37.94211659575013
-89.71362003825764,14.040706702556268,2021-07-01,0.0,0.4859863281250227,,,,,,,,,,,Cropland,623,Caña de Azúcar,2021-07-01,7,,14.285576450338745,17.169320705123194
-89.71362003825764,14.040706702556268,2021-08-01,0.0,0.4779907226562727,0.2462158033606443,-0.4899551718412751,0.6048584800534879,0.5363807567197397,0.8045022682530172,0.4258023514458214,1.4831211953514112,Humedad Moderada,Vegetacion Moderada,Alta Actividad Fotosintetica,Cropland,623,Caña de Azúcar,2021-08-01,8,14.285576450338745,18.938752344148504,23.35022257547855
-89.71362003825764,14.040706702556268,2021-09-01,0.0,0.2759948730468977,0.1864897466827503,-0.4369612856099342,0.6856445709638064,0.4578331110123018,0.6866987773249352,0.3195599678025221,0.9392744479495267,Humedad Moderada,Vegetacion Moderada,Actividad Moderada / Transicion,Cropland,623,Caña de Azúcar,2021-09-01,9,18.938752344148504,46.19217247583383,35.34388857219099
-89.71362003825764,14.040706702556268,2021-10-01,0.0,17.696008300781273,0.0679531071687934,-0.1748459255877653,0.8727414027588887,0.194061013803503,0.2910746389839355,0.1357016769638128,0.3140158284401326,Baja Humedad / Estres,Vegetacion Escasa / Suelo,Clorofila Degradada / Estres Severo,Cropland,623,Caña de Azúcar,2021-10-01,10,46.19217247583383,50.43581557440886,47.21722396023841
-89.71362003825764,14.040706702556268,2021-11-01,0.0,17.364007568359398,0.011646373742721,-0.3623240064159686,0.9769754055468342,0.3208916537065837,0.4812958963282937,0.2356935014548981,0.616751269035533,Baja Humedad / Estres,Vegetacion Moderada,Actividad Moderada / Transicion,Cropland,623,Caña de Azúcar,2021-11-01,11,50.43581557440886,53.16796318859313,48.522266662321506
-89.71362003825764,14.040706702556268,2023-08-01,0.0,2.1459899902343977,,,,,,,,,,,Cropland,623,Caña de Azúcar,2023-08-01,8,,13.23313374255858,19.485399025519516
-89.71362003825764,14.040706702556268,2023-09-01,0.0,0.1780029296875227,0.2554270115689588,-0.5199874095058231,0.5930834541312902,0.5676026619055348,0.8513349022153697,0.4553948161543098,1.6723851687880464,Humedad Moderada,Vegetacion Moderada,Alta Actividad Fotosintetica,Cropland,623,Caña de Azúcar,2023-09-01,9,13.23313374255858,18.95203486208307,23.18115108000284
-89.71362003825764,14.040706702556268,2023-10-01,0.0,1.1100097656250227,0.1966950008916364,0.0090569009647568,0.6712696205046692,0.0031891568666533,0.0047836161148067,-0.0353155397958694,-0.0682217902434508,Humedad Moderada,Suelo Desnudo / Agua / Nubes,Clorofila Degradada / Estres Severo,Cropland,623,Caña de Azúcar,2023-10-01,10,18.95203486208307,35.72727332206547,34.2894339610425
-89.71362003825764,14.040706702556268,2023-11-01,0.0,0.2740112304687727,-0.0199642915111183,-0.2615963226076055,1.0407419675389202,0.1710628394103956,0.256569378454378,0.1356027835245439,0.313751087902524,Baja Humedad / Estres,Vegetacion Escasa / Suelo,Clorofila Degradada / Estres Severo,Cropland,623,Caña de Azúcar,2023-11-01,11,35.72727332206547,53.15310587554758,48.50331801072957
-89.7041568753695,14.022746696407603,2020-06-01,0.0,3.132012939453148,,,,,,,,,,,Cropland,660,Caña de Azúcar,2020-06-01,6,,29.09634499986818,26.80212477927283
-89.7041568753695,14.022746696407603,2020-07-01,0.0,6.040002441406273,0.1332522056586553,-0.386046511627907,0.7648322147651007,0.417697431018078,0.626486537912663,0.3031310127689348,0.8699799196787148,Humedad Moderada,Vegetacion Moderada,Actividad Moderada / Transicion,Cropland,660,Caña de Azúcar,2020-07-01,7,29.09634499986818,26.52215083936135,40.79746170743343
-89.7041568753695,14.022746696407603,2020-08-01,0.0,5.886010742187523,0.16298970450595,-0.3676100628930817,0.7197056794665441,0.3721407162012936,0.558167047874438,0.2594845062264697,0.7008212749315603,Humedad Moderada,Vegetacion Moderada,Actividad Moderada / Transicion,Cropland,660,Caña de Azúcar,2020-08-01,8,26.52215083936135,31.96895995864974,43.08774334567302
-89.7041568753695,14.022746696407603,2020-09-01,0.0,22.339990234375023,0.3005743458838545,-0.4963289280469897,0.5377821393523062,0.5500456343170064,0.8250057038558065,0.4476488137519534,1.6208847736625516,Humedad Alta / Bosque,Vegetacion Moderada,Alta Actividad Fotosintetica,Cropland,660,Caña de Azúcar,2020-09-01,9,31.96895995864974,6.224572992947492,15.096993165198917
-89.7041568753695,14.022746696407603,2020-10-01,0.0,0.3980041503906477,0.3443384059840083,-0.522418577479188,0.487720644666155,0.589993898718731,0.8849233584991993,0.4729405115161791,1.7946380697050937,Humedad Alta / Bosque,Vegetacion Moderada,Alta Actividad Fotosintetica,Cropland,660,Caña de Azúcar,2020-10-01,10,6.224572992947492,26.34632278421467,28.383039501590194
-89.7041568753695,14.022746696407603,2020-11-01,0.0,21.711999511718773,0.3619022733211393,-0.5465875370919882,0.4685341519570222,0.6054212228553827,0.908061908061908,0.5041847041847042,2.0337601862630965,Humedad Alta / Bosque,Vegetacion Densa / Sana,Alta Actividad Fotosintetica,Cropland,660,Caña de Azúcar,2020-11-01,11,26.34632278421467,23.858589053767798,25.193986828482817
-89.69490625039145,14.0228498867913,2022-06-01,353.55762,1.7799926757812727,,,,,,,,,,,Cropland,699,Caña de Azúcar,2022-06-01,6,,33.68562435672302,29.298942027299127
-89.69490625039145,14.0228498867913,2022-08-01,286.31512,,,,,,,,,,,,Cropland,699,Caña de Azúcar,2022-08-01,8,,33.83544281814774,36.2122349345311
-89.69490625039145,14.0228498867913,2022-09-01,242.02899,0.9900146484375228,0.0121988411100945,-0.3160190325138778,0.9758963543235916,0.2911884847305971,0.4367402508995429,0.1928122192273135,0.4777382012466606,Baja Humedad / Estres,Vegetacion Escasa / Suelo,Clorofila Degradada / Estres Severo,Cropland,699,Caña de Azúcar,2022-09-01,9,33.83544281814774,19.80322179277104,25.306417041017042
-89.69490625039145,14.0228498867913,2022-10-01,128.65678,8.316003417968773,0.2758147084529904,-0.5365413533834587,0.5676257584654532,0.5980606818892712,0.8970208773164438,0.4473087818696883,1.618657098923629,Humedad Moderada,Vegetacion Moderada,Alta Actividad Fotosintetica,Cropland,699,Caña de Azúcar,2022-10-01,10,19.80322179277104,58.37708768121404,50.142774655433406
-89.69490625039145,14.0228498867913,2022-11-01,106.70413,19.428002929687523,-0.0603385906525828,-0.2811205365949891,1.12842623960579,0.1807272727272727,0.2710662667030269,0.0912451688791799,0.2008136094674555,Baja Humedad / Estres,Vegetacion Escasa / Suelo,Clorofila Degradada / Estres Severo,Cropland,699,Caña de Azúcar,2022-11-01,11,58.37708768121404,37.35391543818405,43.832858493490164
-89.69490625039145,14.0228498867913,2023-08-01,201.93939,0.3200012207031477,,,,,,,,,,,Cropland,699,Caña de Azúcar,2023-08-01,8,,19.023655833785266,19.028328889487238
-89.69490625039145,14.0228498867913,2023-09-01,283.43753,0.1780029296875227,0.1842275371687136,-0.4945341817588514,0.6888646288209607,0.551753345756395,0.827559922080122,0.3887204366282595,1.2718253968253967,Humedad Moderada,Vegetacion Moderada,Actividad Moderada / Transicion,Cropland,699,Caña de Azúcar,2023-09-01,9,19.023655833785266,14.124399846874573,18.495895048468853
-89.69490625039145,14.0228498867913,2023-10-01,244.1076,1.1100097656250227,0.2560549463790818,-0.5331666421532578,0.5922870299309286,0.5924228536510846,0.8885664095318109,0.4467730742539902,1.6151530356246866,Humedad Moderada,Vegetacion Moderada,Alta Actividad Fotosintetica,Cropland,699,Caña de Azúcar,2023-10-01,10,14.124399846874573,36.63662600402775,38.709771603463125
-89.69490625039145,14.0228498867913,2023-11-01,37.13315,0.2740112304687727,-0.031145568774228,-0.3173391494002181,1.0642935982339956,0.2460030943785456,0.3689729265148259,0.1587529976019184,0.3774230330672747,Baja Humedad / Estres,Vegetacion Escasa / Suelo,Clorofila Degradada / Estres Severo,Cropland,699,Caña de Azúcar,2023-11-01,11,36.63662600402775,49.54206454869335,48.305391060816454
-89.67619535137403,14.004991078772605,2020-06-01,248.09946,3.132012939453148,,,,,,,,,,,Cropland,701,Caña de Azúcar,2020-06-01,6,,20.578536253110244,23.894105598155758
-89.67619535137403,14.004991078772605,2020-07-01,265.51163,1.7440124511718975,0.1845777585958855,-0.4216160220994475,0.6883653145494292,0.4586359610274579,0.6878930121335577,0.3591944536150545,1.12107161257084,Humedad Moderada,Vegetacion Moderada,Actividad Moderada / Transicion,Cropland,701,Caña de Azúcar,2020-07-01,7,20.578536253110244,19.87263316227195,23.468402335828927
-89.67619535137403,14.004991078772605,2020-08-01,215.75554,4.376000976562523,0.2259786476868327,-0.4037351443123939,0.6313497822931785,0.4123676118893065,0.6184985908275685,0.3167701863354037,0.9272727272727272,Humedad Moderada,Vegetacion Moderada,Actividad Moderada / Transicion,Cropland,701,Caña de Azúcar,2020-08-01,8,19.87263316227195,47.012317754534564,46.56108469279844
-89.67619535137403,14.004991078772605,2020-09-01,205.45842,21.797998046875023,0.1088651458273173,-0.2445308701993194,0.8036458333333333,0.2862167141182381,0.4292891233358452,0.2115475627070515,0.5366146458583434,Humedad Moderada,Vegetacion Escasa / Suelo,Actividad Moderada / Transicion,Cropland,701,Caña de Azúcar,2020-09-01,9,47.012317754534564,5.465716000986642,11.684029578818773
-89.67619535137403,14.004991078772605,2020-10-01,278.74463,0.3980041503906477,0.3536692086510813,-0.5270060640248202,0.4774658293313631,0.5907154399882474,0.8860080793242748,0.4796392456955452,1.8434873949579835,Humedad Alta / Bosque,Vegetacion Moderada,Alta Actividad Fotosintetica,Cropland,701,Caña de Azúcar,2020-10-01,10,5.465716000986642,27.997082270396966,27.63964298393705
-89.67619535137403,14.004991078772605,2020-11-01,174.56163,20.984002685546898,0.3325542137384755,-0.5302713987473904,0.5008770220229974,0.5924891371818746,0.8886647528900613,0.4844495877332562,1.8793490460157125,Humedad Alta / Bosque,Vegetacion Moderada,Alta Actividad Fotosintetica,Cropland,701,Caña de Azúcar,2020-11-01,11,27.997082270396966,18.27121019338163,23.12518887253407
-89.66694522438382,14.005093074518554,2020-06-01,248.09946,0.9120117187500228,,,,,,,,,,,Cropland,686,Caña de Azúcar,2020-06-01,6,,23.796747574770468,28.54202634987452
-89.66694522438382,14.005093074518554,2020-07-01,265.51163,0.0519958496093977,0.1239717130899119,-0.4108695652173913,0.7794042116076014,0.4250686184812443,0.6375445979324856,0.3058350100603622,0.8811594202898552,Humedad Moderada,Vegetacion Moderada,Actividad Moderada / Transicion,Cropland,686,Caña de Azúcar,2020-07-01,7,23.796747574770468,21.956566054870137,24.138294924042373
-89.66694522438382,14.005093074518554,2020-08-01,215.75554,4.218011474609398,0.1983907467940658,-0.4044496832179166,0.6689047419219472,0.4368405185408501,0.6552113949807823,0.3198559955690944,0.9405537459283388,Humedad Moderada,Vegetacion Moderada,Actividad Moderada / Transicion,Cropland,686,Caña de Azúcar,2020-08-01,8,21.956566054870137,49.75599145746544,48.248734101240096
-89.66694522438382,14.005093074518554,2020-09-01,205.45842,22.607995605468773,0.0851992938771717,-0.0784856879039704,0.8429794520547945,0.0901624043307821,0.1352372952540949,0.0395158419366322,0.0822831727205337,Baja Humedad / Estres,Suelo Desnudo / Agua / Nubes,Clorofila Degradada / Estres Severo,Cropland,686,Caña de Azúcar,2020-09-01,9,49.75599145746544,17.12347980600533,14.177168150600705
-89.66694522438382,14.005093074518554,2020-10-01,278.74463,0.3980041503906477,0.210326925775221,-0.4534119629317607,0.6524460932065848,0.5054101221640489,0.7580490358607452,0.3650894128817851,1.1500498504486538,Humedad Moderada,Vegetacion Moderada,Actividad Moderada / Transicion,Cropland,686,Caña de Azúcar,2020-10-01,10,17.12347980600533,36.89240123589122,37.29563312299174
-89.66694522438382,14.005093074518554,2020-11-01,174.56163,21.566003417968773,0.2304140816620978,-0.4916914465628826,0.6254690431519699,0.5288633918967371,0.7932239849421887,0.4000985059924479,1.3338806787082649,Humedad Moderada,Vegetacion Moderada,Alta Actividad Fotosintetica,Cropland,686,Caña de Azúcar,2020-11-01,11,36.89240123589122,28.29284956573136,34.22758031377455
-89.65727994640582,13.96906582050186,2020-06-01,262.12402,0.9120117187500228,,,,,,,,,,,Cropland,758,Caña de Azúcar,2020-06-01,6,,4.747575998756064,15.023396352210774
-89.65727994640582,13.96906582050186,2020-07-01,261.60413,2.1559997558593977,0.3843549752146052,-0.6007269677058577,0.4447161572052401,0.6527136258660509,0.9789997835029228,0.5684931506849316,2.634920634920635,Humedad Alta / Bosque,Vegetacion Densa / Sana,Alta Actividad Fotosintetica,Cropland,758,Caña de Azúcar,2020-07-01,7,4.747575998756064,16.14075167557301,19.025111900777983
-89.65727994640582,13.96906582050186,2020-08-01,249.23709,5.137994384765648,0.2813385508028606,-0.4141474311243485,0.5608677337826453,0.448444173276388,0.6726149622512011,0.3631926500143554,1.140667267808837,Humedad Moderada,Vegetacion Moderada,Actividad Moderada / Transicion,Cropland,758,Caña de Azúcar,2020-08-01,8,16.14075167557301,49.08648074717742,46.89068621758527
-89.65727994640582,13.96906582050186,2020-09-01,210.17044,20.615991210937523,0.0686666666666666,-0.263448275862069,0.8714909544603868,0.2579948989601726,0.3869543894065718,0.1920431306934374,0.4753796594569719,Baja Humedad / Estres,Vegetacion Escasa / Suelo,Clorofila Degradada / Estres Severo,Cropland,758,Caña de Azúcar,2020-09-01,9,49.08648074717742,30.833793088430006,31.308934122771962
-89.65727994640582,13.96906582050186,2020-10-01,249.66565,0.3980041503906477,0.0417467728645976,-0.3772694262890341,0.9198523596098076,0.384811975173421,0.5771652824678288,0.2683497742852366,0.7335466179159049,Baja Humedad / Estres,Vegetacion Moderada,Actividad Moderada / Transicion,Cropland,758,Caña de Azúcar,2020-10-01,10,30.833793088430006,49.567125275737034,40.53076461457161
-89.65727994640582,13.96906582050186,2020-11-01,143.50464,20.744012451171898,0.0643483023001095,-0.411657889958235,0.8790841265757654,0.4129407488186114,0.6193548387096774,0.2860215053763441,0.8012048192771084,Baja Humedad / Estres,Vegetacion Moderada,Actividad Moderada / Transicion,Cropland,758,Caña de Azúcar,2020-11-01,11,49.567125275737034,43.217618135898576,43.79185831902029
-89.65727994640582,13.96906582050186,2022-06-01,352.24243,1.6639953613281475,,,,,,,,,,,Cropland,758,Caña de Azúcar,2022-06-01,6,,17.335195144331752,20.871591229922323
-89.65727994640582,13.96906582050186,2022-08-01,296.98312,,,,,,,,,,,,Cropland,758,Caña de Azúcar,2022-08-01,8,,36.92183941927535,36.55982080555261
-89.65727994640582,13.96906582050186,2022-09-01,239.6686,0.9900146484375228,-0.0257510729613733,-0.2755565161011454,1.052863436123348,0.2347280334728033,0.3520552243489174,0.176400239186765,0.4283639883833494,Baja Humedad / Estres,Vegetacion Escasa / Suelo,Clorofila Degradada / Estres Severo,Cropland,758,Caña de Azúcar,2022-09-01,9,36.92183941927535,27.101316719168665,28.436073456899894
-89.65727994640582,13.96906582050186,2022-10-01,120.92201,4.196008300781273,0.1348580441640378,-0.3489571127255683,0.7623349548297429,0.3910101498308361,0.5864443638999638,0.2819599109131403,0.7853598014888337,Humedad Moderada,Vegetacion Moderada,Actividad Moderada / Transicion,Cropland,758,Caña de Azúcar,2022-10-01,10,27.101316719168665,46.130838499007865,44.89143228731803
-89.65727994640582,13.96906582050186,2022-11-01,83.24184,18.533990478515648,0.0791251574487575,-0.348211731044349,0.8533531409168081,0.3683751996515173,0.5525226860254083,0.2610731968419644,0.7066280333212605,Baja Humedad / Estres,Vegetacion Moderada,Actividad Moderada / Transicion,Cropland,758,Caña de Azúcar,2022-11-01,11,46.130838499007865,38.626525714632564,43.03211565710142
-89.65011106944756,14.149811488243994,2020-06-01,235.23087,3.132012939453148,,,,,,,,,,,Cropland,959,Caña de Azúcar,2020-06-01,6,,34.545971842014175,28.236177518314385
-89.65011106944756,14.149811488243994,2020-07-01,272.74005,19.357995605468773,0.2318152385063673,-0.4650237453471955,0.6236201156474505,0.5218666666666667,0.7827478168122125,0.3730301936725611,1.1899462778204146,Humedad Moderada,Vegetacion Moderada,Actividad Moderada / Transicion,Cropland,959,Caña de Azúcar,2020-07-01,7,34.545971842014175,24.17550930654983,28.877197017413874
-89.65011106944756,14.149811488243994,2020-08-01,200.67154,9.118005371093773,0.2320242395991143,-0.4763301214914118,0.6233446840711313,0.5346204093482363,0.8018724145438711,0.3843132119942385,1.2484049340706085,Humedad Moderada,Vegetacion Moderada,Actividad Moderada / Transicion,Cropland,959,Caña de Azúcar,2020-08-01,8,24.17550930654983,32.598693217100994,37.646028477720414
-89.65011106944756,14.149811488243994,2020-09-01,233.52435,17.808007812500023,0.2364890762744346,-0.4829911124731841,0.6174829510229386,0.5492236273411237,0.8237695078031213,0.3804022250748823,1.227900552486188,Humedad Moderada,Vegetacion Moderada,Actividad Moderada / Transicion,Cropland,959,Caña de Azúcar,2020-09-01,9,32.598693217100994,12.715827438678723,39.93574781079799
-89.65011106944756,14.149811488243994,2020-10-01,256.83618,0.3980041503906477,0.2645228215767635,-0.511937984496124,0.5816242821985234,0.5749354005167958,0.8623334679047235,0.4145633884537278,1.4162537165510405,Humedad Moderada,Vegetacion Moderada,Alta Actividad Fotosintetica,Cropland,959,Caña de Azúcar,2020-10-01,10,12.715827438678723,55.383565939315346,47.2411008304915
-89.65011106944756,14.149811488243994,2020-11-01,189.2058,21.4999938964844,0.0022285896211397,-0.3615916955017301,0.9955527318932657,0.3327688399661304,0.49910043390835,0.2576907710747103,0.6942949407965555,Baja Humedad / Estres,Vegetacion Moderada,Actividad Moderada / Transicion,Cropland,959,Caña de Azúcar,2020-11-01,11,55.383565939315346,58.07162020307723,52.533886649176786
-89.64958831834464,14.104650607614596,2020-06-01,233.51929,3.132012939453148,,,,,,,,,,,Cropland,679,Caña de Azúcar,2020-06-01,6,,28.51469389065947,28.852003555155324
-89.64958831834464,14.104650607614596,2020-07-01,280.18256,21.357995605468773,0.3308392567651826,-0.5728813559322034,0.5028110944527736,0.6231178707224334,0.934605733404304,0.5217453301012406,2.181872391174717,Humedad Alta / Bosque,Vegetacion Densa / Sana,Alta Actividad Fotosintetica,Cropland,679,Caña de Azúcar,2020-07-01,7,28.51469389065947,22.013485498458778,27.02485225700574
-89.64958831834464,14.104650607614596,2020-08-01,205.65198,6.770013427734398,0.2294176706827309,-0.4948878376316191,0.6267864434463046,0.5147672800371115,0.7720912253575571,0.4162209050166257,1.4259534422981672,Humedad Moderada,Vegetacion Moderada,Alta Actividad Fotosintetica,Cropland,679,Caña de Azúcar,2020-08-01,8,22.013485498458778,53.66317441083297,42.92550774874095
-89.64958831834464,14.104650607614596,2020-09-01,231.14783,22.719995117187523,0.0385494936295328,-0.318813524165111,0.9257628184963824,0.317720207253886,0.4765309294373639,0.2078267477203647,0.5247002398081535,Baja Humedad / Estres,Vegetacion Moderada,Actividad Moderada / Transicion,Cropland,679,Caña de Azúcar,2020-09-01,9,53.66317441083297,28.91953927349738,24.849637223949397
-89.64958831834464,14.104650607614596,2020-10-01,255.66316,0.3980041503906477,0.065284178187404,-0.2989932100210724,0.8774333093006489,0.2923363615187515,0.4384534761849307,0.1931182795698924,0.4786780383795308,Baja Humedad / Estres,Vegetacion Escasa / Suelo,Clorofila Degradada / Estres Severo,Cropland,679,Caña de Azúcar,2020-10-01,10,28.91953927349738,43.22964264270327,41.93474121526681
-89.64958831834464,14.104650607614596,2020-11-01,189.49347,15.655999755859398,0.0790183387270765,-0.3952920662598082,0.8535366158460385,0.4065740903497978,0.609807540205642,0.2540354176461369,0.6810924369747899,Baja Humedad / Estres,Vegetacion Moderada,Actividad Moderada / Transicion,Cropland,679,Caña de Azúcar,2020-11-01,11,43.22964264270327,50.900532747760785,48.814887917579675
-89.64958831834464,14.104650607614596,2022-06-01,343.1667,4.977990722656273,,,,,,,,,,,Cropland,679,Caña de Azúcar,2022-06-01,6,,27.458442873291844,27.88800038874644
-89.64958831834464,14.104650607614596,2022-08-01,294.62033,,,,,,,,,,,,Cropland,679,Caña de Azúcar,2022-08-01,8,,33.4872661860275,37.11818707212205
-89.64958831834464,14.104650607614596,2022-09-01,281.66266,1.2319885253906475,0.0194882223351974,-0.2630694940163762,0.9617686170212766,0.2460646230323115,0.3690587138863,0.1569230769230769,0.3722627737226278,Baja Humedad / Estres,Vegetacion Escasa / Suelo,Clorofila Degradada / Estres Severo,Cropland,679,Caña de Azúcar,2022-09-01,9,33.4872661860275,43.49220210503839,29.03583784289341
-89.64958831834464,14.104650607614596,2022-10-01,120.20703,14.240014648437525,0.0581862446743761,-0.046340876263842,0.8900264580697113,0.0488025577607528,0.0732016287136178,0.0053778985716764,0.0108139534883719,Baja Humedad / Estres,Suelo Desnudo / Agua / Nubes,Clorofila Degradada / Estres Severo,Cropland,679,Caña de Azúcar,2022-10-01,10,43.49220210503839,36.247235256695824,46.005800921542125
-89.64958831834464,14.104650607614596,2022-11-01,86.939,19.465997314453148,0.2122394246007558,-0.4773436339325508,0.6498390989541432,0.5445790618204411,0.8168051564805467,0.3826473859844271,1.23963963963964,Humedad Moderada,Vegetacion Moderada,Actividad Moderada / Transicion,Cropland,679,Caña de Azúcar,2022-11-01,11,36.247235256695824,28.37968229754767,40.254031576557935
-89.63929763222465,14.014429289911687,2020-06-01,268.98633,0.9120117187500228,,,,,,,,,,,Cropland,692,Caña de Azúcar,2020-06-01,6,,21.398440470490552,27.185473957383525
-89.63929763222465,14.014429289911687,2020-07-01,280.62286,0.0519958496093977,0.153460972017673,-0.389638041163946,0.7339121552604698,0.4538704288100983,0.6807424593967517,0.3178529362274945,0.9319190922545636,Humedad Moderada,Vegetacion Moderada,Actividad Moderada / Transicion,Cropland,692,Caña de Azúcar,2020-07-01,7,21.398440470490552,31.560199266170656,28.232522629861265
-89.63929763222465,14.014429289911687,2020-08-01,238.56793,5.761987304687523,0.0995006698331506,-0.2473058856037579,0.8190075321222863,0.2822042323533589,0.4232762905630902,0.203091684434968,0.5096989966555183,Baja Humedad / Estres,Vegetacion Escasa / Suelo,Actividad Moderada / Transicion,Cropland,692,Caña de Azúcar,2020-08-01,8,31.560199266170656,51.31590790470657,45.3996190904915
-89.63929763222465,14.014429289911687,2020-09-01,216.9466,22.047998046875023,0.0590568152426933,-0.1314359399465782,0.8884728101595571,0.1486815036469048,0.2230118285099817,0.0938557435440783,0.2071540880503144,Baja Humedad / Estres,Vegetacion Escasa / Suelo,Clorofila Degradada / Estres Severo,Cropland,692,Caña de Azúcar,2020-09-01,9,51.31590790470657,7.660880854599833,11.831590616237442
-89.63929763222465,14.014429289911687,2020-10-01,269.1228,0.3980041503906477,0.3266777592900721,-0.5034569453174105,0.5075250836120402,0.5588139459107201,0.8381526431538648,0.4558734023128423,1.6756152125279642,Humedad Alta / Bosque,Vegetacion Moderada,Alta Actividad Fotosintetica,Cropland,692,Caña de Azúcar,2020-10-01,10,7.660880854599833,26.982829944954258,30.05332521998042
-89.63929763222465,14.014429289911687,2020-11-01,182.13892,20.7499938964844,0.3421160971593248,-0.5312353217472991,0.4901840490797546,0.5825242718446602,0.8737157187929779,0.4762264150943396,1.8184438040345825,Humedad Alta / Bosque,Vegetacion Moderada,Alta Actividad Fotosintetica,Cropland,692,Caña de Azúcar,2020-11-01,11,26.982829944954258,22.955910149646154,25.05954133458878
-89.63056230217546,14.059691875888191,2021-05-01,168.69595,22.913995361328148,,,,,,,,,,,Cropland,700,Caña de Azúcar,2021-05-01,5,,35.99629234345902,34.30021498922048
-89.63056230217546,14.059691875888191,2021-07-01,155.45586,0.2940002441406477,,,,,,,,,,,Cropland,700,Caña de Azúcar,2021-07-01,7,,15.800884047707326,15.8281483306162
-89.63056230217546,14.059691875888191,2021-08-01,317.16284,0.4779907226562727,0.2275837866292332,-0.4280465401102266,0.6292166952544311,0.4632921982848776,0.6948656279410227,0.3820624259186092,1.2365728900255752,Humedad Moderada,Vegetacion Moderada,Actividad Moderada / Transicion,Cropland,700,Caña de Azúcar,2021-08-01,8,15.800884047707326,4.18005596894953,13.04680577700477
-89.63056230217546,14.059691875888191,2021-09-01,223.99467,0.0700012207031477,0.3653997378768021,-0.5415803492157443,0.4647725091188328,0.597117890541162,0.8956081857898368,0.5109499637418419,2.089561091340451,Humedad Alta / Bosque,Vegetacion Moderada,Alta Actividad Fotosintetica,Cropland,700,Caña de Azúcar,2021-09-01,9,4.18005596894953,31.13128988032076,20.92766367671281
-89.63056230217546,14.059691875888191,2021-10-01,169.36044,30.834008789062523,0.4164728919348917,-0.5761950156611739,0.4119578365301538,0.6267041461700632,0.939990162321692,0.5485683703505486,2.4303497332542974,Humedad Alta / Bosque,Vegetacion Densa / Sana,Alta Actividad Fotosintetica,Cropland,700,Caña de Azúcar,2021-10-01,10,31.13128988032076,17.557845171563926,25.62951333421096
-89.63056230217546,14.059691875888191,2021-11-01,4.128263,16.658013916015648,0.4071324406734721,-0.5832338902147971,0.4213303184473337,0.6244260789715336,0.9365674496901064,0.5411645128502977,2.358860759493671,Humedad Alta / Bosque,Vegetacion Densa / Sana,Alta Actividad Fotosintetica,Cropland,700,Caña de Azúcar,2021-11-01,11,17.557845171563926,48.1209197818958,39.71144403986585
-89.62182510453398,14.104954594499484,2020-06-01,233.51929,0.9120117187500228,,,,,,,,,,,Cropland,655,Caña de Azúcar,2020-06-01,6,,27.581830753448404,28.852739854161783
-89.62182510453398,14.104954594499484,2020-07-01,280.18256,21.596002197265648,0.3452685421994885,-0.5535318730002461,0.4866920152091255,0.6525723262207095,0.9787944237188296,0.5105899246140959,2.086552567237164,Humedad Alta / Bosque,Vegetacion Densa / Sana,Alta Actividad Fotosintetica,Cropland,655,Caña de Azúcar,2020-07-01,7,27.581830753448404,17.692973465889285,26.204198109286445
-89.62182510453398,14.104954594499484,2020-08-01,205.65198,8.550012207031273,0.3046712613499617,-0.5094291861789647,0.5329532114707362,0.607494271465157,0.9111799986522002,0.4512046726697493,1.6443458980044348,Humedad Alta / Bosque,Vegetacion Densa / Sana,Alta Actividad Fotosintetica,Cropland,655,Caña de Azúcar,2020-08-01,8,17.692973465889285,35.17787078406817,39.37072295221814
-89.62182510453398,14.104954594499484,2020-09-01,231.14783,23.1459899902344,0.2711383001966354,-0.5516735564741966,0.573392918528704,0.6265026558568633,0.9396883080578656,0.4919861520707783,1.9369005552751133,Humedad Moderada,Vegetacion Densa / Sana,Alta Actividad Fotosintetica,Cropland,655,Caña de Azúcar,2020-09-01,9,35.17787078406817,22.780877475649707,24.392391738053966
-89.62182510453398,14.104954594499484,2020-10-01,255.66316,0.3980041503906477,0.140764331210191,-0.3183658446816341,0.7532104969290899,0.3420756837766954,0.5130654678280416,0.2472144846796657,0.6567992599444958,Humedad Moderada,Vegetacion Moderada,Actividad Moderada / Transicion,Cropland,655,Caña de Azúcar,2020-10-01,10,22.780877475649707,41.86112184810189,39.61680900086236
-89.62182510453398,14.104954594499484,2020-11-01,189.49347,17.245996093750023,0.1156125120573239,-0.4087349921698277,0.7927371541501976,0.4298834334157541,0.6447682119205298,0.271356783919598,0.7448275862068965,Humedad Moderada,Vegetacion Moderada,Actividad Moderada / Transicion,Cropland,655,Caña de Azúcar,2020-11-01,11,41.86112184810189,55.285213762893584,48.44977721725256
-89.61215948736212,14.068925296238708,2020-06-01,244.12537,0.9120117187500228,,,,,,,,,,,Cropland,671,Caña de Azúcar,2020-06-01,6,,46.08167527517012,35.71669460457234
-89.61215948736212,14.068925296238708,2020-07-01,272.7908,14.103997802734398,0.0246554558098368,-0.3815206273440163,0.9518756169792696,0.3905284831846259,0.5857424723342198,0.2690259943626683,0.7360754070265638,Baja Humedad / Estres,Vegetacion Moderada,Actividad Moderada / Transicion,Cropland,671,Caña de Azúcar,2020-07-01,7,46.08167527517012,32.309472765397395,33.42243238588164
-89.61215948736212,14.068925296238708,2020-08-01,208.65175,5.596002197265648,0.0882241575160923,-0.3992210321324245,0.83785664578984,0.4234769687964339,0.6351630210482873,0.2779012894619831,0.7697044334975369,Baja Humedad / Estres,Vegetacion Moderada,Actividad Moderada / Transicion,Cropland,671,Caña de Azúcar,2020-08-01,8,32.309472765397395,45.80230877259997,46.312848114709226
-89.61215948736212,14.068925296238708,2020-09-01,216.35626,21.33199462890628,0.1179498412003066,-0.3975903614457831,0.7889890282131662,0.4601630668001716,0.6901952370735893,0.3224510947013861,0.9518164435946465,Humedad Moderada,Vegetacion Moderada,Actividad Moderada / Transicion,Cropland,671,Caña de Azúcar,2020-09-01,9,45.80230877259997,21.26860389488498,22.899538922629258
-89.61215948736212,14.068925296238708,2020-10-01,263.10037,0.3980041503906477,0.1593590420848741,-0.2871945259042033,0.7250911300121506,0.3223538863225547,0.483482277337082,0.2295051353874883,0.5957343674260784,Humedad Moderada,Vegetacion Moderada,Actividad Moderada / Transicion,Cropland,671,Caña de Azúcar,2020-10-01,10,21.26860389488498,31.935812598758183,33.51855976520451
-89.61215948736212,14.068925296238708,2020-11-01,190.39543,21.412011718750023,0.2894451799253821,-0.5469246318221196,0.5510546947918611,0.6062968515742129,0.9093771081628064,0.5066797918717479,2.054161915621437,Humedad Moderada,Vegetacion Densa / Sana,Alta Actividad Fotosintetica,Cropland,671,Caña de Azúcar,2020-11-01,11,31.935812598758183,34.486516846882054,35.73691419114773
-89.53148547669198,14.30467025723571,2020-06-01,188.5012,4.122003173828148,,,,,,,,,,,Cropland,430,Caña de Azúcar,2020-06-01,6,,32.793134430462004,33.75106028056
-89.53148547669198,14.30467025723571,2020-07-01,250.86047,23.816003417968773,0.3087903831705484,-0.5339007924860582,0.5281285878300803,0.5889328063241107,0.8833320665805275,0.4840266931705239,1.8761695101816185,Humedad Alta / Bosque,Vegetacion Moderada,Alta Actividad Fotosintetica,Cropland,430,Caña de Azúcar,2020-07-01,7,32.793134430462004,46.10554961884992,35.70982212867562
-89.53148547669198,14.30467025723571,2020-08-01,208.37752,18.94600830078128,0.0845583616032164,-0.3405808355334679,0.8440685820203893,0.3176614257365288,0.4764557734869877,0.2407646974270519,0.6342294585384325,Baja Humedad / Estres,Vegetacion Moderada,Actividad Moderada / Transicion,Cropland,430,Caña de Azúcar,2020-08-01,8,46.10554961884992,44.53321045614639,42.70274222855544
-89.53148547669198,14.30467025723571,2020-09-01,254.57156,19.554010009765648,0.1114503816793893,-0.368654930781063,0.7994505494505495,0.3990216631726065,0.5984802166128046,0.2642879696874013,0.7184549356223175,Humedad Moderada,Vegetacion Moderada,Actividad Moderada / Transicion,Cropland,430,Caña de Azúcar,2020-09-01,9,44.53321045614639,21.708432047574508,36.33612662025151
-89.53148547669198,14.30467025723571,2020-10-01,215.13098,0.1220031738281477,0.1505196971641216,-0.4057698338037002,0.7383448583537809,0.4396274887604367,0.6593882957373365,0.3231995277449823,0.9550806803314436,Humedad Moderada,Vegetacion Moderada,Actividad Moderada / Transicion,Cropland,430,Caña de Azúcar,2020-10-01,10,21.708432047574508,58.69560981506314,51.67683430025807
-89.53148547669198,14.30467025723571,2020-11-01,215.99667,26.939996337890648,0.0291349170775437,0.1711191335740072,0.9433797909407664,-0.1273280121626757,-0.1909557286718601,-0.1540162122328666,-0.2669220945083014,Baja Humedad / Estres,Suelo Desnudo / Agua / Nubes,Clorofila Degradada / Estres Severo,Cropland,430,Caña de Azúcar,2020-11-01,11,58.69560981506314,41.30147657368374,42.17754964073819
-89.53148547669198,14.30467025723571,2022-06-01,365.54297,4.529992675781273,,,,,,,,,,,Cropland,430,Caña de Azúcar,2022-06-01,6,,35.04138096005994,34.33402718515604
-89.53148547669198,14.30467025723571,2022-08-01,250.4766,,,,,,,,,,,,Cropland,430,Caña de Azúcar,2022-08-01,8,,37.023911303261826,42.50307339253283
-89.53148547669198,14.30467025723571,2022-09-01,336.26663,9.894006347656273,0.0836893691882382,-0.2663729809104258,0.8455473098330241,0.258978102189781,0.3884388000875848,0.1399867812293456,0.3255456501690748,Baja Humedad / Estres,Vegetacion Escasa / Suelo,Clorofila Degradada / Estres Severo,Cropland,430,Caña de Azúcar,2022-09-01,9,37.023911303261826,50.90522958743273,32.95005287468123
-89.53148547669198,14.30467025723571,2022-10-01,97.21658,20.297998046875023,0.0423502479969477,-0.0379939209726443,0.9187408491947292,0.0471444998083556,0.0707031998467139,-0.0144300144300144,-0.0284495021337126,Baja Humedad / Estres,Suelo Desnudo / Agua / Nubes,Clorofila Degradada / Estres Severo,Cropland,430,Caña de Azúcar,2022-10-01,10,50.90522958743273,47.79399770565459,45.32796395774645
-89.53148547669198,14.30467025723571,2022-11-01,102.99352,25.43599853515628,0.1444817782372706,-0.160377358490566,0.7475158084914183,0.1631205673758865,0.2446487196323046,0.0713767239293491,0.15372589890568,Humedad Moderada,Vegetacion Escasa / Suelo,Clorofila Degradada / Estres Severo,Cropland,430,Caña de Azúcar,2022-11-01,11,47.79399770565459,31.774827280101896,37.48605982604976
-89.5193278772178,14.04280985461171,2021-05-01,216.59421,3.137994384765648,,,,,,,,,,,Cropland,546,Caña de Azúcar,2021-05-01,5,,23.00829404974577,26.30995071459752
-89.5193278772178,14.04280985461171,2021-07-01,197.53343,0.1020141601562727,,,,,,,,,,,Cropland,546,Caña de Azúcar,2021-07-01,7,,7.301059636731699,14.997731435696982
-89.5193278772178,14.04280985461171,2021-08-01,408.73773,0.4779907226562727,0.3320964749536178,-0.5767988631959695,0.5013927576601671,0.6447918070340924,0.967122549349862,0.528042063094642,2.237665782493369,Humedad Alta / Bosque,Vegetacion Densa / Sana,Alta Actividad Fotosintetica,Cropland,546,Caña de Azúcar,2021-08-01,8,7.301059636731699,21.976723491227844,27.62517982634327
-89.5193278772178,14.04280985461171,2021-09-01,252.123,8.779992675781273,0.2548579970104633,-0.491339748334567,0.5938058368076236,0.5847097687588485,0.8769956744003146,0.4499136442141623,1.6357927786499211,Humedad Moderada,Vegetacion Moderada,Alta Actividad Fotosintetica,Cropland,546,Caña de Azúcar,2021-09-01,9,21.976723491227844,41.13897554695789,42.177131395604164
-89.5193278772178,14.04280985461171,2021-10-01,202.11694,31.378015136718773,0.300182898948331,-0.520994918427387,0.5382451204501495,0.6026490066225165,0.9039098274040154,0.4798334634400208,1.844922461230616,Humedad Alta / Bosque,Vegetacion Densa / Sana,Alta Actividad Fotosintetica,Cropland,546,Caña de Azúcar,2021-10-01,10,41.13897554695789,51.35704759162747,42.68491063524661
-89.5193278772178,14.04280985461171,2021-11-01,3.097583,10.637994384765648,-0.0832995814769812,-0.2869598180439727,1.181737849779087,0.2122835207998571,0.3183968579844684,0.1561382598331346,0.3700564971751412,Baja Humedad / Estres,Vegetacion Escasa / Suelo,Clorofila Degradada / Estres Severo,Cropland,546,Caña de Azúcar,2021-11-01,11,51.35704759162747,61.050524211355814,58.71769823076312
-89.5193278772178,14.04280985461171,2024-08-01,325.57068,5.331994628906273,,,,,,,,,,,Cropland,546,Caña de Azúcar,2024-08-01,8,,17.254612797802558,25.78790310971452
-89.5193278772178,14.04280985461171,2024-10-01,86.12256,0.1559997558593977,,,,,,,,,,,Cropland,546,Caña de Azúcar,2024-10-01,10,,44.4149462526008,36.63440439797232
-89.5193278772178,14.04280985461171,2024-11-01,106.953125,2.872003173828148,-0.0944881889763779,-0.2377164248947122,1.208695652173913,0.1768631813125695,0.2652652652652653,0.1369009241349666,0.3172310756972112,Baja Humedad / Estres,Vegetacion Escasa / Suelo,Clorofila Degradada / Estres Severo,Cropland,546,Caña de Azúcar,2024-11-01,11,44.4149462526008,52.8786686138659,53.54163107209349
-89.51697715865576,13.826011563715571,2017-01-01,6.337882,14.155999755859398,0.1491858588822062,-0.465943113772455,0.7403625223385244,0.4907706945765937,0.736086005137475,0.374144886861954,1.1956278026905829,Humedad Moderada,Vegetacion Moderada,Actividad Moderada / Transicion,Cropland,684,Caña de Azúcar,2017-01-01,1,36.00642521349292,48.63103598573253,43.93540793570426
-89.51697715865576,13.826011563715571,2017-08-01,263.10123,,,,,,,,,Suelo Desnudo / Muy Seco,Suelo Desnudo / Agua / Nubes,Clorofila Degradada / Estres Severo,Cropland,684,Caña de Azúcar,2017-08-01,8,,65.58634206993077,51.60231185166278
-89.51697715865576,13.826011563715571,2017-11-01,15.434853,32.5779968261719,,,,,,,,Suelo Desnudo / Muy Seco,Suelo Desnudo / Agua / Nubes,Clorofila Degradada / Estres Severo,Cropland,684,Caña de Azúcar,2017-11-01,11,,34.755360001101074,37.13407272368047
-89.51678308006865,13.807944848591063,2021-05-01,160.88556,0.0920043945312727,,,,,,,,,,,Cropland,625,Caña de Azúcar,2021-05-01,5,,34.743659805773994,26.85345786868762
-89.51678308006865,13.807944848591063,2021-07-01,161.51978,0.2940002441406477,,,,,,,,,,,Cropland,625,Caña de Azúcar,2021-07-01,7,,15.453198568890548,17.0600036667313
-89.51678308006865,13.807944848591063,2021-08-01,393.54236,0.4779907226562727,0.2318588801282907,-0.4245093494050379,0.6235625949229768,0.4523396880415944,0.6784560850728634,0.3553889133950889,1.10264598540146,Humedad Moderada,Vegetacion Moderada,Actividad Moderada / Transicion,Cropland,625,Caña de Azúcar,2021-08-01,8,15.453198568890548,29.2351144366765,29.393635810046522
-89.51678308006865,13.807944848591063,2021-09-01,259.85297,3.9779907226562727,0.1059107358262967,-0.2680497925311203,0.8084642233856894,0.2825965304980414,0.4238355014687369,0.2207723035952064,0.5666438824333562,Humedad Moderada,Vegetacion Escasa / Suelo,Actividad Moderada / Transicion,Cropland,625,Caña de Azúcar,2021-09-01,9,29.2351144366765,49.52067093170491,47.32591177265178
-89.51678308006865,13.807944848591063,2021-10-01,211.15366,30.347985839843773,0.1843172600270392,-0.0283414388730504,0.6887366818873668,0.0310503306804169,0.0465741908364859,-0.0176225568727971,-0.0346347607052897,Humedad Moderada,Suelo Desnudo / Agua / Nubes,Clorofila Degradada / Estres Severo,Cropland,625,Caña de Azúcar,2021-10-01,10,49.52067093170491,34.539392701654975,37.67495206051428
-89.51678308006865,13.807944848591063,2021-11-01,2.644003,17.973992919921898,0.2146900455612315,-0.4744427685604156,0.6465105705842237,0.5075394105551748,0.7612438961706501,0.3783487388375372,1.2172379032258065,Humedad Moderada,Vegetacion Moderada,Actividad Moderada / Transicion,Cropland,625,Caña de Azúcar,2021-11-01,11,34.539392701654975,46.87014630367358,46.39400540165213
-89.51007508065456,14.042906119022446,2021-05-01,216.59421,6.227990722656273,,,,,,,,,,,Cropland,562,Caña de Azúcar,2021-05-01,5,,27.136962747058423,30.200238789404974
-89.51007508065456,14.042906119022446,2021-07-01,197.53343,0.1020141601562727,,,,,,,,,,,Cropland,562,Caña de Azúcar,2021-07-01,7,,13.849565083362203,15.130599733304061
-89.51007508065456,14.042906119022446,2021-08-01,408.73773,0.4779907226562727,0.2515769400029338,-0.490566037735849,0.5979840600093764,0.5414634146341464,0.8121217595519827,0.4419469325671793,1.5838885523924895,Humedad Moderada,Vegetacion Moderada,Alta Actividad Fotosintetica,Cropland,562,Caña de Azúcar,2021-08-01,8,13.849565083362203,41.17793894769189,29.693374688935418
-89.51007508065456,14.042906119022446,2021-09-01,252.123,6.166009521484398,-0.0137348998841634,-0.3127753303964757,1.0278523489932887,0.2864234837038636,0.4295888637099384,0.2160783513568659,0.5512753774076002,Baja Humedad / Estres,Vegetacion Escasa / Suelo,Actividad Moderada / Transicion,Cropland,562,Caña de Azúcar,2021-09-01,9,41.17793894769189,51.13857150700747,45.43463288138212
-89.51007508065456,14.042906119022446,2021-10-01,202.11694,33.89199218750002,0.2084832904884318,-0.4759811616954474,0.6549670282918528,0.5486740240487564,0.8229432594910648,0.4317039744175422,1.5192926045016075,Humedad Moderada,Vegetacion Moderada,Alta Actividad Fotosintetica,Cropland,562,Caña de Azúcar,2021-10-01,10,51.13857150700747,18.86569283726137,44.607695492611604
-89.51007508065456,14.042906119022446,2021-11-01,3.097583,11.502008056640648,0.3269512332469872,-0.564259160913436,0.5072143948395859,0.6323081185924079,0.9483964812634204,0.5239943086276032,2.201630434782609,Humedad Alta / Bosque,Vegetacion Densa / Sana,Alta Actividad Fotosintetica,Cropland,562,Caña de Azúcar,2021-11-01,11,18.86569283726137,38.39175107349601,38.592542363656584
-89.50180630825966,14.133334679756649,2020-06-01,244.03369,1.1539855957031475,,,,,,,,,,,Cropland,414,Caña de Azúcar,2020-06-01,6,,31.92468357806415,32.82404192193017
-89.50180630825966,14.133334679756649,2020-07-01,316.70917,20.3640075683594,0.2765531062124248,-0.521323780279768,0.5667189952904239,0.5695177754311862,0.8542014958205015,0.4846012984851007,1.8804909560723515,Humedad Moderada,Vegetacion Moderada,Alta Actividad Fotosintetica,Cropland,414,Caña de Azúcar,2020-07-01,7,31.92468357806415,30.316061174136234,30.610609955986153
-89.50180630825966,14.133334679756649,2020-08-01,233.73392,18.434014892578148,0.2723386062419837,-0.5017661900756939,0.5719086021505376,0.5425017277125086,0.8136823011142783,0.4576326530612244,1.687537627934979,Humedad Moderada,Vegetacion Moderada,Alta Actividad Fotosintetica,Cropland,414,Caña de Azúcar,2020-08-01,8,30.316061174136234,53.03850652107137,48.19474837411093
-89.50180630825966,14.133334679756649,2020-09-01,238.01276,23.662011718750023,0.0579415898797438,-0.3757108042242079,0.8904635370534396,0.4100749375520399,0.6150483921323759,0.3044482957827845,0.8754152823920265,Baja Humedad / Estres,Vegetacion Moderada,Actividad Moderada / Transicion,Cropland,414,Caña de Azúcar,2020-09-01,9,53.03850652107137,15.494293258286657,19.414181112664927
-89.50180630825966,14.133334679756649,2020-10-01,286.6328,0.3980041503906477,0.2303591826373905,-0.4590608067429259,0.6255415721064576,0.5304704767919166,0.7956429078853895,0.417044291770209,1.4307923771313944,Humedad Moderada,Vegetacion Moderada,Alta Actividad Fotosintetica,Cropland,414,Caña de Azúcar,2020-10-01,10,15.494293258286657,65.93941748790321,55.178463895742645
-89.50180630825966,14.133334679756649,2020-11-01,220.82805,24.1459899902344,-0.094669385377221,-0.2955398082534389,1.2091377091377091,0.2377538829151732,0.3565953210552514,0.1686407219402143,0.4056987788331072,Baja Humedad / Estres,Vegetacion Escasa / Suelo,Clorofila Degradada / Estres Severo,Cropland,414,Caña de Azúcar,2020-11-01,11,65.93941748790321,60.95297796392782,57.889012643206385
-89.4985851510238,13.835234132366086,2022-06-01,344.26715,0.9599853515625228,,,,,,,,,,,Cropland,654,Caña de Azúcar,2022-06-01,6,,35.78412274169969,33.783607737862894
-89.4985851510238,13.835234132366086,2022-08-01,297.5212,,,,,,,,,,,,Cropland,654,Caña de Azúcar,2022-08-01,8,,34.56899824432135,35.38821890669269
-89.4985851510238,13.835234132366086,2022-09-01,281.7428,0.5859924316406477,-0.0018437101120408,-0.328676609401548,1.003694231315715,0.2994830132939439,0.4491830517862089,0.2130299896587383,0.5413929040735874,Baja Humedad / Estres,Vegetacion Escasa / Suelo,Actividad Moderada / Transicion,Cropland,654,Caña de Azúcar,2022-09-01,9,34.56899824432135,50.63828817328266,38.4203584331132
-89.4985851510238,13.835234132366086,2022-10-01,140.93373,15.011987304687525,-0.0200838029186533,-0.3120526213967885,1.0409908581539369,0.2721815794410054,0.4082340804651598,0.1959090107564803,0.4872807017543858,Baja Humedad / Estres,Vegetacion Escasa / Suelo,Clorofila Degradada / Estres Severo,Cropland,654,Caña de Azúcar,2022-10-01,10,50.63828817328266,58.660971660956804,54.501640042443306
-89.4985851510238,13.835234132366086,2022-11-01,62.021675,20.764001464843773,-0.0472198938250908,-0.3443721663709836,1.0991202346041056,0.3027698185291309,0.4541113551714258,0.2062256809338521,0.5196078431372548,Baja Humedad / Estres,Vegetacion Moderada,Actividad Moderada / Transicion,Cropland,654,Caña de Azúcar,2022-11-01,11,58.660971660956804,45.986957726423086,48.237304250036104
-89.49829606232736,13.80813368578264,2022-06-01,344.26715,0.4819885253906477,,,,,,,,,,,Cropland,579,Caña de Azúcar,2022-06-01,6,,36.14357645551379,33.20622184118446
-89.49829606232736,13.80813368578264,2022-08-01,297.5212,,,,,,,,,,,,Cropland,579,Caña de Azúcar,2022-08-01,8,,32.078577837987396,34.24661625036829
-89.49829606232736,13.80813368578264,2022-09-01,281.7428,0.5859924316406477,0.0287781614865976,-0.3057816739720309,0.9440537084398976,0.2822299651567944,0.4233015677835844,0.2012288786482335,0.5038461538461538,Baja Humedad / Estres,Vegetacion Escasa / Suelo,Actividad Moderada / Transicion,Cropland,579,Caña de Azúcar,2022-09-01,9,32.078577837987396,34.33232349801752,29.869675453245524
-89.49829606232736,13.80813368578264,2022-10-01,140.93373,14.317987060546898,0.1717842323651452,-0.4410614050008505,0.7067988668555241,0.4599345166293296,0.6898423365210649,0.3686591276252019,1.1678607983623337,Humedad Moderada,Vegetacion Moderada,Actividad Moderada / Transicion,Cropland,579,Caña de Azúcar,2022-10-01,10,34.33232349801752,57.689626724896215,52.877822814692124
-89.49829606232736,13.80813368578264,2022-11-01,62.021675,22.73800048828128,-0.0107353730542136,-0.3338158132802605,1.021703743895822,0.2854402789886661,0.4281230930171738,0.1890322580645161,0.4661893396976928,Baja Humedad / Estres,Vegetacion Escasa / Suelo,Clorofila Degradada / Estres Severo,Cropland,579,Caña de Azúcar,2022-11-01,11,57.689626724896215,37.69974118553896,43.962046244270425
-89.48009572275096,13.83542196272364,2022-06-01,344.26715,0.5020080566406477,,,,,,,,,,,Cropland,598,Caña de Azúcar,2022-06-01,6,,31.25219111127085,32.763195192965036
-89.48009572275096,13.83542196272364,2022-08-01,297.5212,,,,,,,,,,,,Cropland,598,Caña de Azúcar,2022-08-01,8,,36.02236778511046,34.94070051362417
-89.48009572275096,13.83542196272364,2022-09-01,281.7428,0.5859924316406477,-0.019714144898965,-0.3226932668329177,1.040221216691805,0.2640610104861773,0.3960600524267217,0.1929824561403508,0.4782608695652173,Baja Humedad / Estres,Vegetacion Escasa / Suelo,Clorofila Degradada / Estres Severo,Cropland,598,Caña de Azúcar,2022-09-01,9,36.02236778511046,19.48849150729115,28.574822524491147
-89.48009572275096,13.83542196272364,2022-10-01,140.93373,4.809991455078148,0.2360974236238209,-0.4665107733422415,0.617995444191344,0.5280194918203968,0.7919603236752807,0.3826771653543307,1.239795918367347,Humedad Moderada,Vegetacion Moderada,Actividad Moderada / Transicion,Cropland,598,Caña de Azúcar,2022-10-01,10,19.48849150729115,57.507351827051764,51.07129975238114
-89.48009572275096,13.83542196272364,2022-11-01,62.021675,20.9580017089844,-0.0306233062330623,-0.3454955802144066,1.063181436958345,0.2957797500452817,0.4436294485194241,0.2074261603375527,0.5234241908006814,Baja Humedad / Estres,Vegetacion Escasa / Suelo,Actividad Moderada / Transicion,Cropland,598,Caña de Azúcar,2022-11-01,11,57.507351827051764,33.74930951036622,49.87814114569382
-89.48009572275096,13.83542196272364,2023-08-01,227.67221,0.8640075683593977,,,,,,,,,,,Cropland,598,Caña de Azúcar,2023-08-01,8,,25.30404471756392,24.33072741427748
-89.48009572275096,13.83542196272364,2023-09-01,341.35553,0.1780029296875227,0.1070047271164589,-0.4027954256670902,0.8066770186335404,0.4115068493150685,0.617203908318875,0.2873563218390804,0.8064516129032258,Humedad Moderada,Vegetacion Moderada,Actividad Moderada / Transicion,Cropland,598,Caña de Azúcar,2023-09-01,9,25.30404471756392,16.98204276798515,21.42612893081345
-89.48009572275096,13.83542196272364,2023-10-01,264.38824,0.2600036621093977,0.2103503776154512,-0.4934311029636419,0.6524140752864157,0.5500237830981449,0.8249702734839477,0.3845064438464807,1.2494247583985274,Humedad Moderada,Vegetacion Moderada,Actividad Moderada / Transicion,Cropland,598,Caña de Azúcar,2023-10-01,10,16.98204276798515,35.11319412865299,37.39288043762546
-89.48009572275096,13.83542196272364,2023-11-01,33.954086,1.1140075683593975,-0.0019707207207207,-0.363986148518661,1.0039492242595205,0.3205438629167442,0.4807710215103827,0.2184224093486853,0.5589270008795075,Baja Humedad / Estres,Vegetacion Moderada,Actividad Moderada / Transicion,Cropland,598,Caña de Azúcar,2023-11-01,11,35.11319412865299,53.1672938974622,51.45273583660868
-89.47491816213709,14.214922672313,2025-08-01,251.46507,9.741998291015648,,,,,,,,,,,Cropland,444,Caña de Azúcar,2025-08-01,8,,40.46386199447906,39.64562821085712
-89.47491816213709,14.214922672313,2025-09-01,350.24945,33.5779968261719,0.3358344426963572,-0.5279623477297896,0.4971915202029353,0.6081002331002331,0.9120839099715928,0.4288673139158576,1.5018132366273798,Humedad Alta / Bosque,Vegetacion Densa / Sana,Alta Actividad Fotosintetica,Cropland,444,Caña de Azúcar,2025-09-01,9,40.46386199447906,16.464392792478307,21.390461418504437
-89.47491816213709,14.214922672313,2025-10-01,186.03435,1.5440002441406475,0.2326781326781326,-0.4701831501831501,0.6224835559099063,0.5235347707257819,0.7852425415622866,0.3752741228070175,1.2014041246160598,Humedad Moderada,Vegetacion Moderada,Actividad Moderada / Transicion,Cropland,444,Caña de Azúcar,2025-10-01,10,16.464392792478307,62.71141444042364,57.16148826893673
-89.47491816213709,14.214922672313,2025-11-01,20.648945,21.67598876953128,-0.0856856522465341,-0.3596621957277695,1.1874314943368651,0.3476120137863122,0.5213538461538462,0.2334384858044164,0.6090534979423867,Baja Humedad / Estres,Vegetacion Moderada,Actividad Moderada / Transicion,Cropland,444,Caña de Azúcar,2025-11-01,11,62.71141444042364,69.69626552532799,62.44757348123654
-89.47384120727502,14.115555350877592,2025-08-01,353.3118,4.435998535156273,,,,,,,,,,,Cropland,362,Caña de Azúcar,2025-08-01,8,,41.90419478628201,36.72075708151012
-89.47384120727502,14.115555350877592,2025-09-01,346.79324,26.378015136718773,0.2286132608240954,-0.3108681097969203,0.6278515491998639,0.3987379449934516,0.5980713137686767,0.2873109796186719,0.8062730627306274,Humedad Moderada,Vegetacion Moderada,Actividad Moderada / Transicion,Cropland,362,Caña de Azúcar,2025-09-01,9,41.90419478628201,15.957603791371158,17.912698894478762
-89.47384120727502,14.115555350877592,2025-10-01,241.87299,1.5440002441406475,0.238909541511772,-0.463407494145199,0.6143228645729146,0.5350836787962536,0.8025639057342443,0.3389580822284719,1.025526742301459,Humedad Moderada,Vegetacion Moderada,Actividad Moderada / Transicion,Cropland,362,Caña de Azúcar,2025-10-01,10,15.957603791371158,45.29577238248186,55.82621485756574
-89.47384120727502,14.115555350877592,2025-11-01,26.930172,18.338006591796898,0.0869565217391304,-0.4283047050037341,0.84,0.4516129032258064,0.6773550896499383,0.2907035599797536,0.8196955280685061,Baja Humedad / Estres,Vegetacion Moderada,Actividad Moderada / Transicion,Cropland,362,Caña de Azúcar,2025-11-01,11,45.29577238248186,58.342006971691184,54.8867383500407
-89.47037476775775,13.790346955327532,2020-06-01,0.0,2.3160034179687727,,,,,,,,,,,Cropland,466,Caña de Azúcar,2020-06-01,6,,25.02549047138335,26.292095077198088
-89.47037476775775,13.790346955327532,2020-07-01,0.0,0.4819885253906477,0.1142089781301956,-0.3877030901561006,0.7949954086317723,0.3997429305912596,0.5995662302192947,0.3047775947281713,0.8767772511848342,Humedad Moderada,Vegetacion Moderada,Actividad Moderada / Transicion,Cropland,466,Caña de Azúcar,2020-07-01,7,25.02549047138335,32.628432932628705,28.914940462208268
-89.47037476775775,13.790346955327532,2020-08-01,0.0,17.133996582031273,0.2277440114408294,-0.4054570259208731,0.6290040768782761,0.4384250209438704,0.6575916230366492,0.3348017621145374,1.0066225165562912,Humedad Moderada,Vegetacion Moderada,Actividad Moderada / Transicion,Cropland,466,Caña de Azúcar,2020-08-01,8,32.628432932628705,42.883905616317975,44.835813055687716
-89.47037476775775,13.790346955327532,2020-09-01,0.0,19.872003173828148,0.1356833398975974,-0.234242910647405,0.7610542743194035,0.2561533434981485,0.3842090933841546,0.1854059609455293,0.4552106989654303,Humedad Moderada,Vegetacion Escasa / Suelo,Clorofila Degradada / Estres Severo,Cropland,466,Caña de Azúcar,2020-09-01,9,42.883905616317975,11.222241479003852,31.086872618404733
-89.47037476775775,13.790346955327532,2020-10-01,0.0,2.6100097656250227,0.3103876739562624,-0.5279629093016517,0.5262658827991655,0.5918490566037736,0.8877065881820241,0.4766171940632876,1.821294810058855,Humedad Alta / Bosque,Vegetacion Moderada,Alta Actividad Fotosintetica,Cropland,466,Caña de Azúcar,2020-10-01,10,11.222241479003852,31.181383819910536,35.80941112086565
-89.47037476775775,13.790346955327532,2020-11-01,0.0,22.580010986328148,0.3132422423700677,-0.533552042946615,0.5229482691559705,0.5838595410442015,0.8757218757218758,0.4735635477862158,1.799129014697877,Humedad Alta / Bosque,Vegetacion Moderada,Alta Actividad Fotosintetica,Cropland,466,Caña de Azúcar,2020-11-01,11,31.181383819910536,29.22930235361867,32.18846307056236
-89.46536465348599,14.187918092570586,2021-05-01,167.49341,11.826013183593773,,,,,,,,,,,Cropland,485,Caña de Azúcar,2021-05-01,5,,44.60579024410072,38.123915876688145
-89.46536465348599,14.187918092570586,2021-07-01,175.75288,1.0299926757812727,,,,,,,,,,,Cropland,485,Caña de Azúcar,2021-07-01,7,,26.88956178432208,25.080343363718256
-89.46536465348599,14.187918092570586,2021-08-01,308.33466,0.5339904785156477,0.0919351046320244,-0.2490586336740183,0.8316106804478898,0.2390608324439701,0.3585434173669468,0.1736163760424564,0.4201834862385321,Baja Humedad / Estres,Vegetacion Escasa / Suelo,Clorofila Degradada / Estres Severo,Cropland,485,Caña de Azúcar,2021-08-01,8,26.88956178432208,10.961171676869588,17.91285892345492
-89.46536465348599,14.187918092570586,2021-09-01,223.2657,3.4320007324218977,0.3238168441857911,-0.5356005604381607,0.5107830126078301,0.6393799292901822,0.9590046910055068,0.4876604146100691,1.9036608863198456,Humedad Alta / Bosque,Vegetacion Densa / Sana,Alta Actividad Fotosintetica,Cropland,485,Caña de Azúcar,2021-09-01,9,10.961171676869588,70.5764617415463,54.686643277788455
-89.46536465348599,14.187918092570586,2021-10-01,182.70804,32.34200439453127,-0.0497920080675658,-0.3386609838394601,1.1048023348368268,0.3034757046515649,0.4551742024725512,0.1976485541785827,0.4926732673267326,Baja Humedad / Estres,Vegetacion Moderada,Clorofila Degradada / Estres Severo,Cropland,485,Caña de Azúcar,2021-10-01,10,70.5764617415463,49.72080611237106,50.04127323970783
-89.46536465348599,14.187918092570586,2021-11-01,3.5493586,20.0620056152344,0.0539798719121683,-0.4009728978457262,0.8975694444444444,0.4031668696711327,0.6046976946498477,0.2828507795100223,0.7888198757763976,Baja Humedad / Estres,Vegetacion Moderada,Actividad Moderada / Transicion,Cropland,485,Caña de Azúcar,2021-11-01,11,49.72080611237106,61.68999330249139,50.451583966802055
-89.46160601971533,13.835608401294078,2020-06-01,278.67725,2.3160034179687727,,,,,,,,,,,Cropland,518,Caña de Azúcar,2020-06-01,6,,10.553832412179315,28.756097496944577
-89.46160601971533,13.835608401294078,2020-07-01,268.11063,0.5800109863281477,0.2933691502898345,-0.513567174056916,0.5463489287275908,0.5523502460546411,0.8284550776278952,0.4731078904991948,1.795843520782396,Humedad Moderada,Vegetacion Moderada,Alta Actividad Fotosintetica,Cropland,518,Caña de Azúcar,2020-07-01,7,10.553832412179315,28.34897024105666,27.996923463564816
-89.46160601971533,13.835608401294078,2020-08-01,265.5846,15.887994384765648,0.2648732540093119,-0.4697926059513075,0.5811860940695297,0.5083281924737816,0.7624334952579228,0.4194484760522496,1.4449999999999998,Humedad Moderada,Vegetacion Moderada,Alta Actividad Fotosintetica,Cropland,518,Caña de Azúcar,2020-08-01,8,28.34897024105666,46.29704512839851,46.86841799143482
-89.46160601971533,13.835608401294078,2020-09-01,232.78308,20.79000244140628,0.1051285174808137,-0.4065116279069767,0.8097442680776014,0.414626539840948,0.6218913229905667,0.3028866867729426,0.8689740420271941,Humedad Moderada,Vegetacion Moderada,Actividad Moderada / Transicion,Cropland,518,Caña de Azúcar,2020-09-01,9,46.29704512839851,12.592282060369397,33.23152816965894
-89.46160601971533,13.835608401294078,2020-10-01,291.5743,2.6100097656250227,0.2935418407544467,-0.5502145922746781,0.5461424880029531,0.6216701586351392,0.9324354657687992,0.459197414489631,1.698207171314741,Humedad Moderada,Vegetacion Densa / Sana,Alta Actividad Fotosintetica,Cropland,518,Caña de Azúcar,2020-10-01,10,12.592282060369397,56.77399832978997,45.35074812079949
-89.46160601971533,13.835608401294078,2020-11-01,170.26659,21.8120056152344,-0.0109890109890109,-0.3468013468013468,1.022222222222222,0.3019891500904159,0.4529427719012747,0.2261580381471389,0.5845070422535212,Baja Humedad / Estres,Vegetacion Moderada,Actividad Moderada / Transicion,Cropland,518,Caña de Azúcar,2020-11-01,11,56.77399832978997,55.60731089811175,53.606568419427994
-89.46160601971533,13.835608401294078,2021-05-01,151.79,4.399987792968773,,,,,,,,,,,Cropland,518,Caña de Azúcar,2021-05-01,5,,19.993833088061542,26.569143624380125
-89.46160601971533,13.835608401294078,2021-07-01,151.3206,0.2940002441406477,,,,,,,,,,,Cropland,518,Caña de Azúcar,2021-07-01,7,,13.161182845968543,15.815857168152572
-89.46160601971533,13.835608401294078,2021-08-01,380.6531,0.4779907226562727,0.2600411946446962,-0.5053829590895109,0.5872496935022476,0.5588469501512979,0.8382036786368341,0.4451498597371918,1.60457690260777,Humedad Moderada,Vegetacion Moderada,Alta Actividad Fotosintetica,Cropland,518,Caña de Azúcar,2021-08-01,8,13.161182845968543,37.752819040439114,32.063080960695196
-89.46160601971533,13.835608401294078,2021-09-01,239.47604,12.417993164062525,0.1061053285692092,-0.3963522259266522,0.8081460674157304,0.424,0.6359364063593641,0.2997444322745528,0.8561001042752867,Humedad Moderada,Vegetacion Moderada,Actividad Moderada / Transicion,Cropland,518,Caña de Azúcar,2021-09-01,9,37.752819040439114,40.29825115220459,42.83106797441124
-89.46160601971533,13.835608401294078,2021-10-01,200.32977,31.439996337890648,0.3112908899050299,-0.5526863806747189,0.5252145922746781,0.6248728751997675,0.9372412290259317,0.4785827604442094,1.835699797160244,Humedad Alta / Bosque,Vegetacion Densa / Sana,Alta Actividad Fotosintetica,Cropland,518,Caña de Azúcar,2021-10-01,10,40.29825115220459,40.81980670647972,40.77199961479517
-89.46160601971533,13.835608401294078,2021-11-01,2.4325662,16.368005371093773,0.1175010947306962,-0.4211991832188602,0.7897074190177639,0.4128067909208341,0.6191530584002214,0.2745130680872316,0.7567691601652133,Humedad Moderada,Vegetacion Moderada,Actividad Moderada / Transicion,Cropland,518,Caña de Azúcar,2021-11-01,11,40.81980670647972,55.88844703062268,54.02308213346616
-89.46160601971533,13.835608401294078,2025-08-01,387.09515,0.3319946289062727,,,,,,,,,,,Cropland,518,Caña de Azúcar,2025-08-01,8,,44.95044922041742,35.927749370330865
-89.46160601971533,13.835608401294078,2025-09-01,301.6428,23.8019958496094,0.1591315453384419,-0.4558870709015079,0.7254297047157338,0.5004132914531327,0.7505578973468883,0.3455893254262416,1.0561848663343905,Humedad Moderada,Vegetacion Moderada,Actividad Moderada / Transicion,Cropland,518,Caña de Azúcar,2025-09-01,9,44.95044922041742,9.327476116881542,15.799818759070167
-89.46160601971533,13.835608401294078,2025-10-01,266.8785,1.5440002441406475,0.3204326923076923,-0.5625088892049495,0.51465501547424,0.6436265709156194,0.96536764155883,0.4791975225528477,1.8402275077559465,Humedad Alta / Bosque,Vegetacion Densa / Sana,Alta Actividad Fotosintetica,Cropland,518,Caña de Azúcar,2025-10-01,10,9.327476116881542,50.476655918796865,44.86607597197863
-89.46160601971533,13.835608401294078,2025-11-01,14.7644825,15.149987792968773,-0.0163807558364504,-0.3315872184389732,1.033307107264621,0.2520111640124774,0.3779857178034967,0.1943617854346123,0.4825038880248833,Baja Humedad / Estres,Vegetacion Escasa / Suelo,Clorofila Degradada / Estres Severo,Cropland,518,Caña de Azúcar,2025-11-01,11,50.476655918796865,60.23458777788555,58.28186484564516
-89.45727868907275,14.296414713315224,2020-06-01,197.19447,2.0479980468750227,,,,,,,,,,,Cropland,540,Caña de Azúcar,2020-06-01,6,,31.597540536094893,25.768583246627554
-89.45727868907275,14.296414713315224,2020-07-01,259.0324,18.49801025390628,0.2573773078743885,-0.4679439941046426,0.5906124497991968,0.5182926829268293,0.7773649614175479,0.4147727272727273,1.4174757281553396,Humedad Moderada,Vegetacion Moderada,Alta Actividad Fotosintetica,Cropland,540,Caña de Azúcar,2020-07-01,7,31.597540536094893,24.562306100890602,42.26673860015766
-89.45727868907275,14.296414713315224,2020-08-01,196.492,16.913995361328148,0.3241889312977099,-0.5636619718309859,0.5103584939650514,0.6120226513721504,0.917967332123412,0.5137714753204254,2.1132922041503086,Humedad Alta / Bosque,Vegetacion Densa / Sana,Alta Actividad Fotosintetica,Cropland,540,Caña de Azúcar,2020-08-01,8,24.562306100890602,49.2290055129455,46.96127731500481
-89.45727868907275,14.296414713315224,2020-09-01,252.73837,22.24801025390628,0.0872036600582282,-0.4286755328839497,0.839581739352206,0.4323287671232876,0.6484339329741575,0.3357179356157383,1.0107692307692306,Baja Humedad / Estres,Vegetacion Moderada,Actividad Moderada / Transicion,Cropland,540,Caña de Azúcar,2020-09-01,9,49.2290055129455,13.889117959857064,18.74321983880304
-89.45727868907275,14.296414713315224,2020-10-01,210.17084,0.1220031738281477,0.2466649228354695,-0.5361804995970991,0.6042803189257239,0.5847049044056525,0.876984456819882,0.4664615384615385,1.7485582468281429,Humedad Moderada,Vegetacion Moderada,Alta Actividad Fotosintetica,Cropland,540,Caña de Azúcar,2020-10-01,10,13.889117959857064,49.22056988524809,46.387543803302506
-89.45727868907275,14.296414713315224,2020-11-01,170.96698,12.326013183593773,-0.0360440869824247,-0.3729316928298685,1.0747836835599505,0.333058702368692,0.4995366079703429,0.2374760994263862,0.6228686058174524,Baja Humedad / Estres,Vegetacion Moderada,Actividad Moderada / Transicion,Cropland,540,Caña de Azúcar,2020-11-01,11,49.22056988524809,57.274154787571874,57.001277909804855
-89.42660660619565,14.02568896881832,2023-08-01,223.20262,2.5939880371093977,,,,,,,,,,,Cropland,301,Caña de Azúcar,2023-08-01,8,,30.891055160558217,28.706285367279662
-89.42660660619565,14.02568896881832,2023-09-01,361.33798,0.1780029296875227,0.0383076043453401,-0.4082977898410236,0.9262114537444934,0.4259913623871221,0.6389243301599765,0.3119017518511829,0.9065616797900262,Baja Humedad / Estres,Vegetacion Moderada,Actividad Moderada / Transicion,Cropland,301,Caña de Azúcar,2023-09-01,9,30.891055160558217,28.584682490632346,28.861436564742704
-89.42660660619565,14.02568896881832,2023-10-01,226.74408,0.2600036621093977,0.0676858929812369,-0.4326743752331219,0.8732101015360583,0.4475221405690597,0.6712199717381064,0.3415997205728257,1.0376657824933688,Baja Humedad / Estres,Vegetacion Moderada,Actividad Moderada / Transicion,Cropland,301,Caña de Azúcar,2023-10-01,10,28.584682490632346,10.655420892730309,28.285559608137056
-89.42660660619565,14.02568896881832,2023-11-01,41.60054,0.8860107421875227,0.2959242581688027,-0.563013507867985,0.5433000712758375,0.6231381055676066,0.934639577760104,0.5128723547647931,2.105700055340343,Humedad Moderada,Vegetacion Densa / Sana,Alta Actividad Fotosintetica,Cropland,301,Caña de Azúcar,2023-11-01,11,10.655420892730309,37.77331236560645,34.38762161024682
